timestamp,open,high,low,close,volume
2026-04-21 22:15:00,75275.1,75275.1,75275.1,75275.1,1.3e-05
2026-04-21 22:30:00,75275.1,75275.1,75275.1,75275.1,3.9e-05
2026-04-21 22:45:00,75275.1,75275.1,75275.1,75275.1,2.6e-05
2026-04-21 23:00:00,75275.1,75275.1,75275.1,75275.1,2.6e-05
2026-04-21 23:15:00,75275.1,75344.2,75275.1,75344.2,0.000329
2026-04-21 23:30:00,75344.2,75344.2,75344.2,75344.2,0.00017
2026-04-21 23:45:00,75344.2,75344.2,75344.2,75344.2,1.3e-05
2026-04-22 00:00:00,75344.2,75344.4,74999.6,75344.4,0.091218
2026-04-22 00:15:00,75344.4,78620.0,75344.4,78366.31,380.007169
2026-04-22 00:30:00,78366.31,78620.0,78366.31,78620.0,0.000135
2026-04-22 00:45:00,78620.0,78620.0,78620.0,78620.0,4.8e-05
2026-04-22 01:00:00,78620.0,78620.0,78620.0,78620.0,0.014951
2026-04-22 01:15:00,78620.0,78620.0,78620.0,78620.0,4.8e-05
2026-04-22 01:30:00,78620.0,78620.0,78620.0,78620.0,7.2e-05
2026-04-22 01:45:00,78620.0,106842.68,78620.0,105226.2,1416.845563
2026-04-22 02:00:00,105226.2,106745.9,103649.5,103649.5,0.258654
2026-04-22 02:15:00,103649.5,104066.02,102613.0,102613.0,0.16762
2026-04-22 02:30:00,102613.0,103098.4,101960.0,102262.26,0.056885
2026-04-22 02:45:00,102262.26,102753.6,101576.5,102015.91,0.050315
2026-04-22 03:00:00,102015.91,102283.2,101833.37,101874.4,0.002819
2026-04-22 03:15:00,101874.4,102332.7,101576.5,101608.29,0.029393
2026-04-22 03:30:00,101608.29,102408.8,101608.29,101610.17,0.018434
2026-04-22 03:45:00,101610.17,102408.8,101608.29,102015.91,0.01831
2026-04-22 04:00:00,102015.91,102332.7,101608.29,101608.29,0.018232
2026-04-22 04:15:00,101608.29,102332.7,101608.29,102058.45,0.009229
2026-04-22 04:30:00,102058.45,102508.61,101610.17,102508.61,0.018036
2026-04-22 04:45:00,102508.61,102508.61,98219.4,98960.8,1.094576
2026-04-22 05:00:00,98960.8,99058.55,98063.05,98960.8,0.116027
2026-04-22 05:15:00,98960.8,103300.16,98960.8,102448.0,0.77305
2026-04-22 05:30:00,102448.0,103098.4,102408.8,103098.4,0.00123
2026-04-22 05:45:00,103098.4,103300.16,103098.4,103300.16,0.025209
2026-04-22 06:00:00,103300.16,103300.16,103300.1,103300.16,0.010742
2026-04-22 06:15:00,103300.16,103300.16,103300.1,103300.16,0.017057
2026-04-22 06:30:00,103300.16,103773.39,101960.0,103239.0,0.201691
2026-04-22 06:45:00,103239.0,103239.0,101610.17,103239.0,0.287038
2026-04-22 07:00:00,103239.0,104199.8,77413.2,77758.0,1665.658385
2026-04-22 07:15:00,77758.0,77758.0,77413.2,77758.0,0.313472
2026-04-22 07:30:00,77758.0,77758.0,77758.0,77758.0,0.264325
2026-04-22 07:45:00,77758.0,77758.0,77758.0,77758.0,0.298346
2026-04-22 08:00:00,77758.0,77758.0,77413.2,77413.2,0.42275
2026-04-22 08:15:00,77413.2,77758.0,77413.2,77758.0,0.771246
2026-04-22 08:30:00,77758.0,77758.0,77413.2,77758.0,0.92669
2026-04-22 08:45:00,77758.0,77758.0,77413.3,77758.0,0.057114
2026-04-22 09:00:00,77758.0,77758.0,77413.2,77758.0,0.071285
2026-04-22 09:15:00,77758.0,77758.0,77413.2,77413.2,0.022303
2026-04-22 09:30:00,77413.2,77758.0,77413.2,77758.0,0.040694
2026-04-22 09:45:00,77758.0,77758.0,77758.0,77758.0,0.015518
2026-04-22 10:00:00,77758.0,77758.0,77413.3,77758.0,0.029706
2026-04-22 10:15:00,77758.0,77758.0,77413.3,77758.0,0.016042
2026-04-22 10:30:00,77758.0,77758.0,77413.3,77758.0,0.028739
2026-04-22 10:45:00,77758.0,77758.0,77413.3,77413.3,0.021259
2026-04-22 11:00:00,77413.3,77758.0,77413.3,77758.0,0.001474
2026-04-22 11:15:00,77758.0,77758.0,77758.0,77758.0,0.004876
2026-04-22 11:30:00,77758.0,77758.0,77413.3,77413.3,0.002838
2026-04-22 11:45:00,77413.3,77758.0,77413.2,77413.3,0.118737
2026-04-22 12:00:00,77413.3,77758.0,77413.2,77757.9,0.202613
2026-04-22 12:15:00,77757.9,77758.0,77413.2,77758.0,0.402587
2026-04-22 12:30:00,77758.0,77758.0,77413.2,77757.0,0.387785
2026-04-22 12:45:00,77757.0,77758.0,77413.2,77413.2,0.352712
2026-04-22 13:00:00,77413.2,77758.0,77413.2,77758.0,0.201021
2026-04-22 13:15:00,77758.0,77758.0,77413.2,77757.9,0.977388
2026-04-22 13:30:00,77757.9,77758.0,77413.2,77758.0,0.597123
2026-04-22 13:45:00,77758.0,77758.0,77413.2,77758.0,0.367615
2026-04-22 14:00:00,77758.0,77758.0,77413.2,77758.0,0.117275
2026-04-22 14:15:00,77758.0,77758.0,77413.2,77758.0,1.030199
2026-04-22 14:30:00,77758.0,77758.0,77413.3,77758.0,0.057206
2026-04-22 14:45:00,77758.0,77758.0,77413.2,77758.0,0.125532
2026-04-22 15:00:00,77758.0,77758.0,77413.2,77757.9,0.126415
2026-04-22 15:15:00,77757.9,77758.0,77413.2,77757.0,0.248431
2026-04-22 15:30:00,77757.0,77758.0,77413.2,77413.2,0.140799
2026-04-22 15:45:00,77413.2,77758.0,77413.2,77413.2,0.145357
2026-04-22 16:00:00,77413.2,77758.0,77413.2,77758.0,0.155696
2026-04-22 16:15:00,77758.0,77758.0,77413.2,77758.0,0.083099
2026-04-22 16:30:00,77758.0,77758.0,77413.2,77758.0,0.146254
2026-04-22 16:45:00,77758.0,77758.0,77413.2,77758.0,0.080739
2026-04-22 17:00:00,77758.0,77758.0,77413.2,77757.9,0.007466
2026-04-22 17:15:00,77757.9,77758.0,77413.2,77758.0,0.08568
2026-04-22 17:30:00,77758.0,77758.0,77413.2,77758.0,0.230284
2026-04-22 17:45:00,77758.0,77758.0,77413.2,77413.2,6.792993
2026-04-22 18:00:00,77413.2,77757.9,77413.2,77757.9,0.086593
2026-04-22 18:15:00,77757.9,77757.9,77413.2,77757.9,0.094977
2026-04-22 18:30:00,77757.9,77757.9,77413.2,77757.9,0.008631
2026-04-22 18:45:00,77757.9,77757.9,77413.2,77757.9,0.145222
2026-04-22 19:00:00,77757.9,77757.9,77413.2,77757.9,0.087586
2026-04-22 19:15:00,77757.9,77757.9,77413.2,77757.9,0.043602
2026-04-22 19:30:00,77757.9,77757.9,77413.2,77413.2,0.138214
2026-04-22 19:45:00,77413.2,77757.9,77413.2,77757.9,0.020016
2026-04-22 20:00:00,77757.9,77757.9,77413.2,77757.9,0.154279
2026-04-22 20:15:00,77757.9,77757.9,77413.2,77757.9,0.277955
2026-04-22 20:30:00,77757.9,77757.9,77413.2,77757.9,0.012464
2026-04-22 20:45:00,77757.9,77757.9,77413.2,77757.9,0.026969
2026-04-22 21:00:00,77757.9,77757.9,77757.9,77757.9,0.001346
2026-04-22 21:15:00,77757.9,77757.9,77413.2,77757.9,0.00462
2026-04-22 21:30:00,77757.9,77757.9,77757.9,77757.9,0.002119
2026-04-22 21:45:00,77757.9,77757.9,77757.9,77757.9,0.000562
2026-04-22 22:00:00,77757.9,77757.9,77485.7,77757.9,0.012348
2026-04-22 22:15:00,77757.9,77757.9,77413.2,77757.9,0.022424
2026-04-22 22:30:00,77757.9,77757.9,77413.2,77757.9,0.144177
2026-04-22 22:45:00,77757.9,77757.9,77413.2,77757.9,0.171228
2026-04-22 23:00:00,77757.9,77757.9,77413.2,77757.9,0.108366
2026-04-22 23:15:00,77757.9,77757.9,77413.2,77757.9,0.158483
2026-04-22 23:30:00,77757.9,77757.9,77413.2,77757.9,0.20308
2026-04-22 23:45:00,77757.9,77757.9,77413.2,77757.9,0.076492
2026-04-23 00:00:00,77757.9,77757.9,77413.2,77757.9,0.174194
2026-04-23 00:15:00,77757.9,77757.9,77413.2,77757.9,0.159628
2026-04-23 00:30:00,77757.9,77757.9,77413.2,77757.9,0.012496
2026-04-23 00:45:00,77757.9,77757.9,77757.9,77757.9,1.2e-05
2026-04-23 01:00:00,77757.9,77757.9,77757.9,77757.9,0.014964
2026-04-23 01:15:00,77757.9,77757.9,77413.2,77413.2,0.07343
2026-04-23 01:30:00,77413.2,77757.9,77413.2,77757.9,0.151559
2026-04-23 01:45:00,77757.9,77757.9,77413.2,77757.9,0.133875
2026-04-23 02:00:00,77757.9,77757.9,77413.2,77757.9,0.006058
2026-04-23 02:15:00,77757.9,77757.9,77757.9,77757.9,0.025719
2026-04-23 02:30:00,77757.9,77930.4,77585.6,77585.6,20.937781
2026-04-23 02:45:00,77585.6,78102.8,77413.2,77758.0,107.94475
2026-04-23 03:00:00,77758.0,78275.2,77585.6,77585.6,111.490049
2026-04-23 03:15:00,77585.6,78102.8,77240.8,77585.6,135.010651
2026-04-23 03:30:00,77585.6,77930.4,77240.8,77629.1,121.002261
2026-04-23 03:45:00,77629.1,78102.8,77240.8,77585.6,110.770565
2026-04-23 04:00:00,77585.6,78275.2,77240.8,77930.4,100.610166
2026-04-23 04:15:00,77930.4,78275.2,77413.2,77758.0,101.417466
2026-04-23 04:30:00,77758.0,78275.2,77585.6,77867.7,108.872773
2026-04-23 04:45:00,77867.7,78275.2,77413.2,77930.4,108.434537
2026-04-23 05:00:00,77930.4,78275.2,77930.4,77930.4,1.265387
2026-04-23 05:15:00,77930.4,78275.2,77930.4,77930.4,0.145233
2026-04-23 05:30:00,77930.4,78275.2,77930.4,78275.2,0.158346
2026-04-23 05:45:00,78275.2,78275.2,77930.4,78275.2,0.05662
2026-04-23 06:00:00,78275.2,78275.2,77930.4,78275.2,0.043591
2026-04-23 06:15:00,78275.2,78275.2,77930.4,78275.2,0.072109
2026-04-23 06:30:00,78275.2,78275.2,77930.4,78275.2,0.03651
2026-04-23 06:45:00,78275.2,78275.2,77758.0,78102.8,4.080431
2026-04-23 07:00:00,78102.8,78102.8,77758.0,77758.0,0.047072
2026-04-23 07:15:00,77758.0,78102.7,77758.0,78102.7,0.030329
2026-04-23 07:30:00,78102.7,78102.7,78102.7,78102.7,0.002692
2026-04-23 07:45:00,78102.7,78102.7,77758.0,77758.0,0.056464
2026-04-23 08:00:00,77758.0,78102.7,77758.0,78102.7,0.080221
2026-04-23 08:15:00,78102.7,78275.2,77585.6,77986.6,104.585304
2026-04-23 08:30:00,77986.6,78275.2,77413.2,77758.0,62.026094
2026-04-23 08:45:00,77758.0,77930.4,77413.2,77855.8,21.121985
2026-04-23 09:00:00,77855.8,77930.4,77585.6,77585.6,8.41054
2026-04-23 09:15:00,77585.6,77930.4,77585.6,77585.6,7.064729
2026-04-23 09:30:00,77585.6,78102.7,77585.6,77758.0,8.281418
2026-04-23 09:45:00,77758.0,78102.7,77758.0,77758.0,6.440379
2026-04-23 10:00:00,77758.0,78102.8,77758.0,77758.0,5.578976
2026-04-23 10:15:00,77758.0,78102.8,77585.6,77585.6,5.04514
2026-04-23 10:30:00,77585.6,77930.4,77413.2,77413.2,6.12872
2026-04-23 10:45:00,77413.2,77758.0,77413.2,77413.2,5.274115
2026-04-23 11:00:00,77413.2,77758.0,77413.2,77413.2,3.221791
2026-04-23 11:15:00,77413.2,77758.0,77413.2,77467.5,4.011708
2026-04-23 11:30:00,77467.5,77758.0,77413.2,77413.2,6.740267
2026-04-23 11:45:00,77413.2,77758.0,77413.2,77413.2,5.864364
2026-04-23 12:00:00,77413.2,77758.0,77413.2,77413.2,7.970969
2026-04-23 12:15:00,77413.2,77758.0,77413.2,77758.0,4.891493
2026-04-23 12:30:00,77758.0,77758.0,77240.8,77585.6,6.363892
2026-04-23 12:45:00,77585.6,77585.6,77240.8,77585.6,8.806927
2026-04-23 13:00:00,77585.6,77758.0,77240.8,77719.3,10.418687
2026-04-23 13:15:00,77719.3,77758.0,77413.2,77600.0,5.142164
2026-04-23 13:30:00,77600.0,77758.0,77413.2,77758.0,5.518444
2026-04-23 13:45:00,77758.0,77930.4,77413.2,77585.6,10.593861
2026-04-23 14:00:00,77585.6,77930.4,77585.6,77585.6,11.552878
2026-04-23 14:15:00,77585.6,77930.4,77413.2,77413.2,12.420994
2026-04-23 14:30:00,77413.2,77758.0,77413.2,77758.0,10.320435
2026-04-23 14:45:00,77758.0,77930.4,77413.3,77930.4,9.628619
2026-04-23 15:00:00,77930.4,77930.4,77930.4,77930.4,0.081549
2026-04-23 15:15:00,77930.4,77930.4,77930.4,77930.4,0.076102
2026-04-23 15:30:00,77930.4,77930.4,77585.6,77930.4,0.592432
2026-04-23 15:45:00,77930.4,77930.4,77930.4,77930.4,0.081793
2026-04-23 16:00:00,77930.4,77930.4,77585.6,77930.4,0.45196
2026-04-23 16:15:00,77930.4,77930.4,77585.7,77930.4,0.076962
2026-04-23 16:30:00,77930.4,77930.4,77930.4,77930.4,0.09953
2026-04-23 16:45:00,77930.4,77930.4,77930.4,77930.4,0.091857
2026-04-23 17:00:00,77930.4,77930.4,77585.6,77930.4,0.102427
2026-04-23 17:15:00,77930.4,77930.4,77930.4,77930.4,0.081921
2026-04-23 17:30:00,77930.4,77930.4,77930.4,77930.4,0.109894
2026-04-23 17:45:00,77930.4,77930.4,77930.4,77930.4,0.07623
2026-04-23 18:00:00,77930.4,77930.4,77930.4,77930.4,0.100378
2026-04-23 18:15:00,77930.4,77930.4,77585.6,77930.4,0.099466
2026-04-23 18:30:00,77930.4,77930.4,77930.4,77930.4,0.081561
2026-04-23 18:45:00,77930.4,77930.4,77850.6,77850.6,0.07615
2026-04-23 19:00:00,77850.6,77930.4,77705.5,77930.4,0.081549
2026-04-23 19:15:00,77930.4,77930.4,77585.7,77930.4,0.086665
2026-04-23 19:30:00,77930.4,77930.4,77585.7,77585.7,0.207652
2026-04-23 19:45:00,77585.7,77930.4,77585.7,77930.4,0.083339
2026-04-23 20:00:00,77930.4,77930.4,77803.8,77930.4,0.081549
2026-04-23 20:15:00,77930.4,77930.4,77585.6,77930.4,2.219236
2026-04-23 20:30:00,77930.4,77930.4,77816.3,77930.4,0.101916
2026-04-23 20:45:00,77930.4,77930.4,77585.7,77930.4,0.098341
2026-04-23 21:00:00,77930.4,77930.4,77657.6,77930.4,0.081931
2026-04-23 21:15:00,77930.4,77930.4,77585.7,77930.4,0.078102
2026-04-23 21:30:00,77930.4,77930.4,77930.4,77930.4,0.120695
2026-04-23 21:45:00,77930.4,77930.4,77585.6,77930.4,0.691423
2026-04-23 22:00:00,77930.4,77930.4,77930.4,77930.4,0.141491
2026-04-23 22:15:00,77930.4,77930.4,77930.4,77930.4,0.076102
2026-04-23 22:30:00,77930.4,77930.4,77585.6,77930.4,1.322304
2026-04-23 22:45:00,77930.4,77930.4,77930.4,77930.4,0.081677
2026-04-23 23:00:00,77930.4,77930.4,77585.6,77930.2,5.386504
2026-04-23 23:15:00,77930.2,77930.4,77585.7,77930.4,0.084112
2026-04-23 23:30:00,77930.4,77930.4,77930.4,77930.4,0.081689
2026-04-23 23:45:00,77930.4,77930.4,77930.4,77930.4,0.315748
2026-04-24 00:00:00,77930.4,77930.4,77930.4,77930.4,0.152751
2026-04-24 00:15:00,77930.4,77930.4,77930.4,77930.4,0.15017
2026-04-24 00:30:00,77930.4,77930.4,77930.4,77930.4,2.540293
2026-04-24 00:45:00,77930.4,77930.4,77774.5,77930.4,0.076556
2026-04-24 01:00:00,77930.4,77930.4,77930.4,77930.4,0.098625
2026-04-24 01:15:00,77930.4,77930.4,77930.4,77930.4,0.081921
2026-04-24 01:30:00,77930.4,77930.4,77930.4,77930.4,0.076254
2026-04-24 01:45:00,77930.4,77930.4,77930.4,77930.4,1.2e-05
2026-04-24 02:00:00,77930.4,77930.4,77930.4,77930.4,0.000152
2026-04-24 02:15:00,77930.4,77930.4,77930.4,77930.4,0.000396
2026-04-24 02:30:00,77930.4,77930.4,77930.4,77930.4,0.001447
2026-04-24 02:45:00,77930.4,77930.4,77774.5,77774.5,0.000693
2026-04-24 03:00:00,77774.5,78447.6,66266.4,66564.8,1500.743359
2026-04-24 03:15:00,66564.8,66564.8,66465.2,66564.8,0.65597
2026-04-24 03:30:00,66564.8,66714.0,66266.4,66714.0,27.424286
2026-04-24 03:45:00,66714.0,67310.8,66415.7,67310.8,98.451868
2026-04-24 04:00:00,67310.8,67907.6,67012.5,67907.6,79.569777
2026-04-24 04:15:00,67907.6,68504.4,67609.3,68504.4,81.517668
2026-04-24 04:30:00,68504.4,69101.2,68206.1,69101.2,87.824499
2026-04-24 04:45:00,69101.2,69847.2,68802.9,69847.2,112.796362
2026-04-24 05:00:00,69847.2,70689.6,69807.0,70689.6,102.776626
2026-04-24 05:15:00,70689.6,71379.2,70344.9,71379.2,89.440466
2026-04-24 05:30:00,71379.2,71896.4,71034.5,71896.4,74.521502
2026-04-24 05:45:00,71896.4,72586.0,71551.7,72586.0,82.701678
2026-04-24 06:00:00,72586.0,73448.0,72586.0,73448.0,96.267777
2026-04-24 06:15:00,73448.0,74310.0,73448.0,74310.0,111.762583
2026-04-24 06:30:00,74310.0,74999.6,74137.7,74999.6,90.244084
2026-04-24 06:45:00,74999.6,75861.6,74827.2,75861.6,101.294179
2026-04-24 07:00:00,75861.6,76551.2,75689.3,76551.2,99.742972
2026-04-24 07:15:00,76551.2,77585.6,76551.2,77585.6,109.501181
2026-04-24 07:30:00,77585.6,77758.0,77240.8,77651.6,99.478349
2026-04-24 07:45:00,77651.6,77930.4,77413.2,77758.0,79.897079
2026-04-24 08:00:00,77758.0,77758.0,77413.2,77413.2,0.480203
2026-04-24 08:15:00,77413.2,77658.5,77413.2,77658.5,0.007619
2026-04-24 08:30:00,77658.5,77658.5,77413.2,77413.2,1.001785
2026-04-24 08:45:00,77413.2,77658.5,77413.2,77658.5,0.001699
2026-04-24 09:00:00,77658.5,77758.0,77658.5,77758.0,0.037491
2026-04-24 09:15:00,77758.0,77758.0,77488.9,77758.0,0.000365
2026-04-24 09:30:00,77758.0,77758.0,77488.9,77758.0,0.013456
2026-04-24 09:45:00,77758.0,77758.0,77488.9,77488.9,0.000505
2026-04-24 10:00:00,77488.9,77758.0,77488.9,77488.9,0.001602
2026-04-24 10:15:00,77488.9,77758.0,77488.9,77758.0,0.001188
2026-04-24 10:30:00,77758.0,77758.0,77488.9,77758.0,0.000328
2026-04-24 10:45:00,77758.0,77758.0,77758.0,77758.0,0.004689
2026-04-24 11:00:00,77758.0,77758.0,77758.0,77758.0,0.001408
2026-04-24 11:15:00,77758.0,77758.0,77413.2,77721.6,0.042274
2026-04-24 11:30:00,77721.6,77758.0,77721.6,77758.0,0.000548
2026-04-24 11:45:00,77758.0,77758.0,77413.2,77758.0,0.9998
2026-04-24 12:00:00,77758.0,77758.0,77413.2,77758.0,0.409988
2026-04-24 12:15:00,77758.0,77758.0,77413.2,77721.6,0.01009
2026-04-24 12:30:00,77721.6,77758.0,77721.6,77758.0,0.001748
2026-04-24 12:45:00,77758.0,77758.0,77413.2,77758.0,1.001521
2026-04-24 13:00:00,77758.0,77758.0,77413.2,77758.0,0.493502
2026-04-24 13:15:00,77758.0,77758.0,77240.8,77585.6,1.35594
2026-04-24 13:30:00,77585.6,77585.6,77240.8,77585.6,0.616116
2026-04-24 13:45:00,77585.6,77585.6,77240.8,77585.6,0.069062
2026-04-24 14:00:00,77585.6,77585.6,77240.9,77488.9,0.021093
2026-04-24 14:15:00,77488.9,77529.4,77488.9,77529.4,4.8e-05
2026-04-24 14:30:00,77529.4,77529.4,77529.4,77529.4,0.00134
2026-04-24 14:45:00,77529.4,77566.4,77529.4,77566.4,0.002055
2026-04-24 15:00:00,77566.4,77585.5,77566.4,77585.5,0.002611
2026-04-24 15:15:00,77585.5,77585.6,77585.5,77585.6,0.000176
2026-04-24 15:30:00,77585.6,77585.6,77566.4,77585.6,0.005174
2026-04-24 15:45:00,77585.6,77585.6,77566.4,77585.6,0.004305
2026-04-24 16:00:00,77585.6,77585.6,77585.6,77585.6,0.000317
2026-04-24 16:15:00,77585.6,77585.6,77470.6,77529.4,0.00668
2026-04-24 16:30:00,77529.4,77529.4,77240.8,77529.4,1.000176
2026-04-24 16:45:00,77529.4,77529.4,77529.4,77529.4,0.000433
2026-04-24 17:00:00,77529.4,77529.4,77529.4,77529.4,0.000164
2026-04-24 17:15:00,77529.4,77585.6,77529.4,77585.6,0.164588
2026-04-24 17:30:00,77585.6,77585.6,77585.6,77585.6,0.056725
2026-04-24 17:45:00,77585.6,77585.6,77585.6,77585.6,0.000176
2026-04-24 18:00:00,77585.6,77585.6,77585.6,77585.6,0.00028
2026-04-24 18:15:00,77585.6,77585.6,77585.6,77585.6,0.000573
2026-04-24 18:30:00,77585.6,77585.6,77585.6,77585.6,0.000744
2026-04-24 18:45:00,77585.6,77585.6,77470.6,77585.6,0.000489
2026-04-24 19:00:00,77585.6,77585.6,77470.6,77585.6,0.000284
2026-04-24 19:15:00,77585.6,77585.6,77240.9,77489.0,0.01401
2026-04-24 19:30:00,77489.0,77585.6,77256.9,77566.4,0.010977
2026-04-24 19:45:00,77566.4,77585.6,77470.6,77566.4,0.020671
2026-04-24 20:00:00,77566.4,77566.4,77566.4,77566.4,2.4e-05
2026-04-24 20:15:00,77566.4,77566.4,77566.4,77566.4,4.8e-05
2026-04-24 20:30:00,77566.4,77566.4,77240.8,77488.9,1.000165
2026-04-24 20:45:00,77488.9,77529.4,77240.8,77529.4,1.00169
2026-04-24 21:00:00,77529.4,77529.4,77256.9,77529.4,0.000124
2026-04-24 21:15:00,77529.4,77585.5,77256.9,77585.5,0.005821
2026-04-24 21:30:00,77585.5,77585.5,77585.5,77585.5,0.009893
2026-04-24 21:45:00,77585.5,77585.6,77240.8,77566.4,0.187745
2026-04-24 22:00:00,77566.4,77566.4,77566.4,77566.4,8.8e-05
2026-04-24 22:15:00,77566.4,77566.4,77566.4,77566.4,4.8e-05
2026-04-24 22:30:00,77566.4,77566.4,77566.4,77566.4,3.6e-05
2026-04-24 22:45:00,77566.4,77585.5,77566.4,77585.5,0.001349
2026-04-24 23:00:00,77585.5,77585.5,77585.5,77585.5,2.4e-05
2026-04-24 23:15:00,77585.5,77585.5,77585.5,77585.5,0.004964
2026-04-24 23:30:00,77585.5,77585.5,77566.3,77585.5,0.001036
2026-04-24 23:45:00,77585.5,77585.5,77585.5,77585.5,0.001928
2026-04-25 00:00:00,77585.5,77585.5,77470.6,77585.5,0.001321
2026-04-25 00:15:00,77585.5,77585.5,77585.5,77585.5,4.8e-05
2026-04-25 00:30:00,77585.5,77585.5,77585.5,77585.5,3.6e-05
2026-04-25 00:45:00,77585.5,77585.5,77585.5,77585.5,0.000305
2026-04-25 01:00:00,77585.5,77585.5,77585.5,77585.5,0.015019
2026-04-25 01:15:00,77585.5,77585.5,77585.5,77585.5,4.8e-05
2026-04-25 01:30:00,77585.5,77585.5,77585.5,77585.5,3.6e-05
2026-04-25 01:45:00,77585.5,77585.5,77585.5,77585.5,4.8e-05
2026-04-25 02:00:00,77585.5,77585.5,77585.5,77585.5,2.4e-05
2026-04-25 02:15:00,77585.5,77585.5,77585.5,77585.5,0.000176
2026-04-25 02:30:00,77585.5,77585.5,77585.5,77585.5,0.000164
2026-04-25 02:45:00,77585.5,77585.5,77582.0,77582.0,0.013126
2026-04-25 03:00:00,77582.0,77582.0,77572.1,77572.1,0.001441
2026-04-25 03:15:00,77572.1,77572.1,77470.6,77572.1,0.001463
2026-04-25 03:30:00,77572.1,77572.1,77240.8,77521.2,0.944125
2026-04-25 03:45:00,77521.2,77521.2,77248.7,77488.9,0.019548
2026-04-25 04:00:00,77488.9,77488.9,77248.7,77488.9,0.006846
2026-04-25 04:15:00,77488.9,77488.9,77256.9,77488.9,0.000148
2026-04-25 04:30:00,77488.9,77488.9,77248.7,77248.7,0.019636
2026-04-25 04:45:00,77248.7,77280.1,77248.7,77280.1,0.000406
2026-04-25 05:00:00,77280.1,77280.1,77248.7,77280.1,0.000124
2026-04-25 05:15:00,77280.1,77280.1,77248.7,77280.1,0.000148
2026-04-25 05:30:00,77280.1,77280.1,77248.7,77280.1,0.000136
2026-04-25 05:45:00,77280.1,77280.1,77248.7,77280.1,0.013099
2026-04-25 06:00:00,77280.1,77280.1,77248.7,77280.1,0.002056
2026-04-25 06:15:00,77280.1,77280.1,77248.7,77280.1,0.012258
2026-04-25 06:30:00,77280.1,77280.1,77248.7,77280.1,0.00239
2026-04-25 06:45:00,77280.1,77280.1,77248.7,77280.1,0.00115
2026-04-25 07:00:00,77280.1,77280.1,77248.7,77280.1,0.007816
2026-04-25 07:15:00,77280.1,77280.1,77248.7,77280.1,0.001329
2026-04-25 07:30:00,77280.1,77280.1,77248.7,77280.1,0.05494
2026-04-25 07:45:00,77280.1,77280.1,77248.7,77280.1,0.111513
2026-04-25 08:00:00,77280.1,77280.1,77248.7,77280.1,0.000575
2026-04-25 08:15:00,77280.1,77280.1,77248.7,77280.1,0.126647
2026-04-25 08:30:00,77280.1,77280.1,77248.7,77280.1,0.015993
2026-04-25 08:45:00,77280.1,77280.1,77248.7,77280.1,0.001029
2026-04-25 09:00:00,77280.1,77280.1,77248.7,77280.1,0.000547
2026-04-25 09:15:00,77280.1,77280.1,77248.7,77280.1,0.117439
2026-04-25 09:30:00,77280.1,77280.1,77248.7,77280.1,0.015539
2026-04-25 09:45:00,77280.1,77280.1,77248.7,77280.1,0.00138
2026-04-25 10:00:00,77280.1,77280.1,77240.8,77280.1,1.024891
2026-04-25 10:15:00,77280.1,77280.1,77240.8,77280.1,0.024517
2026-04-25 10:30:00,77280.1,77280.1,77240.8,77280.1,0.047375
2026-04-25 10:45:00,77280.1,77280.1,77240.8,77280.1,0.03486
2026-04-25 11:00:00,77280.1,77280.1,77240.8,77280.1,0.000485
2026-04-25 11:15:00,77280.1,77280.1,77240.8,77280.1,0.010853
2026-04-25 11:30:00,77280.1,77280.1,77240.8,77280.1,0.047707
2026-04-25 11:45:00,77280.1,77280.1,77240.8,77280.1,0.259591
2026-04-25 12:00:00,77280.1,77280.1,77240.8,77280.1,0.000253
2026-04-25 12:15:00,77280.1,77280.1,77240.8,77280.1,0.00016
2026-04-25 12:30:00,77280.1,77280.1,77240.8,77280.1,0.00233
2026-04-25 12:45:00,77280.1,77280.1,77240.8,77280.1,0.001815
2026-04-25 13:00:00,77280.1,77280.1,77240.8,77280.1,0.000124
2026-04-25 13:15:00,77280.1,77280.1,77240.8,77280.1,0.000185
2026-04-25 13:30:00,77280.1,77280.1,77240.8,77280.1,0.000136
2026-04-25 13:45:00,77280.1,77280.1,77240.8,77240.8,0.49029
2026-04-25 14:00:00,77240.8,77280.1,77240.8,77280.1,0.005589
2026-04-25 14:15:00,77280.1,77280.1,77240.8,77280.1,0.000148
2026-04-25 14:30:00,77280.1,77280.1,77240.8,77280.1,0.098259
2026-04-25 14:45:00,77280.1,77280.1,77240.8,77280.1,0.001822
2026-04-25 15:00:00,77280.1,77280.1,77240.8,77240.8,1.000508
2026-04-25 15:15:00,77240.8,77280.1,77240.8,77280.1,1.00168
2026-04-25 15:30:00,77280.1,77280.1,77240.8,77280.1,0.008285
2026-04-25 15:45:00,77280.1,77280.1,77240.8,77280.1,0.001099
2026-04-25 16:00:00,77280.1,77280.1,77240.8,77240.8,0.002195
2026-04-25 16:15:00,77240.8,77280.1,77240.8,77240.8,0.000404
2026-04-25 16:30:00,77240.8,77280.1,77240.8,77240.8,0.002004
2026-04-25 16:45:00,77240.8,77280.1,77240.8,77280.1,0.003158
2026-04-25 17:00:00,77280.1,77280.1,77240.8,77240.8,0.000213
2026-04-25 17:15:00,77240.8,77280.1,77240.8,77280.1,0.000148
2026-04-25 17:30:00,77280.1,77280.1,77240.8,77280.1,0.000361
2026-04-25 17:45:00,77280.1,77280.1,77280.1,77280.1,4.8e-05
2026-04-25 18:00:00,77280.1,77280.1,77240.8,77280.1,0.000302
2026-04-25 18:15:00,77280.1,77280.1,77240.8,77240.8,0.002448
2026-04-25 18:30:00,77240.8,77280.1,77240.8,77280.1,0.000265
2026-04-25 18:45:00,77280.1,77280.1,77240.8,77280.1,0.000248
2026-04-25 19:00:00,77280.1,77280.1,77280.1,77280.1,2.4e-05
2026-04-25 19:15:00,77280.1,77287.8,77240.8,77287.8,0.010032
2026-04-25 19:30:00,77287.8,77287.8,77240.8,77240.8,0.037067
2026-04-25 19:45:00,77240.8,77287.8,77240.8,77287.8,0.000436
2026-04-25 20:00:00,77287.8,77287.8,77240.8,77287.8,0.000515
2026-04-25 20:15:00,77287.8,77287.8,77287.8,77287.8,0.000306
2026-04-25 20:30:00,77287.8,77287.8,77240.8,77240.8,0.002616
2026-04-25 20:45:00,77240.8,77287.8,77240.8,77287.8,0.000406
2026-04-25 21:00:00,77287.8,77287.8,77287.8,77287.8,2.4e-05
2026-04-25 21:15:00,77287.8,77287.8,77240.8,77287.8,0.003048
2026-04-25 21:30:00,77287.8,77287.8,77287.8,77287.8,0.062105
2026-04-25 21:45:00,77287.8,77287.8,77287.8,77287.8,4.8e-05
2026-04-25 22:00:00,77287.8,77287.8,77287.8,77287.8,2.4e-05
2026-04-25 22:15:00,77287.8,77287.8,77287.8,77287.8,4.8e-05
2026-04-25 22:30:00,77287.8,77419.8,77287.8,77419.8,0.097006
2026-04-25 22:45:00,77419.8,77434.9,77419.8,77434.9,0.017491
2026-04-25 23:00:00,77434.9,77434.9,77434.9,77434.9,0.000153
2026-04-25 23:15:00,77434.9,77434.9,77431.6,77431.6,0.012551
2026-04-25 23:30:00,77431.6,77434.9,77431.6,77434.9,0.001966
2026-04-25 23:45:00,77434.9,77434.9,77434.9,77434.9,0.000177
2026-04-26 00:00:00,77434.9,77585.5,77434.5,77585.5,2.275739
2026-04-26 00:15:00,77585.5,77585.5,77585.5,77585.5,0.000176
2026-04-26 00:30:00,77585.5,77585.5,77585.5,77585.5,0.000164
2026-04-26 00:45:00,77585.5,77585.5,77585.5,77585.5,0.000603
2026-04-26 01:00:00,77585.5,77585.6,77585.5,77585.6,0.062872
2026-04-26 01:15:00,77585.6,77585.6,77585.6,77585.6,0.000562
2026-04-26 01:30:00,77585.6,77585.6,77585.6,77585.6,0.000164
2026-04-26 01:45:00,77585.6,77585.6,77585.6,77585.6,0.032066
2026-04-26 02:00:00,77585.6,77585.6,77585.6,77585.6,0.000152
2026-04-26 02:15:00,77585.6,77585.6,77585.6,77585.6,0.000176
2026-04-26 02:30:00,77585.6,77585.6,77585.6,77585.6,0.000164
2026-04-26 02:45:00,77585.6,77585.6,77585.6,77585.6,0.000237
2026-04-26 03:00:00,77585.6,77585.6,77585.6,77585.6,0.001568
2026-04-26 03:15:00,77585.6,77585.6,77585.6,77585.6,0.001464
2026-04-26 03:30:00,77585.6,77585.6,77585.6,77585.6,0.000176
2026-04-26 03:45:00,77585.6,77585.6,77585.6,77585.6,0.000176
2026-04-26 04:00:00,77585.6,77585.6,77585.6,77585.6,0.006865
2026-04-26 04:15:00,77585.6,77585.6,77585.6,77585.6,0.000176
2026-04-26 04:30:00,77585.6,77585.6,77585.6,77585.6,0.000164
2026-04-26 04:45:00,77585.6,77585.6,77585.6,77585.6,0.000622
2026-04-26 05:00:00,77585.6,77585.6,77585.6,77585.6,0.10916
2026-04-26 05:15:00,77585.6,77585.6,77582.6,77585.6,0.026134
2026-04-26 05:30:00,77585.6,77585.6,77585.6,77585.6,0.001781
2026-04-26 05:45:00,77585.6,77585.6,77582.6,77585.6,0.023226
2026-04-26 06:00:00,77585.6,77585.6,77240.8,77585.5,0.998434
2026-04-26 06:15:00,77585.5,77585.5,77585.5,77585.5,0.006786
2026-04-26 06:30:00,77585.5,77585.5,77585.5,77585.5,0.000164
2026-04-26 06:45:00,77585.5,77585.5,77585.5,77585.5,0.000212
2026-04-26 07:00:00,77585.5,77585.5,77585.5,77585.5,0.003126
2026-04-26 07:15:00,77585.5,77585.5,77585.5,77585.5,0.000201
2026-04-26 07:30:00,77585.5,77585.6,77240.8,77488.9,0.689946
2026-04-26 07:45:00,77488.9,77585.5,77488.9,77585.5,0.003974
2026-04-26 08:00:00,77585.5,77585.5,77488.9,77585.5,0.00631
2026-04-26 08:15:00,77585.5,77585.5,77585.5,77585.5,0.000226
2026-04-26 08:30:00,77585.5,77585.6,77585.5,77585.6,0.007608
2026-04-26 08:45:00,77585.6,77585.6,77585.6,77585.6,0.000687
2026-04-26 09:00:00,77585.6,77585.6,77488.9,77585.6,0.001088
2026-04-26 09:15:00,77585.6,77585.6,77585.6,77585.6,0.000201
2026-04-26 09:30:00,77585.6,77585.6,77488.9,77585.6,0.01352
2026-04-26 09:45:00,77585.6,77585.6,77585.6,77585.6,0.0006
2026-04-26 10:00:00,77585.6,77585.6,77488.9,77585.6,0.130903
2026-04-26 10:15:00,77585.6,77585.6,77334.2,77585.6,0.001032
2026-04-26 10:30:00,77585.6,77585.6,77585.6,77585.6,0.000164
2026-04-26 10:45:00,77585.6,77585.6,77585.6,77585.6,0.004699
2026-04-26 11:00:00,77585.6,77585.6,77585.6,77585.6,0.00028
2026-04-26 11:15:00,77585.6,77585.6,77240.8,77585.5,0.026192
2026-04-26 11:30:00,77585.5,77585.5,77585.5,77585.5,0.00937
2026-04-26 11:45:00,77585.5,77585.6,77585.5,77585.6,0.009266
2026-04-26 12:00:00,77585.6,77585.6,77510.9,77585.6,0.002032
2026-04-26 12:15:00,77585.6,77585.6,77585.6,77585.6,6e-05
2026-04-26 12:30:00,77585.6,77585.6,77499.4,77585.6,0.000751
2026-04-26 12:45:00,77585.6,77585.6,77585.6,77585.6,0.00046
2026-04-26 13:00:00,77585.6,77585.6,77585.6,77585.6,3.6e-05
2026-04-26 13:15:00,77585.6,77585.6,77240.8,77566.4,0.070505
2026-04-26 13:30:00,77566.4,77566.4,77256.9,77566.4,0.000136
2026-04-26 13:45:00,77566.4,77566.4,77256.9,77566.4,0.000289
2026-04-26 14:00:00,77566.4,77585.5,77240.8,77489.0,0.124049
2026-04-26 14:15:00,77489.0,77585.5,77256.9,77585.5,0.002596
2026-04-26 14:30:00,77585.5,77585.5,77240.8,77585.5,0.02191
2026-04-26 14:45:00,77585.5,77585.5,77585.5,77585.5,0.010392
2026-04-26 15:00:00,77585.5,77585.6,77240.8,77240.8,1.010517
2026-04-26 15:15:00,77240.8,77566.4,77240.8,77566.4,0.001443
2026-04-26 15:30:00,77566.4,77566.4,77566.4,77566.4,3.6e-05
2026-04-26 15:45:00,77566.4,77566.4,77240.8,77326.6,0.021204
2026-04-26 16:00:00,77326.6,77566.4,77256.9,77566.4,0.000289
2026-04-26 16:15:00,77566.4,77566.4,77566.4,77566.4,4.8e-05
2026-04-26 16:30:00,77566.4,77585.5,77240.8,77566.4,0.020713
2026-04-26 16:45:00,77566.4,77585.5,77566.4,77566.4,0.00046
2026-04-26 17:00:00,77566.4,77566.4,77566.4,77566.4,3.6e-05
2026-04-26 17:15:00,77566.4,77566.4,77240.8,77566.4,0.019548
2026-04-26 17:30:00,77566.4,77566.4,77566.4,77566.4,0.000228
2026-04-26 17:45:00,77566.4,77566.4,77566.4,77566.4,4.8e-05
2026-04-26 18:00:00,77566.4,77585.5,77240.8,77585.5,0.02384
2026-04-26 18:15:00,77585.5,77585.5,77240.8,77334.2,0.03553
2026-04-26 18:30:00,77334.2,77585.5,77240.8,77566.4,0.143016
2026-04-26 18:45:00,77566.4,77585.5,77240.8,77566.5,0.405024
2026-04-26 19:00:00,77566.5,77585.6,77334.2,77585.6,0.026719
2026-04-26 19:15:00,77585.6,77585.6,77240.9,77566.4,0.025263
2026-04-26 19:30:00,77566.4,77585.6,77334.2,77334.2,0.023202
2026-04-26 19:45:00,77334.2,77585.6,77240.8,77585.6,0.090519
2026-04-26 20:00:00,77585.6,77585.6,77240.9,77585.6,0.026301
2026-04-26 20:15:00,77585.6,77585.6,77240.9,77585.6,0.040457
2026-04-26 20:30:00,77585.6,77585.6,77566.4,77585.6,0.003005
2026-04-26 20:45:00,77585.6,77585.6,77334.2,77585.6,0.003223
2026-04-26 21:00:00,77585.6,77585.6,77240.8,77585.5,0.02342
2026-04-26 21:15:00,77585.5,78102.8,77256.9,78000.0,60.064591
2026-04-26 21:30:00,78000.0,78102.8,78000.0,78000.0,0.356368
2026-04-26 21:45:00,78000.0,78102.8,78000.0,78000.0,0.839239
2026-04-26 22:00:00,78000.0,78102.8,78000.0,78000.0,0.139036
2026-04-26 22:15:00,78000.0,78102.8,78000.0,78000.0,0.117506
2026-04-26 22:30:00,78000.0,78102.8,78000.0,78000.0,0.095416
2026-04-26 22:45:00,78000.0,78102.8,78000.0,78000.0,0.090068
2026-04-26 23:00:00,78000.0,78102.8,78000.0,78000.0,0.103994
2026-04-26 23:15:00,78000.0,78102.8,78000.0,78000.0,1.242156
2026-04-26 23:30:00,78000.0,78102.8,78000.0,78000.0,0.089904
2026-04-26 23:45:00,78000.0,78102.8,78000.0,78000.0,0.099182
2026-04-27 00:00:00,78000.0,78102.8,78000.0,78000.0,0.098159
2026-04-27 00:15:00,78000.0,78102.8,78000.0,78000.0,0.11003
2026-04-27 00:30:00,78000.0,78102.8,78000.0,78102.8,0.101034
2026-04-27 00:45:00,78102.8,78102.8,78000.0,78000.0,0.163056
2026-04-27 01:00:00,78000.0,78102.8,78000.0,78102.8,0.108943
2026-04-27 01:15:00,78102.8,78102.8,78000.0,78000.0,0.105182
2026-04-27 01:30:00,78000.0,78102.8,78000.0,78000.0,1.097376
2026-04-27 01:45:00,78000.0,78102.8,78000.0,78000.0,0.092085
2026-04-27 02:00:00,78000.0,78102.8,78000.0,78102.8,0.11817
2026-04-27 02:15:00,78102.8,78102.8,78000.0,78000.0,0.106933
2026-04-27 02:30:00,78000.0,78102.8,78000.0,78102.8,0.11851
2026-04-27 02:45:00,78102.8,78102.8,78000.0,78000.0,0.124381
2026-04-27 03:00:00,78000.0,78102.8,78000.0,78000.0,0.325862
2026-04-27 03:15:00,78000.0,78102.8,78000.0,78000.0,0.11614
2026-04-27 03:30:00,78000.0,78102.8,78000.0,78000.0,0.105906
2026-04-27 03:45:00,78000.0,78102.8,78000.0,78000.0,0.099154
2026-04-27 04:00:00,78000.0,78102.8,78000.0,78102.8,0.099525
2026-04-27 04:15:00,78102.8,78102.8,78000.0,78000.0,0.119946
2026-04-27 04:30:00,78000.0,78102.8,78000.0,78000.0,0.092504
2026-04-27 04:45:00,78000.0,78102.8,78000.0,78102.8,0.099465
2026-04-27 05:00:00,78102.8,78102.8,78000.0,78000.0,0.125522
2026-04-27 05:15:00,78000.0,78102.8,78000.0,78000.0,0.109088
2026-04-27 05:30:00,78000.0,78102.8,78000.0,78000.0,0.126186
2026-04-27 05:45:00,78000.0,78102.8,78000.0,78000.0,0.109177
2026-04-27 06:00:00,78000.0,78102.8,78000.0,78000.0,0.092137
2026-04-27 06:15:00,78000.0,78102.8,78000.0,78000.0,0.299639
2026-04-27 06:30:00,78000.0,78102.8,78000.0,78000.0,0.096698
2026-04-27 06:45:00,78000.0,78102.8,78000.0,78102.8,0.111148
2026-04-27 07:00:00,78102.8,78102.8,78000.0,78000.0,0.117986
2026-04-27 07:15:00,78000.0,78102.8,78000.0,78000.0,0.138667
2026-04-27 07:30:00,78000.0,78102.8,78000.0,78000.0,0.094208
2026-04-27 07:45:00,78000.0,78102.8,78000.0,78067.5,0.22611
2026-04-27 08:00:00,78067.5,78102.8,78000.0,78000.0,0.116666
2026-04-27 08:15:00,78000.0,78008.8,78000.0,78000.0,0.112751
2026-04-27 08:30:00,78000.0,78041.2,78000.0,78029.4,0.180715
2026-04-27 08:45:00,78029.4,78102.8,78000.0,78002.9,0.137733
2026-04-27 09:00:00,78002.9,78102.8,78000.0,78082.2,0.212519
2026-04-27 09:15:00,78082.2,78088.1,78061.6,78067.5,0.210862
2026-04-27 09:30:00,78067.5,78102.8,78058.7,78067.5,0.293867
2026-04-27 09:45:00,78067.5,78102.8,78064.6,78102.8,0.19922
2026-04-27 10:00:00,78102.8,78102.8,78000.0,78102.8,0.280533
2026-04-27 10:15:00,78102.8,78102.8,78000.0,78000.0,0.166882
2026-04-27 10:30:00,78000.0,78102.8,78000.0,78102.8,0.178542
2026-04-27 10:45:00,78102.8,78102.8,78000.0,78102.8,0.171765
2026-04-27 11:00:00,78102.8,78102.8,78000.0,78102.8,0.178147
2026-04-27 11:15:00,78102.8,78275.2,78000.0,78275.2,0.204276
2026-04-27 11:30:00,78275.2,78275.2,78000.0,78275.2,0.188377
2026-04-27 11:45:00,78275.2,78275.2,78000.0,78275.2,0.169352
2026-04-27 12:00:00,78275.2,78275.2,78000.0,78275.2,0.183505
2026-04-27 12:15:00,78275.2,78275.2,78000.0,78275.2,0.166817
2026-04-27 12:30:00,78275.2,78275.2,78000.0,78275.2,1.178219
2026-04-27 12:45:00,78275.2,78275.2,78000.0,78188.2,0.166515
2026-04-27 13:00:00,78188.2,78275.2,78000.0,78275.2,0.209585
2026-04-27 13:15:00,78275.2,78275.2,78000.0,78275.2,0.165915
2026-04-27 13:30:00,78275.2,78275.2,78000.0,78275.2,0.212795
2026-04-27 13:45:00,78275.2,78275.2,78000.0,78275.2,0.294467
2026-04-27 14:00:00,78275.2,78275.2,78000.0,78275.2,0.218935
2026-04-27 14:15:00,78275.2,78275.2,78000.0,78275.2,1.169589
2026-04-27 14:30:00,78275.2,78275.2,78000.0,78275.2,1.130029
2026-04-27 14:45:00,78275.2,78275.2,78000.0,78275.2,0.179004
2026-04-27 15:00:00,78275.2,78275.2,78000.0,78275.2,0.23972
2026-04-27 15:15:00,78275.2,78275.2,78000.0,78275.2,0.329503
2026-04-27 15:30:00,78275.2,78275.2,78000.0,78275.2,0.421124
2026-04-27 15:45:00,78275.2,78275.2,78000.0,78000.0,0.653489
2026-04-27 16:00:00,78000.0,78275.2,78000.0,78275.2,0.560589
2026-04-27 16:15:00,78275.2,78275.2,78000.0,78000.0,0.402058
2026-04-27 16:30:00,78000.0,78275.2,78000.0,78000.0,0.41948
2026-04-27 16:45:00,78000.0,78275.2,78000.0,78000.0,0.412109
2026-04-27 17:00:00,78000.0,78267.3,78000.0,78000.0,0.413495
2026-04-27 17:15:00,78000.0,78275.2,78000.0,78000.0,0.459362
2026-04-27 17:30:00,78000.0,78275.2,78000.0,78000.0,0.442572
2026-04-27 17:45:00,78000.0,78275.2,78000.0,78000.0,0.372292
2026-04-27 18:00:00,78000.0,78275.2,78000.0,78000.0,0.257987
2026-04-27 18:15:00,78000.0,78275.2,78000.0,78275.2,0.413797
2026-04-27 18:30:00,78275.2,78275.2,78000.0,78000.0,0.408773
2026-04-27 18:45:00,78000.0,78275.2,78000.0,78275.2,0.431451
2026-04-27 19:00:00,78275.2,78275.2,78000.0,78000.0,0.403837
2026-04-27 19:15:00,78000.0,78275.2,78000.0,78033.0,0.376365
2026-04-27 19:30:00,78033.0,78275.2,78000.0,78000.0,0.409559
2026-04-27 19:45:00,78000.0,78275.2,78000.0,78000.0,0.363532
2026-04-27 20:00:00,78000.0,78275.2,78000.0,78000.0,0.388799
2026-04-27 20:15:00,78000.0,78275.2,78000.0,78000.0,0.432929
2026-04-27 20:30:00,78000.0,78275.2,78000.0,78000.0,0.398416
2026-04-27 20:45:00,78000.0,78275.2,78000.0,78101.3,0.497073
2026-04-27 21:00:00,78101.3,78275.2,78000.0,78000.0,0.432964
2026-04-27 21:15:00,78000.0,78275.2,78000.0,78000.0,0.412114
2026-04-27 21:30:00,78000.0,78275.2,78000.0,78275.2,0.489809
2026-04-27 21:45:00,78275.2,78275.2,78000.0,78000.0,0.422772
2026-04-27 22:00:00,78000.0,78275.2,78000.0,78275.2,0.447269
2026-04-27 22:15:00,78275.2,78275.2,78000.0,78000.0,0.464441
2026-04-27 22:30:00,78000.0,78275.2,78000.0,78000.0,0.463925
2026-04-27 22:45:00,78000.0,78275.2,78000.0,78000.0,0.479249
2026-04-27 23:00:00,78000.0,78275.2,78000.0,78275.2,0.506698
2026-04-27 23:15:00,78275.2,78275.2,78000.0,78033.0,0.440877
2026-04-27 23:30:00,78033.0,78275.2,78000.0,78000.0,0.436998
2026-04-27 23:45:00,78000.0,78275.2,78000.0,78000.0,0.54244
2026-04-28 00:00:00,78000.0,78275.2,78000.0,78000.0,0.437465
2026-04-28 00:15:00,78000.0,78275.2,78000.0,78000.0,0.391373
2026-04-28 00:30:00,78000.0,78275.2,78000.0,78000.0,0.429019
2026-04-28 00:45:00,78000.0,78275.2,78000.0,78000.0,0.337593
2026-04-28 01:00:00,78000.0,78275.2,78000.0,78267.3,0.289834
2026-04-28 01:15:00,78267.3,78275.2,78000.0,78000.0,0.354458
2026-04-28 01:30:00,78000.0,78275.2,78000.0,78000.0,0.258818
2026-04-28 01:45:00,78000.0,78275.2,78000.0,78000.0,0.29945
2026-04-28 02:00:00,78000.0,78275.2,78000.0,78000.0,0.410738
2026-04-28 02:15:00,78000.0,78275.2,78000.0,78000.0,0.489814
2026-04-28 02:30:00,78000.0,78275.2,78000.0,78000.0,0.42172
2026-04-28 02:45:00,78000.0,78275.2,78000.0,78000.0,0.491885
2026-04-28 03:00:00,78000.0,78275.2,78000.0,78000.0,0.483497
2026-04-28 03:15:00,78000.0,78275.2,78000.0,78000.0,0.319316
2026-04-28 03:30:00,78000.0,78275.2,78000.0,78267.3,0.246867
2026-04-28 03:45:00,78267.3,78275.2,78000.0,78000.0,0.247006
2026-04-28 04:00:00,78000.0,78275.2,78000.0,78275.2,0.389291
2026-04-28 04:15:00,78275.2,78275.2,78000.0,78000.0,0.447831
2026-04-28 04:30:00,78000.0,78275.2,78000.0,78000.0,0.412188
2026-04-28 04:45:00,78000.0,78275.2,78000.0,78000.0,0.44694
2026-04-28 05:00:00,78000.0,78275.2,78000.0,78000.0,0.373875
2026-04-28 05:15:00,78000.0,78275.2,78000.0,78000.0,0.41867
2026-04-28 05:30:00,78000.0,78275.2,78000.0,78000.0,0.417309
2026-04-28 05:45:00,78000.0,78275.2,78000.0,78000.0,1.426462
2026-04-28 06:00:00,78000.0,78275.2,78000.0,78000.0,0.533298
2026-04-28 06:15:00,78000.0,78275.2,78000.0,78275.2,0.405972
2026-04-28 06:30:00,78275.2,78275.2,78000.0,78000.0,9.216679
2026-04-28 06:45:00,78000.0,78275.2,78000.0,78275.2,0.259189
2026-04-28 07:00:00,78275.2,78275.2,78000.0,78000.0,0.287013
2026-04-28 07:15:00,78000.0,78275.2,78000.0,78275.2,0.323195
2026-04-28 07:30:00,78275.2,78275.2,78000.0,78000.0,0.31277
2026-04-28 07:45:00,78000.0,78275.2,78000.0,78000.0,0.344089
2026-04-28 08:00:00,78000.0,78275.2,78000.0,78000.0,0.492452
2026-04-28 08:15:00,78000.0,78275.2,78000.0,78000.0,0.480204
2026-04-28 08:30:00,78000.0,78275.2,78000.0,78000.0,0.535529
2026-04-28 08:45:00,78000.0,78275.2,78000.0,78000.0,0.409845
2026-04-28 09:00:00,78000.0,78275.2,78000.0,78275.2,0.425145
2026-04-28 09:15:00,78275.2,78275.2,78000.0,78275.2,0.449937
2026-04-28 09:30:00,78275.2,78275.2,78000.0,78275.2,0.451066
2026-04-28 09:45:00,78275.2,78275.2,78000.0,78000.0,0.494296
2026-04-28 10:00:00,78000.0,78275.2,78000.0,78000.0,0.299553
2026-04-28 10:15:00,78000.0,78275.2,78000.0,78275.2,0.158043
2026-04-28 10:30:00,78275.2,78275.2,78000.0,78275.2,0.024907
2026-04-28 10:45:00,78275.2,78275.2,78000.0,78000.0,0.006351
2026-04-28 11:00:00,78000.0,78275.2,78000.0,78033.0,0.18861
2026-04-28 11:15:00,78033.0,78275.2,78000.0,78000.0,0.222514
2026-04-28 11:30:00,78000.0,78275.2,78000.0,78000.0,0.247572
2026-04-28 11:45:00,78000.0,78275.2,78000.0,78033.0,0.235211
2026-04-28 12:00:00,78033.0,78275.2,78000.0,78000.0,0.244553
2026-04-28 12:15:00,78000.0,78275.2,78000.0,78000.0,0.231526
2026-04-28 12:30:00,78000.0,78275.2,78000.0,78000.0,0.280086
2026-04-28 12:45:00,78000.0,78275.2,78000.0,78074.5,0.250192
2026-04-28 13:00:00,78074.5,78275.2,78000.0,78267.3,0.239283
2026-04-28 13:15:00,78267.3,78275.2,78000.0,78033.0,0.229309
2026-04-28 13:30:00,78033.0,78275.2,78000.0,78000.0,0.3507
2026-04-28 13:45:00,78000.0,78275.2,78000.0,78033.0,0.192443
2026-04-28 14:00:00,78033.0,78275.2,78000.0,78000.0,0.094855
2026-04-28 14:15:00,78000.0,78275.2,78000.0,78000.0,0.083499
2026-04-28 14:30:00,78000.0,78275.2,78000.0,78000.0,0.090694
2026-04-28 14:45:00,78000.0,78267.3,78000.0,78000.0,0.272197
2026-04-28 15:00:00,78000.0,78275.2,78000.0,78000.0,0.210744
2026-04-28 15:15:00,78000.0,78275.2,78000.0,78275.2,0.180064
2026-04-28 15:30:00,78275.2,78275.2,78000.0,78000.0,0.216867
2026-04-28 15:45:00,78000.0,78275.2,78000.0,78275.2,0.696925
2026-04-28 16:00:00,78275.2,78275.2,78000.0,78000.0,0.222705
2026-04-28 16:15:00,78000.0,78275.2,78000.0,78033.0,0.239515
2026-04-28 16:30:00,78033.0,78275.2,78000.0,78000.0,0.231151
2026-04-28 16:45:00,78000.0,78275.2,78000.0,78000.0,0.31113
2026-04-28 17:00:00,78000.0,78275.2,78000.0,78000.0,0.236083
2026-04-28 17:15:00,78000.0,78275.2,78000.0,78275.2,0.238419
2026-04-28 17:30:00,78275.2,78275.2,78000.0,78275.2,0.238754
2026-04-28 17:45:00,78275.2,78275.2,78000.0,78033.0,0.226629
2026-04-28 18:00:00,78033.0,78275.2,78000.0,78275.2,0.249324
2026-04-28 18:15:00,78275.2,78275.2,78000.0,78000.0,0.252166
2026-04-28 18:30:00,78000.0,78275.2,78000.0,78275.2,0.198441
2026-04-28 18:45:00,78275.2,78275.2,78000.0,78033.0,0.211331
2026-04-28 19:00:00,78033.0,78275.2,78000.0,78033.0,0.232992
2026-04-28 19:15:00,78033.0,78275.2,78000.0,78267.3,0.239062
2026-04-28 19:30:00,78267.3,78275.2,78000.0,78275.2,0.244808
2026-04-28 19:45:00,78275.2,78275.2,78000.0,78000.0,0.178693
2026-04-28 20:00:00,78000.0,78275.2,78000.0,78000.0,0.121268
2026-04-28 20:15:00,78000.0,78275.2,78000.0,78000.0,0.066489
2026-04-28 20:30:00,78000.0,78267.3,78000.0,78000.0,0.024957
2026-04-28 20:45:00,78000.0,78275.2,78000.0,78000.0,0.065632
2026-04-28 21:00:00,78000.0,78275.2,78000.0,78275.2,0.17844
2026-04-28 21:15:00,78275.2,78275.2,78000.0,78000.0,0.210719
2026-04-28 21:30:00,78000.0,78275.2,78000.0,78275.2,0.153486
2026-04-28 21:45:00,78275.2,78275.2,78000.0,78275.2,0.044676
2026-04-28 22:00:00,78275.2,78275.2,78000.0,78000.0,0.34605
2026-04-28 22:15:00,78000.0,78275.2,78000.0,78000.0,0.349211
2026-04-28 22:30:00,78000.0,78275.2,78000.0,78000.0,0.236399
2026-04-28 22:45:00,78000.0,78275.2,78000.0,78000.0,0.233386
2026-04-28 23:00:00,78000.0,78275.2,78000.0,78033.0,0.239033
2026-04-28 23:15:00,78033.0,78275.2,78000.0,78000.0,0.191003
2026-04-28 23:30:00,78000.0,78275.2,78000.0,78033.0,0.23483
2026-04-28 23:45:00,78033.0,78275.2,78000.0,78000.0,0.22688
2026-04-29 00:00:00,78000.0,78275.2,78000.0,78000.0,0.246293
2026-04-29 00:15:00,78000.0,78275.2,78000.0,78000.0,0.095121
2026-04-29 00:30:00,78000.0,78275.2,78000.0,78000.0,0.085568
2026-04-29 00:45:00,78000.0,78275.2,78000.0,78275.2,0.128381
2026-04-29 01:00:00,78275.2,78275.2,78054.1,78275.2,0.145572
2026-04-29 01:15:00,78275.2,78275.2,78054.1,78054.1,0.084373
2026-04-29 01:30:00,78054.1,78275.2,78054.1,78054.1,0.086698
2026-04-29 01:45:00,78054.1,78275.2,78054.1,78054.1,0.087654
2026-04-29 02:00:00,78054.1,78275.2,78000.0,78000.0,0.086615
2026-04-29 02:15:00,78000.0,78275.2,78000.0,78267.3,0.08477
2026-04-29 02:30:00,78267.3,78275.2,78000.0,78000.0,0.079481
2026-04-29 02:45:00,78000.0,78275.2,78000.0,78102.8,0.072282
2026-04-29 03:00:00,78102.8,78275.2,78102.8,78102.8,0.07504
2026-04-29 03:15:00,78102.8,78275.2,78102.8,78102.8,0.076779
2026-04-29 03:30:00,78102.8,78275.2,78102.8,78102.8,0.074365
2026-04-29 03:45:00,78102.8,78275.2,78102.8,78102.8,0.035409
2026-04-29 04:00:00,78102.8,78275.2,78102.8,78275.2,0.08527
2026-04-29 04:15:00,78275.2,78275.2,78102.8,78102.8,0.067045
2026-04-29 04:30:00,78102.8,78275.2,78102.8,78102.8,0.072364
2026-04-29 04:45:00,78102.8,78275.2,78102.8,78102.8,0.073424
2026-04-29 05:00:00,78102.8,78275.2,78102.8,78102.8,0.037305
2026-04-29 05:15:00,78102.8,78275.2,78102.8,78102.8,0.076405
2026-04-29 05:30:00,78102.8,78275.2,78102.8,78102.8,0.074251
2026-04-29 05:45:00,78102.8,78275.2,78102.8,78102.8,0.079901
2026-04-29 06:00:00,78102.8,78275.2,78102.8,78102.8,0.068881
2026-04-29 06:15:00,78102.8,78275.2,78102.8,78102.8,1.025432
2026-04-29 06:30:00,78102.8,78275.2,78102.8,78102.8,0.064521
2026-04-29 06:45:00,78102.8,78275.2,78102.8,78102.8,0.022892
2026-04-29 07:00:00,78102.8,78275.2,78000.0,78000.0,159.968558
2026-04-29 07:15:00,78000.0,78275.2,78000.0,78033.0,0.196825
2026-04-29 07:30:00,78033.0,78275.2,78000.0,78000.0,0.022855
2026-04-29 07:45:00,78000.0,78275.2,78000.0,78000.0,0.074514
2026-04-29 08:00:00,78000.0,78275.2,78000.0,78000.0,0.040197
2026-04-29 08:15:00,78000.0,78275.2,78000.0,78275.2,0.264456
2026-04-29 08:30:00,78275.2,78275.2,78000.0,78000.0,0.232109
2026-04-29 08:45:00,78000.0,78267.3,78000.0,78000.0,0.024194
2026-04-29 09:00:00,78000.0,78275.2,78000.0,78000.0,0.0796
2026-04-29 09:15:00,78000.0,78275.2,78000.0,78000.0,0.073634
2026-04-29 09:30:00,78000.0,78275.2,78000.0,78000.0,0.832044
2026-04-29 09:45:00,78000.0,78275.2,78000.0,78033.0,0.012308
2026-04-29 10:00:00,78033.0,78275.2,78033.0,78033.0,0.002915
2026-04-29 10:15:00,78033.0,78275.2,78017.6,78267.3,0.000927
2026-04-29 10:30:00,78267.3,78275.2,78033.0,78033.0,0.015277
2026-04-29 10:45:00,78033.0,78275.2,78000.0,78267.3,0.019676
2026-04-29 11:00:00,78267.3,78275.2,78033.0,78275.2,0.001661
2026-04-29 11:15:00,78275.2,78275.2,78000.0,78267.3,0.008839
2026-04-29 11:30:00,78267.3,78275.2,78016.0,78016.0,0.016621
2026-04-29 11:45:00,78016.0,78275.2,78016.0,78275.2,0.000976
2026-04-29 12:00:00,78275.2,78275.2,78275.2,78275.2,0.000278
2026-04-29 12:15:00,78275.2,78275.2,78000.0,78175.9,0.076679
2026-04-29 12:30:00,78175.9,78275.2,78000.0,78000.0,1.823463
2026-04-29 12:45:00,78000.0,78267.3,78000.0,78000.0,0.035654
2026-04-29 13:00:00,78000.0,78275.2,78000.0,78000.0,1.069298
2026-04-29 13:15:00,78000.0,78275.2,78000.0,78000.0,0.083677
2026-04-29 13:30:00,78000.0,78275.2,78000.0,78000.0,2.020612
2026-04-29 13:45:00,78000.0,78275.2,78000.0,78000.0,0.389269
2026-04-29 14:00:00,78000.0,78275.2,78000.0,78000.0,0.089174
2026-04-29 14:15:00,78000.0,78275.2,78000.0,78000.0,4.080276
2026-04-29 14:30:00,78000.0,78275.2,78000.0,78000.0,0.076415
2026-04-29 14:45:00,78000.0,78275.2,78000.0,78000.0,0.094954
2026-04-29 15:00:00,78000.0,78275.2,78000.0,78000.0,0.08546
2026-04-29 15:15:00,78000.0,78275.2,78000.0,78000.0,0.07234
2026-04-29 15:30:00,78000.0,78275.2,78000.0,78000.0,0.073255
2026-04-29 15:45:00,78000.0,78267.3,78000.0,78000.0,0.038555
2026-04-29 16:00:00,78000.0,78275.2,78000.0,78000.0,0.073124
2026-04-29 16:15:00,78000.0,78275.2,78000.0,78000.0,0.106985
2026-04-29 16:30:00,78000.0,78275.2,78000.0,78000.0,0.063726
2026-04-29 16:45:00,78000.0,78267.3,78000.0,78000.0,0.029147
2026-04-29 17:00:00,78000.0,78275.2,78000.0,78000.0,0.070503
2026-04-29 17:15:00,78000.0,78275.2,78000.0,78000.0,0.069818
2026-04-29 17:30:00,78000.0,78267.3,78000.0,78032.5,0.008848
2026-04-29 17:45:00,78032.5,78267.3,78000.0,78031.4,0.013298
2026-04-29 18:00:00,78031.4,78275.2,78000.0,78000.0,10.473355
2026-04-29 18:15:00,78000.0,78267.3,78000.0,78000.0,120.964888
2026-04-29 18:30:00,78000.0,78275.2,78000.0,78275.2,0.015824
2026-04-29 18:45:00,78275.2,78275.2,78000.0,78000.0,0.061542
2026-04-29 19:00:00,78000.0,78267.3,78000.0,78032.5,0.015602
2026-04-29 19:15:00,78032.5,78275.2,78000.0,78275.2,0.0562
2026-04-29 19:30:00,78275.2,78275.2,78000.0,78000.0,0.022316
2026-04-29 19:45:00,78000.0,78275.2,78000.0,78032.5,0.042493
2026-04-29 20:00:00,78032.5,78275.2,78000.0,78000.0,0.059518
2026-04-29 20:15:00,78000.0,78234.0,78000.0,78000.0,0.008877
2026-04-29 20:30:00,78000.0,78234.0,78000.0,78000.0,0.017622
2026-04-29 20:45:00,78000.0,78275.2,78000.0,78267.3,0.063206
2026-04-29 21:00:00,78267.3,78267.3,78000.0,78000.0,0.02149
2026-04-29 21:15:00,78000.0,78275.2,78000.0,78000.0,0.070794
2026-04-29 21:30:00,78000.0,78275.2,78000.0,78040.4,0.064856
2026-04-29 21:45:00,78040.4,78267.3,78000.0,78000.0,0.02902
2026-04-29 22:00:00,78000.0,78275.2,78000.0,78000.0,0.070183
2026-04-29 22:15:00,78000.0,78275.2,78000.0,78030.4,0.076306
2026-04-29 22:30:00,78030.4,78275.2,78000.0,78032.5,0.071887
2026-04-29 22:45:00,78032.5,78267.3,78000.0,78000.0,0.028877
2026-04-29 23:00:00,78000.0,78275.2,78000.0,78027.6,0.075202
2026-04-29 23:15:00,78027.6,78275.2,78000.0,78000.0,0.066675
2026-04-29 23:30:00,78000.0,78275.2,78000.0,78000.0,0.071349
2026-04-29 23:45:00,78000.0,78267.3,78000.0,78267.3,0.044453
2026-04-30 00:00:00,78267.3,78275.2,78000.0,78008.4,0.103789
2026-04-30 00:15:00,78008.4,78275.2,78000.0,78000.0,0.094208
2026-04-30 00:30:00,78000.0,78275.2,78000.0,78000.0,0.108746
2026-04-30 00:45:00,78000.0,78275.2,78000.0,78267.3,0.082592
2026-04-30 01:00:00,78267.3,78275.2,78000.0,78267.3,0.120425
2026-04-30 01:15:00,78267.3,78275.2,78000.0,78267.3,0.041383
2026-04-30 01:30:00,78267.3,78275.2,78000.0,78267.3,0.082168
2026-04-30 01:45:00,78267.3,78275.2,78000.0,78000.0,0.083302
2026-04-30 02:00:00,78000.0,78275.2,78000.0,78000.0,0.042966
2026-04-30 02:15:00,78000.0,78275.2,78000.0,78000.0,0.107147
2026-04-30 02:30:00,78000.0,78275.2,78000.0,78267.3,0.087888
2026-04-30 02:45:00,78267.3,78275.2,78000.0,78267.3,0.090626
2026-04-30 03:00:00,78267.3,78275.2,78000.0,78267.3,0.100821
2026-04-30 03:15:00,78267.3,78275.2,78000.0,78275.2,0.114317
2026-04-30 03:30:00,78275.2,78275.2,78000.0,78000.0,0.108736
2026-04-30 03:45:00,78000.0,78275.2,78000.0,78267.3,0.109161
2026-04-30 04:00:00,78267.3,78275.2,78000.0,78267.3,0.050796
2026-04-30 04:15:00,78267.3,78275.2,78000.0,78000.0,0.107971
2026-04-30 04:30:00,78000.0,78275.2,78000.0,78275.2,0.113549
2026-04-30 04:45:00,78275.2,78275.2,78000.0,78267.3,0.091702
2026-04-30 05:00:00,78267.3,78275.2,78000.0,78000.0,0.15015
2026-04-30 05:15:00,78000.0,78275.2,78000.0,78000.0,0.611493
2026-04-30 05:30:00,78000.0,78275.2,78000.0,78000.0,0.096631
2026-04-30 05:45:00,78000.0,78275.2,78000.0,78000.0,0.117867
2026-04-30 06:00:00,78000.0,78275.2,78000.0,78000.0,0.093096
2026-04-30 06:15:00,78000.0,78275.2,78000.0,78267.3,0.095808
2026-04-30 06:30:00,78267.3,78275.2,78000.0,78267.3,0.095475
2026-04-30 06:45:00,78267.3,78275.2,78000.0,78275.2,0.095094
2026-04-30 07:00:00,78275.2,78275.2,78033.0,78033.0,0.107912
2026-04-30 07:15:00,78033.0,78275.2,78033.0,78033.0,0.097645
2026-04-30 07:30:00,78033.0,78275.2,78033.0,78033.0,0.110019
2026-04-30 07:45:00,78033.0,78275.2,78000.0,78000.0,0.119963
2026-04-30 08:00:00,78000.0,78275.2,78000.0,78275.2,0.10358
2026-04-30 08:15:00,78275.2,78275.2,78000.0,78000.0,0.094324
2026-04-30 08:30:00,78000.0,78275.2,78000.0,78000.0,0.150345
2026-04-30 08:45:00,78000.0,78275.2,78000.0,78275.2,0.111307
2026-04-30 09:00:00,78275.2,78275.2,78000.0,78000.0,0.107105
2026-04-30 09:15:00,78000.0,78275.2,78000.0,78000.0,0.159722
2026-04-30 09:30:00,78000.0,78275.2,78000.0,78000.0,0.123554
2026-04-30 09:45:00,78000.0,78275.2,78000.0,78275.2,0.127336
2026-04-30 10:00:00,78275.2,78275.2,78000.0,78275.2,1.148642
2026-04-30 10:15:00,78275.2,78275.2,78000.0,78275.2,0.104464
2026-04-30 10:30:00,78275.2,78275.2,78000.0,78275.2,0.110903
2026-04-30 10:45:00,78275.2,78275.2,78000.0,78000.0,0.104829
2026-04-30 11:00:00,78000.0,78275.2,78000.0,78275.2,0.099608
2026-04-30 11:15:00,78275.2,78275.2,78000.0,78000.0,0.138135
2026-04-30 11:30:00,78000.0,78275.2,78000.0,78000.0,0.164795
2026-04-30 11:45:00,78000.0,78275.2,78000.0,78000.0,0.16132
2026-04-30 12:00:00,78000.0,78275.2,78000.0,78275.2,0.10651
2026-04-30 12:15:00,78275.2,78275.2,78000.0,78275.2,0.127039
2026-04-30 12:30:00,78275.2,78275.2,78000.0,78275.2,0.105743
2026-04-30 12:45:00,78275.2,78275.2,78000.0,78000.0,0.138512
2026-04-30 13:00:00,78000.0,78275.2,78000.0,78275.2,0.10522
2026-04-30 13:15:00,78275.2,78275.2,78000.0,78275.2,0.103954
2026-04-30 13:30:00,78275.2,78275.2,78000.0,78000.0,0.127978
2026-04-30 13:45:00,78000.0,78275.2,78000.0,78000.0,0.117339
2026-04-30 14:00:00,78000.0,78275.2,78000.0,78000.0,0.180718
2026-04-30 14:15:00,78000.0,78275.2,78000.0,78000.0,0.098761
2026-04-30 14:30:00,78000.0,78275.2,78000.0,78000.0,1.110325
2026-04-30 14:45:00,78000.0,78275.2,78000.0,78000.0,6.105901
2026-04-30 15:00:00,78000.0,78275.2,78000.0,78000.0,1.374545
2026-04-30 15:15:00,78000.0,78275.2,78000.0,78275.2,0.144643
2026-04-30 15:30:00,78275.2,78275.2,78000.0,78000.0,0.10531
2026-04-30 15:45:00,78000.0,78275.2,78000.0,78000.0,0.11881
2026-04-30 16:00:00,78000.0,78275.2,78000.0,78000.0,0.103236
2026-04-30 16:15:00,78000.0,78275.2,78000.0,78000.0,0.101232
2026-04-30 16:30:00,78000.0,78275.2,78000.0,78000.0,0.10005
2026-04-30 16:45:00,78000.0,78275.2,78000.0,78000.0,0.138935
2026-04-30 17:00:00,78000.0,78275.2,78000.0,78000.0,0.096665
2026-04-30 17:15:00,78000.0,78275.2,78000.0,78000.0,0.089529
2026-04-30 17:30:00,78000.0,78275.2,78000.0,78000.0,0.095343
2026-04-30 17:45:00,78000.0,78275.2,78000.0,78000.0,0.13559
2026-04-30 18:00:00,78000.0,78275.2,78000.0,78000.0,0.09871
2026-04-30 18:15:00,78000.0,78275.2,78000.0,78000.0,0.164712
2026-04-30 18:30:00,78000.0,78275.2,78000.0,78000.0,0.144652
2026-04-30 18:45:00,78000.0,78275.2,78000.0,78000.0,0.102352
2026-04-30 19:00:00,78000.0,78275.2,78000.0,78000.0,0.075737
2026-04-30 19:15:00,78000.0,78275.2,78000.0,78000.0,0.099484
2026-04-30 19:30:00,78000.0,78275.2,78000.0,78000.0,0.172519
2026-04-30 19:45:00,78000.0,78275.2,78000.0,78000.0,0.09795
2026-04-30 20:00:00,78000.0,78275.2,78000.0,78000.0,0.078996
2026-04-30 20:15:00,78000.0,78275.2,78000.0,78000.0,0.147664
2026-04-30 20:30:00,78000.0,78275.2,78000.0,78000.0,0.087964
2026-04-30 20:45:00,78000.0,78275.2,78000.0,78275.2,0.138797
2026-04-30 21:00:00,78275.2,78275.2,78000.0,78000.0,0.030837
2026-04-30 21:15:00,78000.0,78275.2,78000.0,78000.0,0.08909
2026-04-30 21:30:00,78000.0,78275.2,78000.0,78000.0,0.128687
2026-04-30 21:45:00,78000.0,78275.2,78000.0,78000.0,0.082916
2026-04-30 22:00:00,78000.0,78275.2,78000.0,78000.0,0.029463
2026-04-30 22:15:00,78000.0,78275.2,78000.0,78000.0,0.240223
2026-04-30 22:30:00,78000.0,78275.2,78000.0,78000.0,0.087572
2026-04-30 22:45:00,78000.0,78275.2,78000.0,78000.0,0.0815
2026-04-30 23:00:00,78000.0,78275.2,78000.0,78000.0,0.138545
2026-04-30 23:15:00,78000.0,78275.2,78000.0,78000.0,0.089356
2026-04-30 23:30:00,78000.0,78275.2,78000.0,78000.0,0.091245
2026-04-30 23:45:00,78000.0,78275.2,78000.0,78000.0,0.088714
2026-05-01 00:00:00,78000.0,78275.2,78000.0,78275.2,0.336908
2026-05-01 00:15:00,78275.2,78275.2,78000.0,78118.6,0.904063
2026-05-01 00:30:00,78118.6,78275.2,78000.0,78000.0,0.135895
2026-05-01 00:45:00,78000.0,78275.2,78000.0,78000.0,0.137666
2026-05-01 01:00:00,78000.0,78275.2,78000.0,78000.0,0.14169
2026-05-01 01:15:00,78000.0,78275.2,78000.0,78000.0,0.14375
2026-05-01 01:30:00,78000.0,78275.2,78000.0,78000.0,0.109996
2026-05-01 01:45:00,78000.0,78275.2,78000.0,78000.0,0.090299
2026-05-01 02:00:00,78000.0,78275.2,78000.0,78000.0,0.16659
2026-05-01 02:15:00,78000.0,78275.2,78000.0,78000.0,1.094872
2026-05-01 02:30:00,78000.0,78275.2,78000.0,78000.0,0.095352
2026-05-01 02:45:00,78000.0,78275.2,78000.0,78000.0,0.135236
2026-05-01 03:00:00,78000.0,78275.2,78000.0,78000.0,0.190529
2026-05-01 03:15:00,78000.0,78275.2,78000.0,78000.0,0.096084
2026-05-01 03:30:00,78000.0,107530.6,78000.0,107530.6,3443.787583
2026-05-01 03:45:00,107530.6,108086.3,106842.68,108086.3,329.13975
2026-05-01 04:00:00,108086.3,108086.3,107580.8,107580.8,0.001144
2026-05-01 04:15:00,107580.8,107580.8,107580.8,107580.8,0.0
2026-05-01 04:30:00,107580.8,107580.8,107580.8,107580.8,0.0
2026-05-01 04:45:00,107580.8,107580.8,107580.8,107580.8,0.0
2026-05-01 05:00:00,107580.8,107580.8,107580.8,107580.8,0.0
2026-05-01 05:15:00,107580.8,107580.8,107580.8,107580.8,0.0
2026-05-01 05:30:00,107580.8,107580.8,107580.8,107580.8,0.000543
2026-05-01 05:45:00,107580.8,108016.1,107532.66,107580.8,0.01432
2026-05-01 06:00:00,107580.8,107925.6,107532.66,107925.6,1.008029
2026-05-01 06:15:00,107925.6,107925.6,107532.66,107580.8,0.006883
2026-05-01 06:30:00,107580.8,107580.8,107580.8,107580.8,0.0002
2026-05-01 06:45:00,107580.8,107580.8,107580.8,107580.8,0.0
2026-05-01 07:00:00,107580.8,107580.8,107580.8,107580.8,0.0001
2026-05-01 07:15:00,107580.8,107796.0,107580.8,107796.0,0.000452
2026-05-01 07:30:00,107796.0,107796.0,107580.8,107580.8,0.000326
2026-05-01 07:45:00,107580.8,107965.99,107263.08,107965.99,0.00566
2026-05-01 08:00:00,107965.99,107965.99,104315.72,106149.94,0.160468
2026-05-01 08:15:00,106149.94,106201.6,106149.94,106166.5,0.004355
2026-05-01 08:30:00,106166.5,106234.33,106166.5,106234.33,0.006321
2026-05-01 08:45:00,106234.33,106391.2,106234.33,106391.2,0.000533
2026-05-01 09:00:00,106391.2,107155.9,106391.2,107155.9,0.033199
2026-05-01 09:15:00,107155.9,107155.9,106666.0,107155.9,0.001413
2026-05-01 09:30:00,107155.9,107155.9,98989.53,102691.0,1.208162
2026-05-01 09:45:00,102691.0,102691.0,101523.21,101833.37,0.024716
2026-05-01 10:00:00,101833.37,102829.63,101833.37,102829.63,0.034711
2026-05-01 10:15:00,102829.63,102829.63,102408.8,102829.63,0.000526
2026-05-01 10:30:00,102829.63,102856.75,102332.7,102856.75,0.008327
2026-05-01 10:45:00,102856.75,103000.0,102408.8,102691.0,0.005581
2026-05-01 11:00:00,102691.0,102691.0,102408.8,102691.0,0.001088
2026-05-01 11:15:00,102691.0,102691.0,101747.8,102283.53,0.029699
2026-05-01 11:30:00,102283.53,103266.8,98819.0,99880.0,0.62773
2026-05-01 11:45:00,99880.0,99880.0,99880.0,99880.0,0.00094
2026-05-01 12:00:00,99880.0,100032.73,98840.0,98866.06,0.082411
2026-05-01 12:15:00,98866.06,100920.0,98219.4,98457.17,0.248263
2026-05-01 12:30:00,98457.17,99287.0,98045.31,98320.66,0.061051
2026-05-01 12:45:00,98320.66,98480.0,97827.96,98271.2,0.101173
2026-05-01 13:00:00,98271.2,100257.9,98271.2,99305.6,0.173938
2026-05-01 13:15:00,99305.6,99798.76,99305.6,99798.76,0.00927
2026-05-01 13:30:00,99798.76,99807.65,99798.76,99807.65,0.001136
2026-05-01 13:45:00,99807.65,99807.65,99132.41,99552.41,0.011666
2026-05-01 14:00:00,99552.41,100214.3,99139.0,99552.41,0.040679
2026-05-01 14:15:00,99552.41,100032.73,98960.8,99306.06,0.032356
2026-05-01 14:30:00,99306.06,99306.06,99306.06,99306.06,0.00013
2026-05-01 14:45:00,99306.06,99306.1,99306.06,99306.1,0.02024
2026-05-01 15:00:00,99306.1,99880.0,98743.99,99880.0,0.071722
2026-05-01 15:15:00,99880.0,99880.0,99880.0,99880.0,0.00024
2026-05-01 15:30:00,99880.0,99930.82,99880.0,99930.82,0.002746
2026-05-01 15:45:00,99930.82,100000.0,99357.49,99798.76,0.035118
2026-05-01 16:00:00,99798.76,99798.76,99357.49,99798.76,0.00035
2026-05-01 16:15:00,99798.76,99807.65,99357.49,99807.65,0.000786
2026-05-01 16:30:00,99807.65,99807.65,99552.41,99807.65,0.000396
2026-05-01 16:45:00,99807.65,109473.6,99552.41,108399.32,1.594538
2026-05-01 17:00:00,108399.32,108399.32,108399.32,108399.32,0.000119
2026-05-01 17:15:00,108399.32,108399.32,108399.32,108399.32,0.000496
2026-05-01 17:30:00,108399.32,109089.65,107885.8,108615.2,0.063148
2026-05-01 17:45:00,108615.2,108615.2,108615.2,108615.2,0.000312
2026-05-01 18:00:00,108615.2,109472.7,107925.6,108399.32,0.042443
2026-05-01 18:15:00,108399.32,109265.98,108399.3,109265.98,0.019695
2026-05-01 18:30:00,109265.98,109400.0,108228.2,108615.2,0.023862
2026-05-01 18:45:00,108615.2,108615.2,98989.53,98989.53,1.000339
2026-05-01 19:00:00,98989.53,99995.2,98989.53,99995.2,0.021458
2026-05-01 19:15:00,99995.2,100105.87,98989.53,99979.4,0.048767
2026-05-01 19:30:00,99979.4,103300.16,99979.4,101960.0,0.522161
2026-05-01 19:45:00,101960.0,102154.5,101960.0,102154.5,0.000506
2026-05-01 20:00:00,102154.5,102154.5,101960.0,102001.2,0.001421
2026-05-01 20:15:00,102001.2,102154.5,101960.0,102154.5,0.001427
2026-05-01 20:30:00,102154.5,102154.5,102154.5,102154.5,0.000221
2026-05-01 20:45:00,102154.5,102154.5,101960.0,102154.5,0.000637
2026-05-01 21:00:00,102154.5,102154.5,101960.0,101960.0,0.0514
2026-05-01 21:15:00,101960.0,102154.5,101747.8,101747.8,0.01343
2026-05-01 21:30:00,101747.8,102154.5,101610.17,101610.17,0.03732
2026-05-01 21:45:00,101610.17,102154.5,101030.51,101719.2,0.062984
2026-05-01 22:00:00,101719.2,101884.9,101158.13,101884.9,0.025082
2026-05-01 22:15:00,101884.9,102154.5,101884.9,101884.9,0.086352
2026-05-01 22:30:00,101884.9,101899.37,101029.6,101846.4,0.067964
2026-05-01 22:45:00,101846.4,102154.5,101030.51,102154.5,0.177613
2026-05-01 23:00:00,102154.5,102154.5,100986.88,102154.5,0.145524
2026-05-01 23:15:00,102154.5,102154.5,100933.05,101092.9,0.121348
2026-05-01 23:30:00,101092.9,102063.0,100920.0,100986.88,0.091209
2026-05-01 23:45:00,100986.88,102154.5,100986.88,101029.6,0.143693
2026-05-02 00:00:00,101029.6,102148.69,93040.0,94000.0,1.91289
2026-05-02 00:15:00,94000.0,94130.69,93000.0,94130.69,0.165822
2026-05-02 00:30:00,94130.69,94130.69,93000.0,94000.0,0.15443
2026-05-02 00:45:00,94000.0,94132.71,93051.8,93505.41,0.095653
2026-05-02 01:00:00,93505.41,94000.0,93000.0,93999.96,0.06315
2026-05-02 01:15:00,93999.96,94000.0,93730.49,94000.0,0.000671
2026-05-02 01:30:00,94000.0,94000.0,93000.0,93280.33,0.116631
2026-05-02 01:45:00,93280.33,93280.33,93000.0,93280.33,0.000354
2026-05-02 02:00:00,93280.33,93280.33,93280.3,93280.33,0.000334
2026-05-02 02:15:00,93280.33,93360.0,93280.3,93360.0,0.001425
2026-05-02 02:30:00,93360.0,93360.0,93280.3,93360.0,0.007527
2026-05-02 02:45:00,93360.0,93393.66,93280.3,93393.66,0.008027
2026-05-02 03:00:00,93393.66,93444.0,93280.3,93444.0,0.007309
2026-05-02 03:15:00,93444.0,93444.0,93280.3,93444.0,0.030738
2026-05-02 03:30:00,93444.0,93640.01,93280.3,93640.01,0.001867
2026-05-02 03:45:00,93640.01,93640.01,93280.3,93505.41,0.005241
2026-05-02 04:00:00,93505.41,93505.41,93000.0,93444.0,0.032192
2026-05-02 04:15:00,93444.0,93680.0,93000.0,93000.0,0.054768
2026-05-02 04:30:00,93000.0,93360.0,93000.0,93360.0,0.031638
2026-05-02 04:45:00,93360.0,94680.0,93055.25,94133.6,0.056565
2026-05-02 05:00:00,94133.6,94320.0,93886.36,94320.0,0.011345
2026-05-02 05:15:00,94320.0,94320.0,94179.9,94320.0,0.000352
2026-05-02 05:30:00,94320.0,94680.0,93280.33,94405.73,0.126184
2026-05-02 05:45:00,94405.73,94405.73,93000.0,93680.0,0.059366
2026-05-02 06:00:00,93680.0,93680.0,93393.66,93680.0,0.001641
2026-05-02 06:15:00,93680.0,93921.4,93680.0,93921.4,0.006581
2026-05-02 06:30:00,93921.4,93955.57,93706.0,93955.57,0.003264
2026-05-02 06:45:00,93955.57,94640.0,93393.66,93730.49,0.054104
2026-05-02 07:00:00,93730.49,94625.41,93360.0,94625.41,0.027946
2026-05-02 07:15:00,94625.41,94640.0,93444.0,94640.0,0.051367
2026-05-02 07:30:00,94640.0,94658.35,94640.0,94658.35,0.001191
2026-05-02 07:45:00,94658.35,94680.0,94658.35,94680.0,0.001316
2026-05-02 08:00:00,94680.0,94680.0,94680.0,94680.0,0.000125
2026-05-02 08:15:00,94680.0,94680.0,94680.0,94680.0,0.000291
2026-05-02 08:30:00,94680.0,94680.0,94680.0,94680.0,0.000156
2026-05-02 08:45:00,94680.0,94680.0,94680.0,94680.0,0.000492
2026-05-02 09:00:00,94680.0,94680.0,93000.0,93280.33,1.000155
2026-05-02 09:15:00,93280.33,93280.33,93000.0,93280.33,0.001789
2026-05-02 09:30:00,93280.33,93921.4,93280.33,93921.4,0.022023
2026-05-02 09:45:00,93921.4,93977.41,93505.41,93886.36,0.005161
2026-05-02 10:00:00,93886.36,93886.36,93444.0,93730.49,0.004524
2026-05-02 10:15:00,93730.49,93730.49,93444.0,93730.49,0.000779
2026-05-02 10:30:00,93730.49,93730.49,93000.0,93000.0,0.06245
2026-05-02 10:45:00,93000.0,93393.66,93000.0,93393.66,0.004317
2026-05-02 11:00:00,93393.66,93505.41,93055.25,93505.41,0.003542
2026-05-02 11:15:00,93505.41,93505.41,93147.31,93505.41,0.000373
2026-05-02 11:30:00,93505.41,93640.01,93147.31,93640.01,0.001004
2026-05-02 11:45:00,93640.01,94400.0,93147.31,94400.0,0.136985
2026-05-02 12:00:00,94400.0,94478.4,94400.0,94478.4,0.003325
2026-05-02 12:15:00,94478.4,94478.4,94478.4,94478.4,0.000549
2026-05-02 12:30:00,94478.4,94736.8,94405.73,94736.8,0.008038
2026-05-02 12:45:00,94736.8,94753.98,94736.8,94753.98,0.001621
2026-05-02 13:00:00,94753.98,94753.98,94753.98,94753.98,0.00024
2026-05-02 13:15:00,94753.98,109649.7,93000.0,109504.8,3.800644
2026-05-02 13:30:00,109504.8,109504.8,109504.8,109504.8,0.000209
2026-05-02 13:45:00,109504.8,109699.31,109504.8,109699.31,0.004748
2026-05-02 14:00:00,109699.31,109712.94,108270.4,108832.65,0.026823
2026-05-02 14:15:00,108832.65,108832.65,108832.65,108832.65,0.000309
2026-05-02 14:30:00,108832.65,109800.0,107580.8,109470.6,0.0688
2026-05-02 14:45:00,109470.6,109824.35,109470.6,109824.35,0.0001
2026-05-02 15:00:00,109824.35,109824.35,109824.35,109824.35,0.000109
2026-05-02 15:15:00,109824.35,109824.35,98819.0,107426.2,2.713955
2026-05-02 15:30:00,107426.2,109808.2,98219.4,107785.76,2.855637
2026-05-02 15:45:00,107785.76,107785.76,107236.0,107462.4,0.002467
2026-05-02 16:00:00,107462.4,107835.0,105553.39,105553.39,0.071635
2026-05-02 16:15:00,105553.39,106610.23,102753.6,106290.4,0.471284
2026-05-02 16:30:00,106290.4,106290.4,106290.4,106290.4,0.000224
2026-05-02 16:45:00,106290.4,106290.4,106290.4,106290.4,0.000506
2026-05-02 17:00:00,106290.4,106290.4,106201.6,106201.6,0.000867
2026-05-02 17:15:00,106201.6,106610.23,106201.6,106290.4,0.001505
2026-05-02 17:30:00,106290.4,106290.4,106290.4,106290.4,0.000355
2026-05-02 17:45:00,106290.4,106610.0,105973.2,106201.6,0.017518
2026-05-02 18:00:00,106201.6,106610.0,105799.3,105799.3,0.031302
2026-05-02 18:15:00,105799.3,106596.49,105799.3,106201.6,0.022371
2026-05-02 18:30:00,106201.6,106610.0,105799.34,106201.6,0.033444
2026-05-02 18:45:00,106201.6,106610.23,105799.34,105856.8,0.02393
2026-05-02 19:00:00,105856.8,106300.8,105512.0,105856.8,0.027864
2026-05-02 19:15:00,105856.8,106232.67,105616.64,105856.8,0.011653
2026-05-02 19:30:00,105856.8,106800.0,105553.39,106479.6,0.039008
2026-05-02 19:45:00,106479.6,106842.1,105973.2,105973.2,0.029529
2026-05-02 20:00:00,105973.2,106666.0,105856.8,106201.6,0.020325
2026-05-02 20:15:00,106201.6,106546.4,105799.34,105856.8,0.008032
2026-05-02 20:30:00,105856.8,106526.24,105789.4,106526.24,0.016189
2026-05-02 20:45:00,106526.24,106951.2,105670.6,106951.2,0.229606
2026-05-02 21:00:00,106951.2,106965.4,105670.6,105856.8,0.082893
2026-05-02 21:15:00,105856.8,107318.2,105226.2,107236.0,0.103222
2026-05-02 21:30:00,107236.0,107511.5,106526.24,106891.2,0.058425
2026-05-02 21:45:00,106891.2,107713.4,106596.49,107236.0,0.046093
2026-05-02 22:00:00,107236.0,107999.92,106965.4,107099.33,0.068343
2026-05-02 22:15:00,107099.33,107596.21,106546.4,106842.68,0.050936
2026-05-02 22:30:00,106842.68,107580.8,105973.2,106201.6,0.055015
2026-05-02 22:45:00,106201.6,106783.9,105512.0,106234.33,0.059345
2026-05-02 23:00:00,106234.33,106234.33,104726.62,104822.4,0.096412
2026-05-02 23:15:00,104822.4,110265.0,104477.6,109699.31,0.416428
2026-05-02 23:30:00,109699.31,110319.97,109126.0,110132.64,0.073879
2026-05-02 23:45:00,110132.64,110132.64,106301.84,108264.65,0.26325
2026-05-03 00:00:00,108264.65,110065.4,107236.0,108832.65,0.225622
2026-05-03 00:15:00,108832.65,109999.75,108576.8,108648.9,0.152603
2026-05-03 00:30:00,108648.9,109639.03,108576.8,109574.2,0.114292
2026-05-03 00:45:00,109574.2,109712.94,108576.8,108832.65,0.156077
2026-05-03 01:00:00,108832.65,109832.3,108576.8,108704.6,0.211466
2026-05-03 01:15:00,108704.6,109712.94,107925.6,109089.65,0.202155
2026-05-03 01:30:00,109089.65,109263.2,107845.6,109089.65,0.208162
2026-05-03 01:45:00,109089.65,109263.2,107845.6,108832.65,0.16934
2026-05-03 02:00:00,108832.65,108832.65,108179.6,108615.2,0.000295
2026-05-03 02:15:00,108615.2,108615.2,108615.2,108615.2,0.000744
2026-05-03 02:30:00,108615.2,108615.2,108068.72,108615.2,0.00021
2026-05-03 02:45:00,108615.2,108615.2,108615.2,108615.2,0.000256
2026-05-03 03:00:00,108615.2,108615.2,106301.84,106891.2,0.113449
2026-05-03 03:15:00,106891.2,106939.6,106468.7,106871.0,0.001157
2026-05-03 03:30:00,106871.0,107061.7,106871.0,107014.0,0.000129
2026-05-03 03:45:00,107014.0,107061.7,107014.0,107061.7,0.000315
2026-05-03 04:00:00,107061.7,107236.0,107055.8,107236.0,0.005065
2026-05-03 04:15:00,107236.0,107236.0,107148.5,107236.0,0.000408
2026-05-03 04:30:00,107236.0,109504.8,107225.1,109434.5,0.155343
2026-05-03 04:45:00,109434.5,109434.5,109087.7,109106.2,0.000492
2026-05-03 05:00:00,109106.2,109106.2,109106.2,109106.2,0.0002
2026-05-03 05:15:00,109106.2,109106.2,109106.2,109106.2,0.0004
2026-05-03 05:30:00,109106.2,109106.2,109106.2,109106.2,0.000209
2026-05-03 05:45:00,109106.2,109106.2,108068.72,108503.9,0.054036
2026-05-03 06:00:00,108503.9,108503.9,108068.72,108503.9,0.000211
2026-05-03 06:15:00,108503.9,108503.9,108503.9,108503.9,0.004947
2026-05-03 06:30:00,108503.9,108503.9,107596.21,108270.4,0.016606
2026-05-03 06:45:00,108270.4,108503.9,107499.8,108270.4,0.061971
2026-05-03 07:00:00,108270.4,108399.32,108270.4,108399.32,0.001597
2026-05-03 07:15:00,108399.32,108503.9,108204.7,108503.9,0.001985
2026-05-03 07:30:00,108503.9,108503.9,107499.8,107925.6,0.015427
2026-05-03 07:45:00,107925.6,107925.6,107925.6,107925.6,0.001155
2026-05-03 08:00:00,107925.6,107925.6,107499.8,107499.8,0.001127
2026-05-03 08:15:00,107499.8,107925.6,107499.8,107925.6,0.000756
2026-05-03 08:30:00,107925.6,107965.99,98989.53,99552.41,1.005413
2026-05-03 08:45:00,99552.41,99552.41,99059.71,99357.49,0.002454
2026-05-03 09:00:00,99357.49,99552.41,99059.71,99552.41,0.00025
2026-05-03 09:15:00,99552.41,99582.57,95470.21,95857.6,1.033085
2026-05-03 09:30:00,95857.6,96760.0,95470.21,96596.21,0.169797
2026-05-03 09:45:00,96596.21,96656.53,93000.0,93360.0,0.513309
2026-05-03 10:00:00,93360.0,94000.0,93000.0,93000.0,0.117848
2026-05-03 10:15:00,93000.0,93320.7,93000.0,93000.0,0.136928
2026-05-03 10:30:00,93000.0,93280.33,93000.0,93280.33,0.102032
2026-05-03 10:45:00,93280.33,94133.6,93000.0,93882.0,0.099525
2026-05-03 11:00:00,93882.0,109798.06,93730.49,106891.2,2.633111
2026-05-03 11:15:00,106891.2,107200.0,106301.84,107200.0,0.005771
2026-05-03 11:30:00,107200.0,107200.0,106301.84,106878.4,0.036231
2026-05-03 11:45:00,106878.4,106891.2,106301.84,106891.2,0.003349
2026-05-03 12:00:00,106891.2,106891.2,106891.2,106891.2,0.0006
2026-05-03 12:15:00,106891.2,106901.8,106546.4,106901.8,0.001371
2026-05-03 12:30:00,106901.8,106901.8,106095.8,106546.4,0.042506
2026-05-03 12:45:00,106546.4,106666.0,106346.0,106346.0,0.001505
2026-05-03 13:00:00,106346.0,106346.0,104688.95,104688.95,0.048701
2026-05-03 13:15:00,104688.95,105226.2,103773.39,105167.2,0.119979
2026-05-03 13:30:00,105167.2,105167.2,103761.16,103761.16,0.02246
2026-05-03 13:45:00,103761.16,108000.0,103539.8,107532.66,0.215868
2026-05-03 14:00:00,107532.66,107580.8,105512.0,105512.0,0.238876
2026-05-03 14:15:00,105512.0,107099.33,105512.0,107099.33,0.02519
2026-05-03 14:30:00,107099.33,107219.78,106546.4,107219.78,0.002373
2026-05-03 14:45:00,107219.78,107236.0,104726.62,104726.62,0.055621
2026-05-03 15:00:00,104726.62,105226.2,103678.0,105167.2,0.144816
2026-05-03 15:15:00,105167.2,105226.2,104477.6,104477.6,0.010359
2026-05-03 15:30:00,104477.6,104932.68,104477.6,104932.68,0.000595
2026-05-03 15:45:00,104932.68,105003.62,103510.57,104315.72,0.028018
2026-05-03 16:00:00,104315.72,104726.62,103300.2,104726.62,0.073737
2026-05-03 16:15:00,104726.62,104822.4,104132.8,104822.4,0.003063
2026-05-03 16:30:00,104822.4,104872.45,104822.4,104872.45,0.000131
2026-05-03 16:45:00,104872.45,104872.45,104872.45,104872.45,0.000416
2026-05-03 17:00:00,104872.45,104932.68,104872.45,104932.68,0.002043
2026-05-03 17:15:00,104932.68,104971.1,104932.68,104971.1,0.000226
2026-05-03 17:30:00,104971.1,104999.05,104971.1,104999.05,0.000359
2026-05-03 17:45:00,104999.05,104999.2,104477.6,104932.68,0.003911
2026-05-03 18:00:00,104932.68,104932.68,104932.68,104932.68,0.000595
2026-05-03 18:15:00,104932.68,104987.9,104877.4,104877.4,0.012014
2026-05-03 18:30:00,104877.4,104877.4,104767.0,104877.4,0.024222
2026-05-03 18:45:00,104877.4,104877.4,104477.6,104877.4,0.021388
2026-05-03 19:00:00,104877.4,104877.4,104191.51,104191.51,0.001113
2026-05-03 19:15:00,104191.51,104301.2,104132.8,104301.2,0.003166
2026-05-03 19:30:00,104301.2,104356.1,104191.4,104246.3,0.002622
2026-05-03 19:45:00,104246.3,104356.1,104246.3,104246.3,0.01289
2026-05-03 20:00:00,104246.3,104356.1,104246.3,104246.3,0.004504
2026-05-03 20:15:00,104246.3,104356.1,104246.3,104246.3,0.003226
2026-05-03 20:30:00,104246.3,104356.1,104136.5,104356.1,0.016519
2026-05-03 20:45:00,104356.1,104356.1,104136.5,104246.3,0.014779
2026-05-03 21:00:00,104246.3,104246.3,104103.33,104246.3,0.003226
2026-05-03 21:15:00,104246.3,104246.3,104103.33,104246.3,0.002654
2026-05-03 21:30:00,104246.3,104246.3,104246.3,104246.3,0.000293
2026-05-03 21:45:00,104246.3,104246.3,104026.7,104246.3,0.002226
2026-05-03 22:00:00,104246.3,104246.3,104026.7,104246.3,0.004061
2026-05-03 22:15:00,104246.3,106095.8,103587.6,103807.1,0.4986
2026-05-03 22:30:00,103807.1,109303.52,103678.0,104685.5,1.973527
2026-05-03 22:45:00,104685.5,108264.65,103300.16,103788.0,0.708091
2026-05-03 23:00:00,103788.0,103788.0,103788.0,103788.0,0.000114
2026-05-03 23:15:00,103788.0,103788.0,103300.16,103300.16,0.00251
2026-05-03 23:30:00,103300.16,103807.1,103300.16,103807.1,0.000411
2026-05-03 23:45:00,103807.1,103807.1,103443.2,103807.1,0.000328
2026-05-04 00:00:00,103807.1,103807.1,93694.6,94132.71,2.049481
2026-05-04 00:15:00,94132.71,94132.71,93955.6,94132.71,0.000641
2026-05-04 00:30:00,94132.71,94132.71,93955.6,94132.71,0.000338
2026-05-04 00:45:00,94132.71,94133.6,94132.71,94133.6,0.000464
2026-05-04 01:00:00,94133.6,94625.41,94133.6,94625.4,0.018869
2026-05-04 01:15:00,94625.4,94625.4,94180.65,94625.4,0.005634
2026-05-04 01:30:00,94625.4,94625.4,94180.65,94625.4,0.000235
2026-05-04 01:45:00,94625.4,94625.4,94133.6,94133.6,0.001463
2026-05-04 02:00:00,94133.6,94405.73,94132.71,94405.73,0.002392
2026-05-04 02:15:00,94405.73,94478.4,94099.43,94478.4,0.00335
2026-05-04 02:30:00,94478.4,94478.4,94132.71,94405.73,0.000235
2026-05-04 02:45:00,94405.73,94405.73,94132.71,94405.73,0.000496
2026-05-04 03:00:00,94405.73,94478.4,94132.71,94478.4,0.001652
2026-05-04 03:15:00,94478.4,94478.4,93000.0,93360.0,1.005692
2026-05-04 03:30:00,93360.0,93505.41,93279.0,93505.41,0.00568
2026-05-04 03:45:00,93505.41,93505.41,93099.2,93378.5,0.002716
2026-05-04 04:00:00,93378.5,93680.0,93378.5,93680.0,0.005897
2026-05-04 04:15:00,93680.0,93694.6,93000.0,93279.0,1.000659
2026-05-04 04:30:00,93279.0,93280.33,93279.0,93279.0,0.000967
2026-05-04 04:45:00,93279.0,93955.57,93279.0,93955.57,0.021916
2026-05-04 05:00:00,93955.57,93955.57,93640.01,93955.57,0.000226
2026-05-04 05:15:00,93955.57,93955.57,93640.01,93955.57,0.000352
2026-05-04 05:30:00,93955.57,93969.26,93640.01,93969.26,0.000554
2026-05-04 05:45:00,93969.26,94320.0,93444.0,93955.57,0.020362
2026-05-04 06:00:00,93955.57,94320.0,93955.57,94320.0,0.001925
2026-05-04 06:15:00,94320.0,94658.35,93955.57,94658.35,0.012073
2026-05-04 06:30:00,94658.35,94658.35,94405.73,94658.3,0.00071
2026-05-04 06:45:00,94658.3,94680.0,94379.06,94630.81,0.003495
2026-05-04 07:00:00,94630.81,94630.81,94320.0,94630.81,0.004613
2026-05-04 07:15:00,94630.81,94680.0,94379.06,94680.0,0.00965
2026-05-04 07:30:00,94680.0,94680.0,94133.6,94405.73,0.01515
2026-05-04 07:45:00,94405.73,94405.73,93640.01,93640.01,0.020195
2026-05-04 08:00:00,93640.01,111650.0,93000.0,111650.0,2307.535804
2026-05-04 08:15:00,111650.0,111723.2,111000.91,111028.8,0.01635
2026-05-04 08:30:00,111028.8,111373.6,111028.8,111373.6,0.001376
2026-05-04 08:45:00,111373.6,111432.63,110684.0,111028.8,0.010743
2026-05-04 09:00:00,111028.8,111432.63,111028.8,111432.63,0.000218
2026-05-04 09:15:00,111432.63,111432.63,111028.8,111373.6,0.001889
2026-05-04 09:30:00,111373.6,111684.12,110443.8,110443.8,0.033191
2026-05-04 09:45:00,110443.8,110666.3,110443.8,110666.3,0.001021
2026-05-04 10:00:00,110666.3,110999.3,100102.9,101158.13,1.043573
2026-05-04 10:15:00,101158.13,101960.0,101158.13,101960.0,0.043212
2026-05-04 10:30:00,101960.0,102148.69,101833.37,102148.69,0.010937
2026-05-04 10:45:00,102148.69,102508.85,95470.3,95756.21,2.154155
2026-05-04 11:00:00,95756.21,95920.0,95470.21,95857.6,0.070404
2026-05-04 11:15:00,95857.6,96656.53,95857.6,96349.86,0.031801
2026-05-04 11:30:00,96349.86,96656.53,96349.8,96349.8,0.030141
2026-05-04 11:45:00,96349.8,96349.8,96240.0,96349.8,0.022695
2026-05-04 12:00:00,96349.8,96349.8,78620.0,78620.1,1401.004258
2026-05-04 12:15:00,78620.1,78964.8,78620.1,78964.8,0.007297
2026-05-04 12:30:00,78964.8,78964.8,78620.1,78620.1,0.00074
2026-05-04 12:45:00,78620.1,78964.8,78620.1,78964.8,0.001113
2026-05-04 13:00:00,78964.8,78964.8,78934.8,78964.8,0.05393
2026-05-04 13:15:00,78964.8,78964.8,78934.8,78964.8,0.009453
2026-05-04 13:30:00,78964.8,78964.8,78698.7,78934.8,0.019428
2026-05-04 13:45:00,78934.8,78964.8,78934.8,78964.8,0.031871
2026-05-04 14:00:00,78964.8,78964.8,78698.7,78964.8,0.048312
2026-05-04 14:15:00,78964.8,78964.8,78698.7,78964.8,0.005392
2026-05-04 14:30:00,78964.8,78964.8,78698.7,78964.8,0.024223
2026-05-04 14:45:00,78964.8,78964.8,78934.8,78964.8,0.103524
2026-05-04 15:00:00,78964.8,78964.8,78934.8,78934.8,0.073489
2026-05-04 15:15:00,78934.8,78964.8,78934.8,78964.8,0.008637
2026-05-04 15:30:00,78964.8,78964.8,78698.7,78964.8,0.009957
2026-05-04 15:45:00,78964.8,78964.8,78698.7,78964.8,0.012312
2026-05-04 16:00:00,78964.8,78964.8,78934.8,78964.8,0.017665
2026-05-04 16:15:00,78964.8,78964.8,78934.8,78964.8,0.0004
2026-05-04 16:30:00,78964.8,78964.8,78934.8,78964.8,0.00078
2026-05-04 16:45:00,78964.8,78964.8,78620.0,78964.8,0.066981
2026-05-04 17:00:00,78964.8,78964.8,78620.0,78964.8,0.013802
2026-05-04 17:15:00,78964.8,78964.8,78620.0,78964.8,0.000563
2026-05-04 17:30:00,78964.8,78964.8,78620.0,78964.8,0.062706
2026-05-04 17:45:00,78964.8,78964.8,78620.0,78964.8,0.057027
2026-05-04 18:00:00,78964.8,78964.8,78620.0,78964.8,0.047835
2026-05-04 18:15:00,78964.8,78964.8,78620.0,78964.8,0.090245
2026-05-04 18:30:00,78964.8,78964.8,78620.0,78964.8,0.051892
2026-05-04 18:45:00,78964.8,78964.8,78620.0,78964.8,0.037861
2026-05-04 19:00:00,78964.8,78964.8,78620.0,78964.8,0.095533
2026-05-04 19:15:00,78964.8,78964.8,78620.0,78964.8,0.175039
2026-05-04 19:30:00,78964.8,78964.8,78620.0,78620.0,0.259727
2026-05-04 19:45:00,78620.0,78964.8,78620.0,78964.8,0.208458
2026-05-04 20:00:00,78964.8,78964.8,78620.0,78964.8,0.186596
2026-05-04 20:15:00,78964.8,78964.8,78620.0,78964.8,0.215
2026-05-04 20:30:00,78964.8,78964.8,78620.0,78964.8,0.194619
2026-05-04 20:45:00,78964.8,78964.8,78620.0,78964.8,0.228435
2026-05-04 21:00:00,78964.8,78964.8,78620.0,78964.8,0.197958
2026-05-04 21:15:00,78964.8,78964.8,78620.0,78964.8,1.21468
2026-05-04 21:30:00,78964.8,78964.8,78620.0,78964.8,0.206459
2026-05-04 21:45:00,78964.8,78964.8,78620.0,78964.8,0.196828
2026-05-04 22:00:00,78964.8,78964.8,78620.0,78964.8,2.107233
2026-05-04 22:15:00,78964.8,78964.8,78620.0,78964.8,0.228476
2026-05-04 22:30:00,78964.8,78964.8,78620.0,78964.8,0.224872
2026-05-04 22:45:00,78964.8,78964.8,78620.0,78964.8,0.189317
2026-05-04 23:00:00,78964.8,78964.8,78620.0,78964.8,0.196594
2026-05-04 23:15:00,78964.8,78964.8,78620.0,78964.8,0.204566
2026-05-04 23:30:00,78964.8,78964.8,78620.0,78964.8,0.223659
2026-05-04 23:45:00,78964.8,78964.8,78620.0,78964.8,0.205077
2026-05-05 00:00:00,78964.8,78964.8,78620.0,78964.8,0.218795
2026-05-05 00:15:00,78964.8,78964.8,51025.6,51282.0,6833.999778
2026-05-05 00:30:00,51282.0,51282.0,47930.4,48210.1,190.958851
2026-05-05 00:45:00,48210.1,48450.0,48210.1,48450.0,0.000907
2026-05-05 01:00:00,48450.0,50128.2,48098.0,48599.78,0.06151
2026-05-05 01:15:00,48599.78,48599.78,48599.7,48599.7,0.001107
2026-05-05 01:30:00,48599.7,48599.7,48599.7,48599.7,0.003556
2026-05-05 01:45:00,48599.7,50128.2,48243.2,48964.8,0.125591
2026-05-05 02:00:00,48964.8,49309.6,48230.3,48964.8,0.032711
2026-05-05 02:15:00,48964.8,50128.2,48275.2,50128.2,0.130018
2026-05-05 02:30:00,50128.2,50128.2,48542.8,49309.6,0.034588
2026-05-05 02:45:00,49309.6,49309.6,48345.9,48964.8,0.049049
2026-05-05 03:00:00,48964.8,49141.9,48297.6,49141.9,0.28027
2026-05-05 03:15:00,49141.9,49141.9,48599.78,48964.8,0.006233
2026-05-05 03:30:00,48964.8,48964.8,48620.0,48964.8,0.002983
2026-05-05 03:45:00,48964.8,50128.2,48964.8,50128.2,0.033896
2026-05-05 04:00:00,50128.2,50128.2,48564.3,48564.3,0.093983
2026-05-05 04:15:00,48564.3,50128.2,48564.3,48564.3,0.120788
2026-05-05 04:30:00,48564.3,48807.1,48564.3,48807.1,0.000364
2026-05-05 04:45:00,48807.1,48964.8,48807.1,48964.8,0.000998
2026-05-05 05:00:00,48964.8,48964.8,48964.8,48964.8,0.000754
2026-05-05 05:15:00,48964.8,48964.8,48964.8,48964.8,0.000488
2026-05-05 05:30:00,48964.8,48964.8,48964.8,48964.8,0.000264
2026-05-05 05:45:00,48964.8,50128.2,48964.8,49654.4,0.022167
2026-05-05 06:00:00,49654.4,50128.2,48964.8,49654.4,0.054646
2026-05-05 06:15:00,49654.4,50128.2,48620.0,49466.44,0.05942
2026-05-05 06:30:00,49466.44,49961.1,48599.78,48648.3,0.051132
2026-05-05 06:45:00,48648.3,49899.77,48564.3,48964.8,0.226207
2026-05-05 07:00:00,48964.8,49209.6,48564.3,48964.8,0.008396
2026-05-05 07:15:00,48964.8,48964.8,48964.8,48964.8,0.001242
2026-05-05 07:30:00,48964.8,49944.1,48964.8,49180.2,0.028404
2026-05-05 07:45:00,49180.2,50128.2,49033.1,50128.2,0.03549
2026-05-05 08:00:00,50128.2,50128.2,48564.3,49033.11,0.181189
2026-05-05 08:15:00,49033.11,49466.44,48564.3,49033.11,0.003519
2026-05-05 08:30:00,49033.11,49466.44,48564.3,49033.11,0.005563
2026-05-05 08:45:00,49033.11,50128.2,48564.3,49283.8,0.548898
2026-05-05 09:00:00,49283.8,49466.44,48442.5,49033.11,0.006784
2026-05-05 09:15:00,49033.11,50128.2,48487.8,48919.3,0.097801
2026-05-05 09:30:00,48919.3,50128.2,48564.3,48958.5,0.075112
2026-05-05 09:45:00,48958.5,49392.0,48468.9,48711.2,0.023091
2026-05-05 10:00:00,48711.2,49151.3,48599.78,48599.78,0.017172
2026-05-05 10:15:00,48599.78,48964.8,48599.78,48964.8,0.00059
2026-05-05 10:30:00,48964.8,49033.11,48620.0,48720.0,0.005739
2026-05-05 10:45:00,48720.0,49454.4,48452.3,49454.4,0.026445
2026-05-05 11:00:00,49454.4,49454.4,48564.3,48964.8,0.023029
2026-05-05 11:15:00,48964.8,49454.4,48564.3,48964.8,0.020904
2026-05-05 11:30:00,48964.8,49454.4,48620.0,49062.9,0.023932
2026-05-05 11:45:00,49062.9,49454.4,48564.3,48964.8,0.022337
2026-05-05 12:00:00,48964.8,49454.4,48964.8,49454.4,0.008551
2026-05-05 12:15:00,49454.4,49454.4,49454.4,49454.4,0.000706
2026-05-05 12:30:00,49454.4,49454.4,49454.4,49454.4,0.001272
2026-05-05 12:45:00,49454.4,49454.4,49454.4,49454.4,0.001453
2026-05-05 13:00:00,49454.4,49454.4,48964.8,49454.4,0.001756
2026-05-05 13:15:00,49454.4,49454.4,48959.9,49454.4,0.024978
2026-05-05 13:30:00,49454.4,49454.4,48863.1,49309.6,0.003831
2026-05-05 13:45:00,49309.6,50128.2,48964.8,49209.6,0.051448
2026-05-05 14:00:00,49209.6,50128.2,48964.8,48964.8,0.117131
2026-05-05 14:15:00,48964.8,50128.2,48720.0,49309.6,0.041194
2026-05-05 14:30:00,49309.6,49309.6,49309.6,49309.6,0.000465
2026-05-05 14:45:00,49309.6,50128.2,48964.8,48964.8,0.024207
2026-05-05 15:00:00,48964.8,50128.2,48964.8,48964.8,0.227985
2026-05-05 15:15:00,48964.8,49999.2,48964.8,49309.6,0.019693
2026-05-05 15:30:00,49309.6,49309.6,49063.1,49309.6,0.000162
2026-05-05 15:45:00,49309.6,50049.2,48964.8,48964.8,0.034407
2026-05-05 16:00:00,48964.8,50049.2,48964.8,49309.6,0.038289
2026-05-05 16:15:00,49309.6,50128.2,49309.6,50049.2,0.014877
2026-05-05 16:30:00,50049.2,50049.2,49033.11,49899.77,0.026413
2026-05-05 16:45:00,49899.77,50128.2,48798.0,49464.5,0.079314
2026-05-05 17:00:00,49464.5,50128.2,48798.0,48964.8,0.053298
2026-05-05 17:15:00,48964.8,49209.6,48964.8,49209.6,0.000894
2026-05-05 17:30:00,49209.6,49309.6,49209.6,49309.6,0.000364
2026-05-05 17:45:00,49309.6,49309.6,49309.6,49309.6,8e-05
2026-05-05 18:00:00,49309.6,49309.6,49309.6,49309.6,0.00104
2026-05-05 18:15:00,49309.6,49309.6,49309.6,49309.6,0.000707
2026-05-05 18:30:00,49309.6,49309.6,49309.6,49309.6,6e-05
2026-05-05 18:45:00,49309.6,50128.2,48964.8,48964.8,0.071411
2026-05-05 19:00:00,48964.8,50128.2,48964.8,50128.2,0.066149
2026-05-05 19:15:00,50128.2,50128.2,49654.4,50128.2,0.005775
2026-05-05 19:30:00,50128.2,50128.2,49877.6,49877.6,0.007956
2026-05-05 19:45:00,49877.6,50128.2,49877.6,50128.2,0.001075
2026-05-05 20:00:00,50128.2,50128.2,49877.6,50128.2,0.045743
2026-05-05 20:15:00,50128.2,50128.2,50128.2,50128.2,0.000873
2026-05-05 20:30:00,50128.2,50128.2,50128.2,50128.2,0.002748
2026-05-05 20:45:00,50128.2,50128.2,49877.6,50128.2,0.005565
2026-05-05 21:00:00,50128.2,50128.2,49125.6,50128.2,0.043123
2026-05-05 21:15:00,50128.2,50128.2,49654.4,50128.2,0.004072
2026-05-05 21:30:00,50128.2,50128.2,50128.2,50128.2,0.001355
2026-05-05 21:45:00,50128.2,50128.2,50128.2,50128.2,0.004264
2026-05-05 22:00:00,50128.2,50128.2,50128.2,50128.2,0.000539
2026-05-05 22:15:00,50128.2,50128.2,48875.0,49309.6,0.0238
2026-05-05 22:30:00,49309.6,49309.6,48720.0,49309.6,0.005142
2026-05-05 22:45:00,49309.6,49752.4,49309.6,49752.4,0.004622
2026-05-05 23:00:00,49752.4,49752.4,49752.4,49752.4,4e-05
2026-05-05 23:15:00,49752.4,50128.2,49309.6,49654.4,0.012556
2026-05-05 23:30:00,49654.4,50128.2,49654.4,50128.2,0.000655
2026-05-05 23:45:00,50128.2,50128.2,49654.4,50128.2,0.00506
2026-05-06 00:00:00,50128.2,50128.2,50128.2,50128.2,0.003817
2026-05-06 00:15:00,50128.2,50128.2,50128.2,50128.2,0.000275
2026-05-06 00:30:00,50128.2,50128.2,50128.2,50128.2,0.000256
2026-05-06 00:45:00,50128.2,50128.2,50128.2,50128.2,0.004662
2026-05-06 01:00:00,50128.2,50128.2,50128.2,50128.2,0.023972
2026-05-06 01:15:00,50128.2,50128.2,50128.2,50128.2,0.000275
2026-05-06 01:30:00,50128.2,50128.2,49654.4,50128.2,0.000654
2026-05-06 01:45:00,50128.2,50128.2,50128.2,50128.2,0.004264
2026-05-06 02:00:00,50128.2,50128.2,49033.1,50128.2,0.040038
2026-05-06 02:15:00,50128.2,50128.2,50128.2,50128.2,0.000275
2026-05-06 02:30:00,50128.2,50128.2,50128.2,50128.2,0.010355
2026-05-06 02:45:00,50128.2,79482.0,48816.5,79482.0,4350.031523
2026-05-06 03:00:00,79482.0,79482.0,79482.0,79482.0,0.001532
2026-05-06 03:15:00,79482.0,79482.0,79482.0,79482.0,0.002282
2026-05-06 03:30:00,79482.0,79482.0,79137.2,79482.0,0.002173
2026-05-06 03:45:00,79482.0,79482.0,79482.0,79482.0,0.00419
2026-05-06 04:00:00,79482.0,79482.0,79137.2,79482.0,0.007577
2026-05-06 04:15:00,79482.0,79482.0,48964.8,48964.8,4894.40687
2026-05-06 04:30:00,48964.8,50128.2,48964.8,49309.6,0.034852
2026-05-06 04:45:00,49309.6,49309.6,49309.6,49309.6,0.000485
2026-05-06 05:00:00,49309.6,49309.6,49309.6,49309.6,0.000445
2026-05-06 05:15:00,49309.6,49309.6,49309.6,49309.6,8e-05
2026-05-06 05:30:00,49309.6,49309.6,49309.6,49309.6,0.000931
2026-05-06 05:45:00,49309.6,50128.2,48964.8,48964.8,0.030427
2026-05-06 06:00:00,48964.8,49209.6,48964.8,49209.6,4e-05
2026-05-06 06:15:00,49209.6,50128.2,48964.8,49466.44,0.03237
2026-05-06 06:30:00,49466.44,49466.44,49466.44,49466.44,0.000423
2026-05-06 06:45:00,49466.44,49699.3,49466.44,49699.3,0.003641
2026-05-06 07:00:00,49699.3,49999.2,49699.3,49999.2,0.003711
2026-05-06 07:15:00,49999.2,49999.2,48964.8,49654.4,0.014245
2026-05-06 07:30:00,49654.4,50128.2,49309.6,49654.4,0.00906
2026-05-06 07:45:00,49654.4,50128.2,49466.44,50128.2,0.012049
2026-05-06 08:00:00,50128.2,50128.2,49654.4,50128.2,0.004566
2026-05-06 08:15:00,50128.2,50256.4,49654.4,50256.4,23.903396
2026-05-06 08:30:00,50256.4,51025.6,50000.0,51025.6,136.880079
2026-05-06 08:45:00,51025.6,51794.8,50769.2,51794.8,142.977411
2026-05-06 09:00:00,51794.8,52307.6,50897.4,51282.0,320.508608
2026-05-06 09:15:00,51282.0,79654.4,51025.6,79654.4,4156.056434
2026-05-06 09:30:00,79654.4,105003.62,49261.6,50384.6,16052.743668
2026-05-06 09:45:00,50384.6,51282.0,50384.6,51282.0,144.746751
2026-05-06 10:00:00,51282.0,51923.0,51282.0,51923.0,110.115629
2026-05-06 10:15:00,51923.0,52435.8,51923.0,52435.8,104.076639
2026-05-06 10:30:00,52435.8,53076.8,52435.8,53076.8,105.805474
2026-05-06 10:45:00,53076.8,53717.8,52948.6,53717.8,108.092158
2026-05-06 11:00:00,53717.8,54358.8,53717.8,54358.8,108.749366
2026-05-06 11:15:00,54358.8,54999.8,54230.6,54999.8,104.007873
2026-05-06 11:30:00,54999.8,55512.6,54999.8,55512.6,102.816906
2026-05-06 11:45:00,55512.6,56153.6,55512.6,56153.6,104.380947
2026-05-06 12:00:00,56153.6,56794.6,56025.4,56794.6,103.486735
2026-05-06 12:15:00,56794.6,57435.6,56794.6,57435.6,111.003032
2026-05-06 12:30:00,57435.6,58076.6,57307.4,58076.6,105.899714
2026-05-06 12:45:00,58076.6,58717.6,58006.3,58717.6,107.708282
2026-05-06 13:00:00,58717.6,59230.4,58461.2,59230.4,103.586392
2026-05-06 13:15:00,59230.4,59871.4,59230.4,59871.4,104.675427
2026-05-06 13:30:00,59871.4,60596.8,59615.0,60596.8,109.636333
2026-05-06 13:45:00,60596.8,61342.8,60298.4,61342.8,108.28208
2026-05-06 14:00:00,61342.8,61790.4,48964.8,50384.6,2073.239759
2026-05-06 14:15:00,50384.6,51025.6,50150.0,51025.6,109.210024
2026-05-06 14:30:00,51025.6,51538.4,50769.2,51538.4,109.030759
2026-05-06 14:45:00,51538.4,52179.4,51282.0,52179.4,110.980958
2026-05-06 15:00:00,52179.4,52820.4,51923.0,52820.4,109.332516
2026-05-06 15:15:00,52820.4,53589.6,52564.0,53589.6,115.036293
2026-05-06 15:30:00,53589.6,54102.4,53333.2,54102.4,108.989017
2026-05-06 15:45:00,54102.4,54871.6,53846.0,54871.6,113.81206
2026-05-06 16:00:00,54871.6,55512.6,54615.2,55512.6,114.235547
2026-05-06 16:15:00,55512.6,56153.6,55256.2,56153.6,114.139491
2026-05-06 16:30:00,56153.6,56794.6,55897.2,56794.6,115.642061
2026-05-06 16:45:00,56794.6,57563.8,48972.7,49047.6,1440.026397
2026-05-06 17:00:00,49047.6,50384.6,48964.8,50384.6,112.947484
2026-05-06 17:15:00,50384.6,51025.6,50128.2,51025.6,110.994776
2026-05-06 17:30:00,51025.6,51538.4,50769.2,51538.4,114.789686
2026-05-06 17:45:00,51538.4,52179.4,51410.2,52179.4,113.642811
2026-05-06 18:00:00,52179.4,52820.4,51923.0,52820.4,109.824298
2026-05-06 18:15:00,52820.4,53461.4,52564.0,53461.4,115.636779
2026-05-06 18:30:00,53461.4,54102.4,53205.0,54102.4,119.945509
2026-05-06 18:45:00,54102.4,54871.6,53974.2,54871.6,114.406215
2026-05-06 19:00:00,54871.6,55384.4,54615.2,55384.4,109.320438
2026-05-06 19:15:00,55384.4,56153.6,55256.2,56153.6,120.679984
2026-05-06 19:30:00,56153.6,56794.6,55897.2,56794.6,124.993273
2026-05-06 19:45:00,56794.6,57435.6,56538.2,57435.6,112.224532
2026-05-06 20:00:00,57435.6,58204.8,57435.6,58204.8,111.243084
2026-05-06 20:15:00,58204.8,58589.4,58204.8,58589.4,62.531942
2026-05-06 20:30:00,58589.4,58589.4,58333.0,58589.4,0.974333
2026-05-06 20:45:00,58589.4,58589.4,58333.0,58589.4,0.961845
2026-05-06 21:00:00,58589.4,58589.4,58333.0,58333.0,0.950404
2026-05-06 21:15:00,58333.0,58589.4,58333.0,58589.4,0.950768
2026-05-06 21:30:00,58589.4,58589.4,58589.4,58589.4,0.000391
2026-05-06 21:45:00,58589.4,58589.4,58589.4,58589.4,0.000408
2026-05-06 22:00:00,58589.4,58589.4,58333.0,58589.4,0.949347
2026-05-06 22:15:00,58589.4,58589.4,58589.4,58589.4,0.000408
2026-05-06 22:30:00,58589.4,58589.4,58589.4,58589.4,0.458941
2026-05-06 22:45:00,58589.4,58589.4,58333.0,58589.4,2.829199
2026-05-06 23:00:00,58589.4,58589.4,58333.0,58589.4,0.940146
2026-05-06 23:15:00,58589.4,58717.6,58589.4,58717.6,0.938326
2026-05-06 23:30:00,58717.6,61641.2,58333.0,61641.2,530.001561
2026-05-06 23:45:00,61641.2,114000.0,55384.4,113658.0,5676.449135
2026-05-07 00:00:00,113658.0,114075.97,89800.1,104557.43,99.073312
2026-05-07 00:15:00,104557.43,114000.0,89800.0,98045.31,146.924014
2026-05-07 00:30:00,98045.31,113724.67,89800.1,91029.53,109.395472
2026-05-07 00:45:00,91029.53,91254.61,91029.53,91254.61,0.000477
2026-05-07 01:00:00,91254.61,95470.21,89800.0,90129.21,1.104033
2026-05-07 01:15:00,90129.21,96206.37,89800.0,90069.5,2.200481
2026-05-07 01:30:00,90069.5,107318.2,89800.1,89891.77,7.749559
2026-05-07 01:45:00,89891.77,106214.8,89800.0,90086.2,7.007758
2026-05-07 02:00:00,90086.2,90129.21,90086.2,90129.21,0.000822
2026-05-07 02:15:00,90129.21,90160.0,90069.4,90069.4,0.000637
2026-05-07 02:30:00,90069.4,95470.21,90069.4,95183.8,0.574484
2026-05-07 02:45:00,95183.8,95183.8,94966.09,95183.8,0.000712
2026-05-07 03:00:00,95183.8,95183.8,89800.0,90160.0,0.570016
2026-05-07 03:15:00,90160.0,90160.0,90160.0,90160.0,0.001373
2026-05-07 03:30:00,90160.0,95470.21,90160.0,95183.8,0.56355
2026-05-07 03:45:00,95183.8,96935.2,89800.0,92380.01,1.660665
2026-05-07 04:00:00,92380.01,92409.6,90804.45,90804.45,0.369945
2026-05-07 04:15:00,90804.45,95470.21,90804.45,95306.05,0.552863
2026-05-07 04:30:00,95306.05,95306.05,89800.0,90930.16,0.578962
2026-05-07 04:45:00,90930.16,95470.21,90930.16,95183.8,0.541221
2026-05-07 05:00:00,95183.8,96935.2,95118.11,96842.56,0.19083
2026-05-07 05:15:00,96842.56,96842.56,96842.56,96842.56,0.000246
2026-05-07 05:30:00,96842.56,96881.61,96611.6,96881.61,0.519161
2026-05-07 05:45:00,96881.61,113452.68,93320.7,110684.0,3.362526
2026-05-07 06:00:00,110684.0,113480.01,98989.53,98989.53,1.387092
2026-05-07 06:15:00,98989.53,106301.84,98989.53,106301.84,0.603772
2026-05-07 06:30:00,106301.84,106301.84,81176.0,81176.0,1077.265239
2026-05-07 06:45:00,81176.0,81764.0,81176.0,81443.2,99.095556
2026-05-07 07:00:00,81443.2,81960.0,80980.0,81665.2,174.739033
2026-05-07 07:15:00,81665.2,82156.0,81372.0,81764.0,93.83326
2026-05-07 07:30:00,81764.0,82026.33,81176.0,81590.8,132.753913
2026-05-07 07:45:00,81590.8,81960.0,80980.0,81527.5,160.193212
2026-05-07 08:00:00,81527.5,82156.0,80980.0,81515.8,177.638591
2026-05-07 08:15:00,81515.8,81960.0,80980.0,81405.6,177.896807
2026-05-07 08:30:00,81405.6,81764.0,80784.0,81176.0,170.458409
2026-05-07 08:45:00,81176.0,81764.0,80784.0,81224.4,161.603002
2026-05-07 09:00:00,81224.4,84000.0,72930.8,73275.6,2018.027184
2026-05-07 09:15:00,73275.6,108432.4,48964.8,106411.04,10199.907813
2026-05-07 09:30:00,106411.04,113480.01,103331.0,112420.96,154.158338
2026-05-07 09:45:00,112420.96,113300.2,89800.0,89800.0,8.692616
2026-05-07 10:00:00,89800.0,90129.21,89800.0,89800.0,5.096686
2026-05-07 10:15:00,89800.0,90112.5,89800.0,89800.0,3.042761
2026-05-07 10:30:00,89800.0,90202.6,89800.0,89800.0,1.917652
2026-05-07 10:45:00,89800.0,90292.9,89800.0,89800.0,2.073322
2026-05-07 11:00:00,89800.0,90112.5,89800.0,89800.0,1.883594
2026-05-07 11:15:00,89800.0,90112.5,89800.0,89800.0,1.743968
2026-05-07 11:30:00,89800.0,90202.6,89800.0,89800.0,1.774893
2026-05-07 11:45:00,89800.0,90191.11,89800.0,89800.0,1.564638
2026-05-07 12:00:00,89800.0,98033.55,89800.0,91950.89,2.726551
2026-05-07 12:15:00,91950.89,92409.6,89800.0,89800.0,1.369758
2026-05-07 12:30:00,89800.0,90129.21,89800.0,89800.0,1.196917
2026-05-07 12:45:00,89800.0,90129.21,89800.0,90112.5,1.409702
2026-05-07 13:00:00,90112.5,90112.5,89604.0,89904.13,1.010293
2026-05-07 13:15:00,89904.13,89904.13,89604.0,89604.0,0.31976
2026-05-07 13:30:00,89604.0,89904.13,89604.0,89904.13,0.113839
2026-05-07 13:45:00,89904.13,112695.09,89604.0,112063.2,28.061278
2026-05-07 14:00:00,112063.2,112623.5,111865.96,112240.0,0.010952
2026-05-07 14:15:00,112240.0,112240.0,111718.4,112240.0,0.002425
2026-05-07 14:30:00,112240.0,112240.0,109303.52,109303.52,0.157309
2026-05-07 14:45:00,109303.52,109649.6,108516.7,108516.7,0.076241
2026-05-07 15:00:00,108516.7,108960.0,107842.8,107842.8,0.079389
2026-05-07 15:15:00,107842.8,108399.32,107842.8,108399.32,0.074474
2026-05-07 15:30:00,108399.32,111971.87,108382.0,111971.87,1.094984
2026-05-07 15:45:00,111971.87,111971.87,111600.0,111971.87,0.00031
2026-05-07 16:00:00,111971.87,111971.87,111600.0,111600.0,0.0002
2026-05-07 16:15:00,111600.0,111971.87,111600.0,111971.87,1.6e-05
2026-05-07 16:30:00,111971.87,111971.87,111600.0,111600.0,0.00027
2026-05-07 16:45:00,111600.0,111600.0,89800.0,89800.0,21.387197
2026-05-07 17:00:00,89800.0,111860.25,89016.0,109999.9,393.908604
2026-05-07 17:15:00,109999.9,109999.9,109999.9,109999.9,0.000216
2026-05-07 17:30:00,109999.9,109999.9,109994.4,109999.9,0.008485
2026-05-07 17:45:00,109999.9,109999.9,109999.9,109999.9,0.000216
2026-05-07 18:00:00,109999.9,109999.9,108399.32,108720.0,0.057146
2026-05-07 18:15:00,108720.0,108960.0,108400.0,108400.0,0.00441
2026-05-07 18:30:00,108400.0,109089.65,108400.0,109089.65,0.006346
2026-05-07 18:45:00,109089.65,109126.0,107440.0,107440.0,0.052245
2026-05-07 19:00:00,107440.0,107925.6,107440.0,107925.6,0.000383
2026-05-07 19:15:00,107925.6,107925.6,107925.6,107925.6,0.000313
2026-05-07 19:30:00,107925.6,107925.6,107440.0,107925.6,0.000579
2026-05-07 19:45:00,107925.6,108080.0,107318.2,108080.0,0.011128
2026-05-07 20:00:00,108080.0,108080.0,107580.8,107580.8,0.000662
2026-05-07 20:15:00,107580.8,108080.0,107580.8,107580.8,0.004228
2026-05-07 20:30:00,107580.8,107925.6,107580.8,107925.6,0.004487
2026-05-07 20:45:00,107925.6,108400.0,107440.0,108080.0,0.036316
2026-05-07 21:00:00,108080.0,108399.32,106301.84,106301.84,0.135752
2026-05-07 21:15:00,106301.84,106800.0,105512.0,105512.0,0.092094
2026-05-07 21:30:00,105512.0,105840.0,104298.3,104822.4,0.064978
2026-05-07 21:45:00,104822.4,104822.4,104178.3,104560.0,0.011581
2026-05-07 22:00:00,104560.0,104932.68,104147.77,104147.77,0.027143
2026-05-07 22:15:00,104147.77,104560.0,103810.95,103810.95,0.012509
2026-05-07 22:30:00,103810.95,104240.0,98989.53,98989.53,0.953024
2026-05-07 22:45:00,98989.53,98989.53,89800.0,89800.0,6.575441
2026-05-07 23:00:00,89800.0,92600.0,89800.0,89800.0,6.73154
2026-05-07 23:15:00,89800.0,91030.4,89800.0,89800.0,6.611507
2026-05-07 23:30:00,89800.0,90112.5,89800.0,89800.0,6.590976
2026-05-07 23:45:00,89800.0,89904.13,89604.0,89604.0,6.504868
2026-05-08 00:00:00,89604.0,89904.13,79227.21,79482.0,1229.847989
2026-05-08 00:15:00,79482.0,79482.0,79366.21,79482.0,1.09031
2026-05-08 00:30:00,79482.0,79482.0,79366.21,79482.0,9.654756
2026-05-08 00:45:00,79482.0,79482.0,79137.2,79482.0,0.296748
2026-05-08 01:00:00,79482.0,83920.0,79137.2,83920.0,582.324354
2026-05-08 01:15:00,83920.0,111682.0,83528.0,110999.3,777.851383
2026-05-08 01:30:00,110999.3,111746.84,108429.41,111600.0,13.80244
2026-05-08 01:45:00,111600.0,111746.84,107263.08,111604.0,13.531365
2026-05-08 02:00:00,111604.0,111638.65,89800.0,89800.0,8.36869
2026-05-08 02:15:00,89800.0,107023.81,89800.0,95470.21,10.112283
2026-05-08 02:30:00,95470.21,95756.21,89800.0,89800.0,16.990091
2026-05-08 02:45:00,89800.0,90112.5,89604.0,89604.0,6.526121
2026-05-08 03:00:00,89604.0,89932.6,89604.0,89604.0,6.544349
2026-05-08 03:15:00,89604.0,89944.76,89604.0,89604.0,6.512643
2026-05-08 03:30:00,89604.0,89904.13,89604.0,89604.0,6.538073
2026-05-08 03:45:00,89604.0,89904.13,89408.0,89408.0,6.565057
2026-05-08 04:00:00,89408.0,89800.0,89408.0,89408.0,6.462705
2026-05-08 04:15:00,89408.0,89679.05,89408.0,89408.0,6.644048
2026-05-08 04:30:00,89408.0,89698.41,89408.0,89408.0,6.616896
2026-05-08 04:45:00,89408.0,89453.97,89212.0,89212.0,6.656335
2026-05-08 05:00:00,89212.0,89453.97,89212.0,89212.0,6.588158
2026-05-08 05:15:00,89212.0,89453.97,89212.0,89212.0,6.649296
2026-05-08 05:30:00,89212.0,89453.97,89016.0,89016.0,14.517508
2026-05-08 05:45:00,89016.0,89408.0,89016.0,89016.0,6.41371
2026-05-08 06:00:00,89016.0,89305.6,89016.0,89016.0,6.60733
2026-05-08 06:15:00,89016.0,89394.9,89016.0,89016.0,6.554393
2026-05-08 06:30:00,89016.0,89408.0,88820.0,88820.0,6.442804
2026-05-08 06:45:00,88820.0,89212.0,88820.0,88820.0,6.69126
2026-05-08 07:00:00,88820.0,89212.0,88820.0,88820.0,6.51616
2026-05-08 07:15:00,88820.0,89127.2,88820.0,88820.0,6.433778
2026-05-08 07:30:00,88820.0,89127.2,88624.0,88624.0,6.55858
2026-05-08 07:45:00,88624.0,88959.36,88624.0,88624.0,6.637373
2026-05-08 08:00:00,88624.0,89016.0,88624.0,88624.0,3.31091
2026-05-08 08:15:00,88624.0,88959.36,88624.0,88624.0,2.608692
2026-05-08 08:30:00,88624.0,89800.0,71551.6,71896.4,7671.185867
2026-05-08 08:45:00,71896.4,111818.18,61790.4,111411.6,11860.049838
2026-05-08 09:00:00,111411.6,111990.68,89800.0,111971.87,20.839131
2026-05-08 09:15:00,111971.87,112063.2,104601.6,111827.0,7.533979
2026-05-08 09:30:00,111827.0,111875.0,100240.9,100240.9,2.75909
2026-05-08 09:45:00,100240.9,100482.89,94823.2,94823.2,1.844886
2026-05-08 10:00:00,94823.2,95080.97,89800.0,89800.0,1.818346
2026-05-08 10:15:00,89800.0,94877.45,89800.0,89800.0,3.282355
2026-05-08 10:30:00,89800.0,94791.0,89800.0,90520.0,2.453534
2026-05-08 10:45:00,90520.0,90930.16,89800.0,89800.0,1.720604
2026-05-08 11:00:00,89800.0,93505.41,89800.0,89800.0,2.859114
2026-05-08 11:15:00,89800.0,90112.5,89800.0,89800.0,2.008327
2026-05-08 11:30:00,89800.0,94908.96,89800.0,89800.0,2.462807
2026-05-08 11:45:00,89800.0,90930.16,89800.0,89800.0,2.279844
2026-05-08 12:00:00,89800.0,90112.5,89800.0,89800.0,1.46284
2026-05-08 12:15:00,89800.0,92600.0,89800.0,89800.0,1.607166
2026-05-08 12:30:00,89800.0,90112.5,89604.0,89604.0,1.49609
2026-05-08 12:45:00,89604.0,89996.0,89604.0,89996.0,2.508372
2026-05-08 13:00:00,89996.0,89996.0,89604.0,89604.0,1.455748
2026-05-08 13:15:00,89604.0,89996.0,89604.0,89604.0,1.233526
2026-05-08 13:30:00,89604.0,89932.6,89604.0,89804.0,0.959591
2026-05-08 13:45:00,89804.0,89996.0,89604.0,89904.13,0.204775
2026-05-08 14:00:00,89904.13,89996.0,89604.0,89604.0,0.563714
2026-05-08 14:15:00,89604.0,89904.13,89604.0,89604.0,0.914149
2026-05-08 14:30:00,89604.0,89904.13,89604.0,89904.13,0.657698
2026-05-08 14:45:00,89904.13,89904.13,89604.0,89604.0,0.184146
2026-05-08 15:00:00,89604.0,94244.9,89604.0,93700.5,26.580224
2026-05-08 15:15:00,93700.5,99760.0,93576.5,99120.0,5.347543
2026-05-08 15:30:00,99120.0,111796.46,87644.0,88036.0,1314.694541
2026-05-08 15:45:00,88036.0,108061.2,80196.0,82548.0,5654.445754
2026-05-08 16:00:00,82548.0,85488.0,82352.0,85488.0,305.6424
2026-05-08 16:15:00,85488.0,88036.0,85096.0,88036.0,306.510872
2026-05-08 16:30:00,88036.0,95000.0,88036.0,95000.0,286.119203
2026-05-08 16:45:00,95000.0,111818.18,92577.5,111411.6,37.575829
2026-05-08 17:00:00,111411.6,111920.0,108704.6,111818.18,0.818183
2026-05-08 17:15:00,111818.18,112000.0,110132.64,111951.2,0.240606
2026-05-08 17:30:00,111951.2,112305.2,110640.0,112305.2,0.204376
2026-05-08 17:45:00,112305.2,112305.2,110684.0,111920.0,0.072293
2026-05-08 18:00:00,111920.0,112344.45,111920.0,112344.45,1.6e-05
2026-05-08 18:15:00,112344.45,112421.0,112025.7,112421.0,0.026817
2026-05-08 18:30:00,112421.0,112421.0,112063.2,112063.2,0.001
2026-05-08 18:45:00,112063.2,112063.2,112063.2,112063.2,0.0
2026-05-08 19:00:00,112063.2,112063.2,112058.3,112058.3,0.072358
2026-05-08 19:15:00,112058.3,112062.0,112058.3,112060.8,0.237639
2026-05-08 19:30:00,112060.8,112063.2,104688.95,104688.95,1.22772
2026-05-08 19:45:00,104688.95,112110.76,95470.21,99652.6,5.404422
2026-05-08 20:00:00,99652.6,99652.6,91950.89,91950.89,2.904216
2026-05-08 20:15:00,91950.89,91950.89,89800.0,89800.0,2.666593
2026-05-08 20:30:00,89800.0,90112.5,89800.0,89800.0,2.63259
2026-05-08 20:45:00,89800.0,90129.21,89800.0,89800.0,2.596882
2026-05-08 21:00:00,89800.0,90112.5,89800.0,89800.0,2.6584
2026-05-08 21:15:00,89800.0,90191.11,89800.0,89800.0,2.648477
2026-05-08 21:30:00,89800.0,90191.11,89800.0,89800.0,2.358939
2026-05-08 21:45:00,89800.0,90129.21,89800.0,89800.0,2.231797
2026-05-08 22:00:00,89800.0,90112.5,89800.0,89800.0,2.257427
2026-05-08 22:15:00,89800.0,109808.2,89800.0,108466.36,6.348623
2026-05-08 22:30:00,108466.36,112509.3,108399.32,112408.0,4.847023
2026-05-08 22:45:00,112408.0,112420.96,109649.6,112387.0,4.436735
2026-05-08 23:00:00,112387.0,112408.0,109574.2,112299.29,4.193287
2026-05-08 23:15:00,112299.29,112299.29,109600.0,112275.0,4.278528
2026-05-08 23:30:00,112275.0,112275.0,98989.53,98989.53,2.567827
2026-05-08 23:45:00,98989.53,99306.06,93317.2,93317.2,1.940594
2026-05-09 00:00:00,93317.2,93600.9,79482.0,80163.1,1392.746348
2026-05-09 00:15:00,80163.1,81960.0,79826.8,81568.0,307.880197
2026-05-09 00:30:00,81568.0,88624.0,81568.0,88232.0,824.918083
2026-05-09 00:45:00,88232.0,89408.0,88232.0,89408.0,109.287787
2026-05-09 01:00:00,89408.0,112344.45,89228.89,102617.4,84.559793
2026-05-09 01:15:00,102617.4,102960.0,97873.5,97873.5,1.497142
2026-05-09 01:30:00,97873.5,98232.09,91950.89,91950.89,1.637194
2026-05-09 01:45:00,91950.89,91950.89,89800.0,89800.0,1.785664
2026-05-09 02:00:00,89800.0,90112.5,89800.0,89800.0,1.457956
2026-05-09 02:15:00,89800.0,90112.5,89800.0,89800.0,1.087982
2026-05-09 02:30:00,89800.0,90112.5,89800.0,89800.0,1.025715
2026-05-09 02:45:00,89800.0,90129.21,89800.0,90112.5,0.801083
2026-05-09 03:00:00,90112.5,90129.21,89800.0,89800.0,0.617268
2026-05-09 03:15:00,89800.0,90191.11,89800.0,89800.0,0.219425
2026-05-09 03:30:00,89800.0,90112.5,89800.0,90112.5,0.107099
2026-05-09 03:45:00,90112.5,90112.5,89800.0,90112.5,0.187129
2026-05-09 04:00:00,90112.5,90249.0,89800.0,89800.0,0.657169
2026-05-09 04:15:00,89800.0,90340.8,89800.0,89800.0,0.518697
2026-05-09 04:30:00,89800.0,90112.5,89800.0,89800.0,0.575662
2026-05-09 04:45:00,89800.0,90632.79,89800.0,90112.5,0.05568
2026-05-09 05:00:00,90112.5,90112.5,89800.0,90112.5,0.000342
2026-05-09 05:15:00,90112.5,107842.8,89800.0,104405.0,18.872096
2026-05-09 05:30:00,104405.0,112560.0,90217.3,90217.3,1804.062552
2026-05-09 05:45:00,90217.3,90434.6,79137.2,80383.0,1510.397136
2026-05-09 06:00:00,80383.0,80980.0,80196.0,80980.0,62.595851
2026-05-09 06:15:00,80980.0,80980.0,80730.3,80980.0,0.000431
2026-05-09 06:30:00,80980.0,80980.0,80730.3,80980.0,0.000999
2026-05-09 06:45:00,80980.0,80980.0,80730.3,80980.0,3.775846
2026-05-09 07:00:00,80980.0,80980.0,80588.0,80980.0,0.066597
2026-05-09 07:15:00,80980.0,80980.0,80730.3,80980.0,0.002765
2026-05-09 07:30:00,80980.0,80980.0,80730.3,80980.0,0.001616
2026-05-09 07:45:00,80980.0,80980.0,80730.3,80980.0,0.002134
2026-05-09 08:00:00,80980.0,80980.0,80675.85,80980.0,0.076523
2026-05-09 08:15:00,80980.0,80980.0,80730.3,80980.0,0.00032
2026-05-09 08:30:00,80980.0,80980.0,80588.0,80980.0,0.035468
2026-05-09 08:45:00,80980.0,80980.0,80588.0,80891.9,1.054494
2026-05-09 09:00:00,80891.9,80891.9,80588.0,80588.0,0.035272
2026-05-09 09:15:00,80588.0,80980.0,80588.0,80588.0,5.329095
2026-05-09 09:30:00,80588.0,80980.0,80588.0,80588.0,6.624798
2026-05-09 09:45:00,80588.0,80891.9,80392.0,80392.0,6.615763
2026-05-09 10:00:00,80392.0,80784.0,80392.0,80392.0,6.610564
2026-05-09 10:15:00,80392.0,80730.3,80392.0,80392.0,6.565723
2026-05-09 10:30:00,80392.0,80649.7,80000.0,80000.0,69.42525
2026-05-09 10:45:00,80000.0,80784.0,80000.0,80392.0,64.809597
2026-05-09 11:00:00,80392.0,80675.85,75861.6,76206.4,512.829293
2026-05-09 11:15:00,76206.4,76206.4,48243.2,49141.8,4441.534928
2026-05-09 11:30:00,49141.8,50256.4,49141.8,50256.4,193.594998
2026-05-09 11:45:00,50256.4,51410.2,50000.0,51410.2,193.531456
2026-05-09 12:00:00,51410.2,52564.0,51153.8,52564.0,193.347096
2026-05-09 12:15:00,52564.0,53589.6,52307.6,53589.6,193.17735
2026-05-09 12:30:00,53589.6,54743.4,53333.2,54743.4,192.946406
2026-05-09 12:45:00,54743.4,55897.2,54487.0,55897.2,192.852683
2026-05-09 13:00:00,55897.2,57051.0,55640.8,57051.0,192.809926
2026-05-09 13:15:00,57051.0,58076.6,56794.6,58076.6,193.238413
2026-05-09 13:30:00,58076.6,59230.4,57820.2,59230.4,193.105398
2026-05-09 13:45:00,59230.4,60447.6,58974.0,60447.6,193.138343
2026-05-09 14:00:00,60447.6,79137.2,60149.2,79137.2,2508.320961
2026-05-09 14:15:00,79137.2,81176.0,79137.2,80319.4,411.501822
2026-05-09 14:30:00,80319.4,80784.0,79826.8,80329.6,164.378689
2026-05-09 14:45:00,80329.6,80784.0,79826.8,80392.0,130.088498
2026-05-09 15:00:00,80392.0,80649.7,79826.8,80588.0,156.856498
2026-05-09 15:15:00,80588.0,80784.0,80000.0,80404.7,152.542176
2026-05-09 15:30:00,80404.7,80980.0,74654.8,74654.8,864.346018
2026-05-09 15:45:00,74654.8,74827.2,52435.8,52435.8,6530.046264
2026-05-09 16:00:00,52435.8,52692.2,48397.7,48504.0,1084.818501
2026-05-09 16:15:00,48504.0,48610.3,48397.7,48397.7,381.090111
2026-05-09 16:30:00,48397.7,48504.0,48397.7,48504.0,383.755193
2026-05-09 16:45:00,48504.0,48504.0,48397.7,48504.0,382.49563
2026-05-09 17:00:00,48504.0,48610.3,48397.7,48610.3,372.51227
2026-05-09 17:15:00,48610.3,48610.3,48504.0,48610.3,382.353934
2026-05-09 17:30:00,48610.3,80784.0,48504.0,67907.6,9756.316236
2026-05-09 17:45:00,67907.6,67907.6,48504.0,48610.3,1883.766978
2026-05-09 18:00:00,48610.3,48716.6,48504.0,48610.3,382.192241
2026-05-09 18:15:00,48610.3,48822.9,48504.0,48822.9,352.101025
2026-05-09 18:30:00,48822.9,48822.9,48610.3,48716.6,391.828452
2026-05-09 18:45:00,48716.6,48822.9,48610.3,48716.6,391.910294
2026-05-09 19:00:00,48716.6,49141.8,48610.3,49141.8,321.783537
2026-05-09 19:15:00,49141.8,50128.2,49141.8,50128.2,192.034461
2026-05-09 19:30:00,50128.2,50256.4,48504.0,48610.3,608.806276
2026-05-09 19:45:00,48610.3,48716.6,48504.0,48716.6,376.220174
2026-05-09 20:00:00,48716.6,48716.6,48504.0,48610.3,402.050742
2026-05-09 20:15:00,48610.3,48610.3,48504.0,48610.3,383.139478
2026-05-09 20:30:00,48610.3,48610.3,48504.0,48504.0,385.969927
2026-05-09 20:45:00,48504.0,48610.3,48504.0,48610.3,390.356142
2026-05-09 21:00:00,48610.3,48716.6,48504.0,48610.3,369.79858
2026-05-09 21:15:00,48610.3,48716.6,48504.0,48610.3,394.646324
2026-05-09 21:30:00,48610.3,48610.3,48504.0,48600.3,427.875787
2026-05-09 21:45:00,48600.3,48929.2,48504.0,48610.3,1119.976075
2026-05-09 22:00:00,48610.3,80980.0,48504.0,80980.0,5735.79927
2026-05-09 22:15:00,80980.0,93042.2,68056.8,68056.8,4402.865425
2026-05-09 22:30:00,68056.8,68206.0,49354.4,49460.7,2662.774483
2026-05-09 22:45:00,49460.7,49460.7,48490.6,48504.0,488.521869
2026-05-09 23:00:00,48504.0,48610.3,48442.1,48610.3,391.117635
2026-05-09 23:15:00,48610.3,48610.3,48397.7,48610.3,382.470039
2026-05-09 23:30:00,48610.3,48610.3,48393.7,48504.0,392.41351
2026-05-09 23:45:00,48504.0,48610.3,48397.7,48442.1,382.751229
2026-05-10 00:00:00,48442.1,80784.0,48397.7,69101.2,6337.632709
2026-05-10 00:15:00,69101.2,69101.2,56025.4,56281.8,2136.25246
2026-05-10 00:30:00,56281.8,56281.8,48442.1,48610.3,1581.819973
2026-05-10 00:45:00,48610.3,48610.3,48393.7,48504.0,392.676065
2026-05-10 01:00:00,48504.0,48504.0,48397.7,48504.0,392.536816
2026-05-10 01:15:00,48504.0,48504.0,48345.4,48504.0,382.456188
2026-05-10 01:30:00,48504.0,48504.0,48345.4,48504.0,382.918783
2026-05-10 01:45:00,48504.0,48610.3,48397.7,48504.0,392.733304
2026-05-10 02:00:00,48504.0,48610.3,48393.7,48504.0,382.656852
2026-05-10 02:15:00,48504.0,48610.3,48397.7,48610.3,372.399519
2026-05-10 02:30:00,48610.3,48610.3,48442.1,48610.3,382.437659
2026-05-10 02:45:00,48610.3,48610.3,48442.1,48610.3,382.178041
2026-05-10 03:00:00,48610.3,48610.3,48504.0,48610.3,391.561485
2026-05-10 03:15:00,48610.3,48610.3,48504.0,48610.3,381.906071
2026-05-10 03:30:00,48610.3,48716.6,48442.1,48610.3,381.613048
2026-05-10 03:45:00,48610.3,48610.3,48504.0,48610.3,381.8433
2026-05-10 04:00:00,48610.3,48610.3,48504.0,48610.3,392.297465
2026-05-10 04:15:00,48610.3,48610.3,48504.0,48610.3,382.074758
2026-05-10 04:30:00,48610.3,48610.3,48504.0,48610.3,382.121334
2026-05-10 04:45:00,48610.3,48610.3,48442.1,48610.3,382.542796
2026-05-10 05:00:00,48610.3,48610.3,48442.1,48610.3,392.340745
2026-05-10 05:15:00,48610.3,48610.3,48504.0,48610.3,382.181871
2026-05-10 05:30:00,48610.3,48610.3,48442.1,48442.1,382.550378
2026-05-10 05:45:00,48442.1,48610.3,48442.1,48442.1,392.821192
2026-05-10 06:00:00,48442.1,48610.3,48442.1,48442.1,382.312447
2026-05-10 06:15:00,48442.1,48610.3,48397.7,48504.0,402.771523
2026-05-10 06:30:00,48504.0,48610.3,48397.7,48610.3,362.281051
2026-05-10 06:45:00,48610.3,48610.3,48442.1,48610.3,387.97889
2026-05-10 07:00:00,48610.3,48610.3,48442.1,48610.3,386.756103
2026-05-10 07:15:00,48610.3,48610.3,48442.1,48610.3,382.435513
2026-05-10 07:30:00,48610.3,48610.3,48504.0,48610.3,385.837085
2026-05-10 07:45:00,48610.3,48610.3,48442.1,48610.3,388.466604
2026-05-10 08:00:00,48610.3,48610.3,48442.1,48610.3,382.40417
2026-05-10 08:15:00,48610.3,48716.6,48504.0,48716.6,369.875675
2026-05-10 08:30:00,48716.6,48716.6,48490.6,48610.3,394.733629
2026-05-10 08:45:00,48610.3,48716.6,48504.0,48610.3,386.515765
2026-05-10 09:00:00,48610.3,48716.6,48504.0,48716.6,368.145117
2026-05-10 09:15:00,48716.6,48716.6,48500.0,48610.3,402.326873
2026-05-10 09:30:00,48610.3,48610.3,48490.6,48610.3,382.420209
2026-05-10 09:45:00,48610.3,48610.3,48504.0,48610.3,392.235425
2026-05-10 10:00:00,48610.3,48610.3,48442.1,48610.3,382.638666
2026-05-10 10:15:00,48610.3,48610.3,48442.1,48610.3,382.41419
2026-05-10 10:30:00,48610.3,48610.3,48504.0,48610.3,388.826578
2026-05-10 10:45:00,48610.3,48716.6,48504.0,48716.6,365.815755
2026-05-10 11:00:00,48716.6,48716.6,48539.1,48716.6,382.104458
2026-05-10 11:15:00,48716.6,48822.9,48490.6,48716.6,399.9971
2026-05-10 11:30:00,48716.6,49567.0,48504.0,49567.0,307.883012
2026-05-10 11:45:00,49567.0,49992.2,49567.0,49992.2,81.25457
2026-05-10 12:00:00,49992.2,51282.0,49992.2,51282.0,192.459248
2026-05-10 12:15:00,51282.0,52435.8,51282.0,52435.8,192.219174
2026-05-10 12:30:00,52435.8,53717.8,52369.8,53717.8,192.135894
2026-05-10 12:45:00,53717.8,54999.8,53717.8,54999.8,192.063017
2026-05-10 13:00:00,54999.8,56153.6,54943.6,56153.6,191.873323
2026-05-10 13:15:00,56153.6,57435.6,56109.0,57435.6,191.602991
2026-05-10 13:30:00,57435.6,58589.4,57241.9,58589.4,191.13001
2026-05-10 13:45:00,58589.4,59871.4,58514.5,59871.4,191.065287
2026-05-10 14:00:00,59871.4,61342.8,59615.0,61342.8,191.549781
2026-05-10 14:15:00,61342.8,62685.6,61145.3,62685.6,191.505427
2026-05-10 14:30:00,62685.6,64177.6,62685.6,64177.6,191.428087
2026-05-10 14:45:00,64177.6,65669.6,64086.2,65669.6,191.556245
2026-05-10 15:00:00,65669.6,66863.2,65445.6,66863.2,169.767745
2026-05-10 15:15:00,66863.2,66863.2,66567.1,66633.7,0.187951
2026-05-10 15:30:00,66633.7,66863.2,66564.8,66863.2,0.099441
2026-05-10 15:45:00,66863.2,66863.2,66567.1,66567.1,0.013305
2026-05-10 16:00:00,66567.1,66863.2,66564.8,66863.2,0.515891
2026-05-10 16:15:00,66863.2,66863.2,66863.2,66863.2,0.000205
2026-05-10 16:30:00,66863.2,66863.2,66863.2,66863.2,0.001699
2026-05-10 16:45:00,66863.2,66863.2,66863.2,66863.2,0.000504
2026-05-10 17:00:00,66863.2,66863.2,66633.7,66633.7,0.007123
2026-05-10 17:15:00,66633.7,66863.2,66633.7,66633.7,0.013693
2026-05-10 17:30:00,66633.7,66863.2,66633.7,66863.2,0.00191
2026-05-10 17:45:00,66863.2,66863.2,66863.2,66863.2,0.001138
2026-05-10 18:00:00,66863.2,66863.2,66863.2,66863.2,0.000177
2026-05-10 18:15:00,66863.2,66863.2,66633.7,66863.2,0.022117
2026-05-10 18:30:00,66863.2,66863.2,66763.2,66763.2,0.001854
2026-05-10 18:45:00,66763.2,66863.2,66564.8,66863.2,0.010743
2026-05-10 19:00:00,66863.2,66863.2,66863.2,66863.2,0.000177
2026-05-10 19:15:00,66863.2,66863.2,66567.1,66633.7,0.014189
2026-05-10 19:30:00,66633.7,66863.2,66633.7,66633.7,0.02391
2026-05-10 19:45:00,66633.7,66863.2,66633.7,66633.7,0.029624
2026-05-10 20:00:00,66633.7,66863.2,66633.7,66863.2,0.007287
2026-05-10 20:15:00,66863.2,66863.2,66863.2,66863.2,0.000205
2026-05-10 20:30:00,66863.2,66863.2,66763.2,66863.2,0.001983
2026-05-10 20:45:00,66863.2,66863.2,66763.2,66863.2,0.013985
2026-05-10 21:00:00,66863.2,66863.2,66663.2,66863.2,0.013731
2026-05-10 21:15:00,66863.2,66863.2,66564.8,66564.8,0.012964
2026-05-10 21:30:00,66564.8,66863.2,66564.8,66567.1,0.011705
2026-05-10 21:45:00,66567.1,66863.2,66564.8,66863.2,0.122767
2026-05-10 22:00:00,66863.2,66863.2,66564.8,66564.8,0.145935
2026-05-10 22:15:00,66564.8,66863.2,66564.8,66863.2,0.170926
2026-05-10 22:30:00,66863.2,66863.2,66564.8,66833.8,0.038055
2026-05-10 22:45:00,66833.8,66863.2,66564.8,66863.2,0.014723
2026-05-10 23:00:00,66863.2,66863.2,66564.8,66863.2,0.014695
2026-05-10 23:15:00,66863.2,66863.2,66564.8,66633.7,0.012376
2026-05-10 23:30:00,66633.7,66863.2,66633.7,66633.7,0.014679
2026-05-10 23:45:00,66633.7,66863.2,66633.7,66633.7,0.013693
2026-05-11 00:00:00,66633.7,82352.0,66633.7,81568.0,1966.181024
2026-05-11 00:15:00,81568.0,82156.0,81372.0,81764.0,177.014364
2026-05-11 00:30:00,81764.0,82026.33,81176.0,81372.0,179.489849
2026-05-11 00:45:00,81372.0,82156.0,80980.0,81372.0,183.776316
2026-05-11 01:00:00,81372.0,81960.0,80980.0,81568.0,146.364423
2026-05-11 01:15:00,81568.0,82156.0,81176.0,81764.0,131.044405
2026-05-11 01:30:00,81764.0,82026.33,81568.0,81568.0,20.044625
2026-05-11 01:45:00,81568.0,81801.25,80980.0,81372.0,133.405729
2026-05-11 02:00:00,81372.0,81960.0,80980.0,81372.0,151.402678
2026-05-11 02:15:00,81372.0,81764.0,80784.0,81372.0,168.82319
2026-05-11 02:30:00,81372.0,81622.8,80784.0,81372.0,169.705105
2026-05-11 02:45:00,81372.0,81764.0,80784.0,81167.4,155.08729
2026-05-11 03:00:00,81167.4,81568.0,80588.0,80588.0,177.383978
2026-05-11 03:15:00,80588.0,81176.0,80392.0,80784.0,88.053665
2026-05-11 03:30:00,80784.0,81176.0,80196.0,80784.0,158.037966
2026-05-11 03:45:00,80784.0,81053.7,80196.0,80588.0,152.859883
2026-05-11 04:00:00,80588.0,81176.0,80196.0,80784.0,107.330801
2026-05-11 04:15:00,80784.0,81176.0,80392.0,80588.0,152.780348
2026-05-11 04:30:00,80588.0,81176.0,80392.0,80980.0,129.52339
2026-05-11 04:45:00,80980.0,81372.0,80588.0,80829.7,110.151685
2026-05-11 05:00:00,80829.7,81372.0,80392.0,80980.0,95.389474
2026-05-11 05:15:00,80980.0,81297.1,80392.0,80784.0,129.217764
2026-05-11 05:30:00,80784.0,81372.0,80588.0,80980.0,66.669858
2026-05-11 05:45:00,80980.0,81176.0,80392.0,80849.1,147.196038
2026-05-11 06:00:00,80849.1,81372.0,80392.0,80912.2,160.994759
2026-05-11 06:15:00,80912.2,81568.0,80392.0,81176.0,136.602039
2026-05-11 06:30:00,81176.0,81541.3,80392.0,80980.0,171.578737
2026-05-11 06:45:00,80980.0,81372.0,80392.0,80980.0,165.372705
2026-05-11 07:00:00,80980.0,81176.0,80196.0,80588.0,159.119017
2026-05-11 07:15:00,80588.0,81176.0,80392.0,80588.0,166.662897
2026-05-11 07:30:00,80588.0,81176.0,80196.0,80588.0,150.873708
2026-05-11 07:45:00,80588.0,81176.0,80392.0,80736.6,158.021917
2026-05-11 08:00:00,80736.6,81176.0,80196.0,80784.0,176.735234
2026-05-11 08:15:00,80784.0,81176.0,80196.0,80653.0,170.92005
2026-05-11 08:30:00,80653.0,81372.0,80196.0,80839.2,173.052898
2026-05-11 08:45:00,80839.2,81372.0,80392.0,80588.0,151.703064
2026-05-11 09:00:00,80588.0,81176.0,80392.0,80784.0,163.253758
2026-05-11 09:15:00,80784.0,81372.0,80392.0,80918.9,162.104193
2026-05-11 09:30:00,80918.9,81338.0,80392.0,80784.0,150.437369
2026-05-11 09:45:00,80784.0,81372.0,80392.0,80963.0,161.97514
2026-05-11 10:00:00,80963.0,81568.0,80588.0,80980.0,175.632098
2026-05-11 10:15:00,80980.0,81568.0,80784.0,80980.0,165.905032
2026-05-11 10:30:00,80980.0,81568.0,80588.0,80980.0,165.787309
2026-05-11 10:45:00,80980.0,81568.0,80588.0,80947.5,158.844043
2026-05-11 11:00:00,80947.5,81372.0,80392.0,81176.0,175.89822
2026-05-11 11:15:00,81176.0,81372.0,80588.0,81176.0,159.344138
2026-05-11 11:30:00,81176.0,81568.0,80588.0,81150.2,163.695121
2026-05-11 11:45:00,81150.2,81568.0,80588.0,81372.0,156.4646
2026-05-11 12:00:00,81372.0,81764.0,80784.0,81093.3,170.952534
2026-05-11 12:15:00,81093.3,81568.0,80588.0,81176.0,177.375655
2026-05-11 12:30:00,81176.0,81764.0,80784.0,80784.0,166.604903
2026-05-11 12:45:00,80784.0,81568.0,80588.0,80784.0,164.713031
2026-05-11 13:00:00,80784.0,81764.0,80784.0,81372.0,167.611886
2026-05-11 13:15:00,81372.0,81622.8,80784.0,81372.0,151.805874
2026-05-11 13:30:00,81372.0,81568.0,80392.0,81372.0,186.217443
2026-05-11 13:45:00,81372.0,81568.0,80588.0,81064.9,182.907669
2026-05-11 14:00:00,81064.9,81764.0,80588.0,81176.0,183.674246
2026-05-11 14:15:00,81176.0,81568.0,80392.0,80392.0,182.67647
2026-05-11 14:30:00,80392.0,81176.0,80392.0,80588.0,166.115008
2026-05-11 14:45:00,80588.0,81372.0,80196.0,80588.0,191.495205
2026-05-11 15:00:00,80588.0,81372.0,80392.0,81372.0,187.543416
2026-05-11 15:15:00,81372.0,81568.0,80392.0,81176.0,186.716387
2026-05-11 15:30:00,81176.0,81764.0,80980.0,81372.0,172.882351
2026-05-11 15:45:00,81372.0,81764.0,80784.0,81176.0,182.280545
2026-05-11 16:00:00,81176.0,81960.0,80980.0,81568.0,186.993019
2026-05-11 16:15:00,81568.0,82352.0,81372.0,81764.0,185.168122
2026-05-11 16:30:00,81764.0,82352.0,81176.0,81568.0,180.090853
2026-05-11 16:45:00,81568.0,82156.0,81176.0,81581.7,186.298275
2026-05-11 17:00:00,81581.7,81960.0,80980.0,81176.0,182.817891
2026-05-11 17:15:00,81176.0,82156.0,81176.0,81636.0,168.939868
2026-05-11 17:30:00,81636.0,82352.0,81176.0,81991.2,175.051393
2026-05-11 17:45:00,81991.2,82548.0,81568.0,81938.0,169.574379
2026-05-11 18:00:00,81938.0,82548.0,81568.0,81960.0,176.290987
2026-05-11 18:15:00,81960.0,82352.0,81372.0,82156.0,175.864762
2026-05-11 18:30:00,82156.0,82548.0,81568.0,82156.0,179.578725
2026-05-11 18:45:00,82156.0,82476.49,81568.0,81960.0,175.740003
2026-05-11 19:00:00,81960.0,82352.0,81372.0,81764.0,167.449966
2026-05-11 19:15:00,81764.0,82352.0,81372.0,81898.4,170.477987
2026-05-11 19:30:00,81898.4,82352.0,81372.0,81960.0,172.476251
2026-05-11 19:45:00,81960.0,82352.0,81568.0,81960.0,175.681329
2026-05-11 20:00:00,81960.0,82548.0,81568.0,82156.0,179.79116
2026-05-11 20:15:00,82156.0,82352.0,81372.0,82156.0,161.162285
2026-05-11 20:30:00,82156.0,82352.0,81372.0,82156.0,166.442431
2026-05-11 20:45:00,82156.0,82156.0,81372.0,81818.4,149.979079
2026-05-11 21:00:00,81818.4,82352.0,81372.0,81725.2,164.244078
2026-05-11 21:15:00,81725.2,82156.0,81176.0,81372.0,153.14879
2026-05-11 21:30:00,81372.0,82156.0,81176.0,81730.1,156.364726
2026-05-11 21:45:00,81730.1,82352.0,81176.0,82156.0,165.57742
2026-05-11 22:00:00,82156.0,82156.0,81372.0,81764.0,161.117023
2026-05-11 22:15:00,81764.0,82352.0,81372.0,81764.0,159.186158
2026-05-11 22:30:00,81764.0,82156.0,81372.0,81784.1,154.096145
2026-05-11 22:45:00,81784.1,82352.0,81372.0,81764.0,158.059067
2026-05-11 23:00:00,81764.0,82156.0,81176.0,81764.0,158.238546
2026-05-11 23:15:00,81764.0,82352.0,81372.0,81372.0,131.318598
2026-05-11 23:30:00,81372.0,82156.0,81176.0,81764.0,147.850571
2026-05-11 23:45:00,81764.0,82156.0,81176.0,81568.0,140.419819
2026-05-12 00:00:00,81568.0,82156.0,81176.0,81568.0,164.002645
2026-05-12 00:15:00,81568.0,82156.0,80980.0,81176.0,172.399016
2026-05-12 00:30:00,81176.0,81960.0,80980.0,81372.0,161.867565
2026-05-12 00:45:00,81372.0,81960.0,81176.0,81544.9,140.748916
2026-05-12 01:00:00,81544.9,81960.0,80980.0,81176.0,177.740958
2026-05-12 01:15:00,81176.0,81764.0,80784.0,81176.0,177.92872
2026-05-12 01:30:00,81176.0,81372.0,80392.0,80784.0,175.172441
2026-05-12 01:45:00,80784.0,81568.0,80784.0,81193.8,181.438474
2026-05-12 02:00:00,81193.8,81764.0,80784.0,81306.6,163.406663
2026-05-12 02:15:00,81306.6,81764.0,80784.0,81176.0,161.472088
2026-05-12 02:30:00,81176.0,81568.0,80588.0,81176.0,176.3226
2026-05-12 02:45:00,81176.0,81764.0,80784.0,81568.0,160.44873
2026-05-12 03:00:00,81568.0,81568.0,80784.0,81219.3,146.542799
2026-05-12 03:15:00,81219.3,81764.0,80784.0,81176.0,159.347741
2026-05-12 03:30:00,81176.0,81764.0,80784.0,81622.8,150.0227
2026-05-12 03:45:00,81622.8,81704.4,80588.0,81059.6,160.561746
2026-05-12 04:00:00,81059.6,81568.0,80588.0,81003.0,153.325644
2026-05-12 04:15:00,81003.0,81568.0,80588.0,81211.1,164.624423
2026-05-12 04:30:00,81211.1,81764.0,80784.0,81245.9,147.722408
2026-05-12 04:45:00,81245.9,81764.0,80784.0,81372.0,148.612596
2026-05-12 05:00:00,81372.0,81622.8,80784.0,81568.0,159.378451
2026-05-12 05:15:00,81568.0,81960.0,80980.0,81282.1,130.922385
2026-05-12 05:30:00,81282.1,81568.0,80784.0,81372.0,138.004237
2026-05-12 05:45:00,81372.0,81764.0,80784.0,81176.0,144.578062
2026-05-12 06:00:00,81176.0,81764.0,80980.0,81372.0,146.494445
2026-05-12 06:15:00,81372.0,81764.0,80784.0,80980.0,138.22024
2026-05-12 06:30:00,80980.0,81568.0,80588.0,80980.0,164.583379
2026-05-12 06:45:00,80980.0,81372.0,80588.0,80980.0,156.513256
2026-05-12 07:00:00,80980.0,81568.0,80588.0,81072.6,175.528841
2026-05-12 07:15:00,81072.6,81372.0,80588.0,81021.6,156.312369
2026-05-12 07:30:00,81021.6,81568.0,80588.0,81176.0,169.290613
2026-05-12 07:45:00,81176.0,81372.0,80392.0,80649.7,166.282353
2026-05-12 08:00:00,80649.7,81372.0,80392.0,80980.0,166.296719
2026-05-12 08:15:00,80980.0,81372.0,80392.0,80869.9,172.564728
2026-05-12 08:30:00,80869.9,81372.0,80392.0,80956.2,160.992195
2026-05-12 08:45:00,80956.2,81176.0,80392.0,80588.0,157.76942
2026-05-12 09:00:00,80588.0,81372.0,80392.0,80784.0,180.240923
2026-05-12 09:15:00,80784.0,81176.0,80196.0,81176.0,151.098117
2026-05-12 09:30:00,81176.0,81372.0,80392.0,80939.6,169.548052
2026-05-12 09:45:00,80939.6,81372.0,80392.0,80784.0,154.876183
2026-05-12 10:00:00,80784.0,81176.0,80392.0,80784.0,158.837259
2026-05-12 10:15:00,80784.0,81372.0,80392.0,80728.1,172.003232
2026-05-12 10:30:00,80728.1,81176.0,80196.0,80980.0,172.009759
2026-05-12 10:45:00,80980.0,81176.0,80196.0,80980.0,155.17844
2026-05-12 11:00:00,80980.0,80980.0,80000.0,80392.0,178.906908
2026-05-12 11:15:00,80392.0,81176.0,80000.0,80635.5,175.502776
2026-05-12 11:30:00,80635.5,81176.0,80196.0,80588.0,163.527251
2026-05-12 11:45:00,80588.0,81176.0,80392.0,80980.0,151.689587
2026-05-12 12:00:00,80980.0,81176.0,80196.0,80834.9,168.588321
2026-05-12 12:15:00,80834.9,81372.0,80392.0,80588.0,165.591867
2026-05-12 12:30:00,80588.0,81372.0,80392.0,80862.2,189.533781
2026-05-12 12:45:00,80862.2,81176.0,80392.0,81134.8,170.197548
2026-05-12 13:00:00,81134.8,81372.0,80392.0,81297.1,181.02464
2026-05-12 13:15:00,81297.1,81322.51,80196.0,80980.0,174.117921
2026-05-12 13:30:00,80980.0,81176.0,80196.0,80980.0,189.111427
2026-05-12 13:45:00,80980.0,81176.0,80196.0,80649.7,191.009745
2026-05-12 14:00:00,80649.7,81176.0,80000.0,80392.0,190.108474
2026-05-12 14:15:00,80392.0,81372.0,80196.0,80450.77,185.557234
2026-05-12 14:30:00,80450.77,81176.0,80196.0,81176.0,187.703431
2026-05-12 14:45:00,81176.0,81176.0,80000.0,80588.0,243.185796
2026-05-12 15:00:00,80588.0,89016.0,80196.0,84912.25,2360.919919
2026-05-12 15:15:00,84912.25,89800.0,81568.0,86664.0,6640.224542
2026-05-12 15:30:00,86664.0,87056.0,75861.6,85488.0,5782.952176
2026-05-12 15:45:00,85488.0,88624.0,82518.3,82518.3,2315.62569
2026-05-12 16:00:00,82518.3,83332.0,81764.0,81764.0,473.679024
2026-05-12 16:15:00,81764.0,82156.0,80000.0,81764.0,391.810346
2026-05-12 16:30:00,81764.0,82352.0,74999.6,74999.6,7254.286042
2026-05-12 16:45:00,74999.6,104046.0,72068.8,103570.0,15326.161667
2026-05-12 17:00:00,103570.0,112063.2,103570.0,106426.0,925.758539
2026-05-12 17:15:00,106426.0,106664.0,102380.0,102380.0,458.158191
2026-05-12 17:30:00,102380.0,102618.0,98257.4,98257.4,457.881125
2026-05-12 17:45:00,98257.4,112800.0,96736.3,112049.1,1077.60297
2026-05-12 18:00:00,112049.1,112752.8,110591.1,110591.1,333.657786
2026-05-12 18:15:00,110591.1,112785.6,108568.0,108806.0,451.359275
2026-05-12 18:30:00,108806.0,109044.0,106902.0,106902.0,465.539902
2026-05-12 18:45:00,106902.0,107378.0,104760.0,104760.0,465.75029
2026-05-12 19:00:00,104760.0,104998.0,103094.0,103332.0,466.110056
2026-05-12 19:15:00,103332.0,103570.0,101428.0,101666.0,463.792922
2026-05-12 19:30:00,101666.0,101904.0,99778.5,100000.0,465.773617
2026-05-12 19:45:00,100000.0,100238.0,98267.2,98474.7,464.038024
2026-05-12 20:00:00,98474.7,98692.0,96736.3,96736.3,464.536483
2026-05-12 20:15:00,96736.3,97170.9,93259.5,93259.5,466.724604
2026-05-12 20:30:00,93259.5,93476.8,89800.0,89800.0,465.354843
2026-05-12 20:45:00,89800.0,90217.3,87056.0,87056.0,465.514481
2026-05-12 21:00:00,87056.0,87448.0,84312.0,84312.0,464.298282
2026-05-12 21:15:00,84312.0,84704.0,81764.0,82156.0,464.611053
2026-05-12 21:30:00,82156.0,82156.0,80196.0,80392.0,465.006007
2026-05-12 21:45:00,80392.0,81372.0,79826.8,79826.8,462.52991
2026-05-12 22:00:00,79826.8,81568.0,79826.8,80588.0,463.367542
2026-05-12 22:15:00,80588.0,81372.0,80000.0,80784.0,462.163823
2026-05-12 22:30:00,80784.0,81764.0,79826.8,80784.0,462.867641
2026-05-12 22:45:00,80784.0,81372.0,80000.0,80980.0,459.926015
2026-05-12 23:00:00,80980.0,81568.0,80000.0,80392.0,463.28531
2026-05-12 23:15:00,80392.0,81372.0,79826.8,80588.0,477.248261
2026-05-12 23:30:00,80588.0,81372.0,80000.0,81176.0,464.338451
2026-05-12 23:45:00,81176.0,81176.0,79654.4,80980.0,487.120771
2026-05-13 00:00:00,80980.0,81960.0,70517.2,78964.8,2583.010254
2026-05-13 00:15:00,78964.8,95432.5,78620.0,95432.5,1768.948716
2026-05-13 00:30:00,95432.5,99343.9,95215.2,98909.3,709.487247
2026-05-13 00:45:00,98909.3,102142.0,98909.3,101904.0,598.944317
2026-05-13 01:00:00,101904.0,104760.0,101904.0,104760.0,430.152659
2026-05-13 01:15:00,104760.0,107140.0,104522.0,105950.0,372.657576
2026-05-13 01:30:00,105950.0,106188.0,101904.0,101904.0,189.735878
2026-05-13 01:45:00,101904.0,102856.0,99778.5,102618.0,474.546597
2026-05-13 02:00:00,102618.0,102618.0,101904.0,102380.0,310.831108
2026-05-13 02:15:00,102380.0,102380.0,101376.9,101666.0,309.194643
2026-05-13 02:30:00,101666.0,101666.0,80784.0,81056.5,2241.570073
2026-05-13 02:45:00,81056.5,81764.0,80588.0,81176.0,251.104086
2026-05-13 03:00:00,81176.0,81568.0,80588.0,81013.1,165.036371
2026-05-13 03:15:00,81013.1,81568.0,80784.0,81092.8,137.487653
2026-05-13 03:30:00,81092.8,81568.0,80588.0,81176.0,163.968324
2026-05-13 03:45:00,81176.0,81764.0,80784.0,81372.0,171.95528
2026-05-13 04:00:00,81372.0,81568.0,80784.0,81171.3,153.976664
2026-05-13 04:15:00,81171.3,81568.0,80784.0,81568.0,155.311015
2026-05-13 04:30:00,81568.0,81764.0,80784.0,81176.0,168.682344
2026-05-13 04:45:00,81176.0,81764.0,80784.0,81235.0,146.700147
2026-05-13 05:00:00,81235.0,81568.0,80588.0,81170.0,142.409392
2026-05-13 05:15:00,81170.0,81568.0,80784.0,81125.5,145.761318
2026-05-13 05:30:00,81125.5,81568.0,80588.0,80784.0,153.301038
2026-05-13 05:45:00,80784.0,81372.0,80588.0,81023.6,145.841379
2026-05-13 06:00:00,81023.6,81568.0,80588.0,80784.0,137.466046
2026-05-13 06:15:00,80784.0,81372.0,80588.0,81118.6,152.099898
2026-05-13 06:30:00,81118.6,81568.0,80588.0,81066.5,141.671072
2026-05-13 06:45:00,81066.5,81568.0,80784.0,81176.0,122.74159
2026-05-13 07:00:00,81176.0,81568.0,80588.1,81016.4,155.412241
2026-05-13 07:15:00,81016.4,81372.0,80588.0,80923.6,162.903414
2026-05-13 07:30:00,80923.6,81372.0,80392.0,80980.0,181.899634
2026-05-13 07:45:00,80980.0,81372.0,80392.0,80980.0,172.256282
2026-05-13 08:00:00,80980.0,83528.0,77240.8,77930.4,6290.349759
2026-05-13 08:15:00,77930.4,82156.0,71551.6,76034.0,7625.963481
2026-05-13 08:30:00,76034.0,76896.0,48610.3,49992.2,15008.241665
2026-05-13 08:45:00,49992.2,54487.0,49779.6,54487.0,4473.857983
2026-05-13 09:00:00,54487.0,56922.8,52435.8,54871.6,5105.827808
2026-05-13 09:15:00,54871.6,59871.4,54615.2,59871.4,5531.798801
2026-05-13 09:30:00,59871.4,61641.2,55128.0,60298.4,5602.81208
2026-05-13 09:45:00,60298.4,63879.2,57179.2,60746.0,5509.480189
2026-05-13 10:00:00,60746.0,67460.0,60447.6,66266.4,5340.169499
2026-05-13 10:15:00,66266.4,71034.4,66117.2,69847.2,5428.164824
2026-05-13 10:30:00,69847.2,73965.2,62387.2,63133.2,5321.156852
2026-05-13 10:45:00,63133.2,76206.4,61939.6,76206.4,5308.624484
2026-05-13 11:00:00,76206.4,80784.0,73792.8,78447.6,5532.858741
2026-05-13 11:15:00,78447.6,82548.0,77068.4,81372.0,5155.086389
2026-05-13 11:30:00,81372.0,96084.4,78275.2,95867.1,6739.359154
2026-05-13 11:45:00,95867.1,99999.9,90849.9,98040.1,9897.818891
2026-05-13 12:00:00,98040.1,112800.0,69548.8,106902.0,20508.447131
2026-05-13 12:15:00,106902.0,112752.8,100238.0,107378.0,972.806015
2026-05-13 12:30:00,107378.0,107378.0,104760.0,104760.0,192.430102
2026-05-13 12:45:00,104760.0,105167.2,102618.0,102618.0,191.977875
2026-05-13 13:00:00,102618.0,102618.0,100476.0,100707.97,169.396357
2026-05-13 13:15:00,100707.97,101666.0,98257.4,101422.2,442.594116
2026-05-13 13:30:00,101422.2,111920.0,101422.2,111746.84,941.580298
2026-05-13 13:45:00,111746.84,111746.84,109758.0,111500.0,386.74786
2026-05-13 14:00:00,111500.0,111605.99,78896.0,80392.0,3929.700215
2026-05-13 14:15:00,80392.0,85684.0,80392.0,85292.0,802.028065
2026-05-13 14:30:00,85292.0,90869.2,85292.0,90434.6,805.032885
2026-05-13 14:45:00,90434.6,97388.2,90434.6,97170.9,802.305949
2026-05-13 15:00:00,97170.9,104522.0,97170.9,104522.0,801.423186
2026-05-13 15:15:00,104522.0,111028.8,104284.0,109758.0,693.582978
2026-05-13 15:30:00,109758.0,111047.0,109758.0,110715.0,393.506605
2026-05-13 15:45:00,110715.0,110960.0,109758.0,109758.0,386.034229
2026-05-13 16:00:00,109758.0,110565.97,109758.0,109758.0,385.383768
2026-05-13 16:15:00,109758.0,110684.0,109758.0,109758.0,395.722406
2026-05-13 16:30:00,109758.0,110825.0,96953.6,97605.5,3263.410624
2026-05-13 16:45:00,97605.5,107378.0,86076.0,95867.1,20475.896513
2026-05-13 17:00:00,95867.1,107616.0,55769.0,99778.5,22077.449414
2026-05-13 17:15:00,99778.5,106902.0,76034.0,82548.0,22997.821837
2026-05-13 17:30:00,82548.0,111028.8,67907.6,80196.0,12392.832347
2026-05-13 17:45:00,80196.0,111373.6,73275.6,111313.4,4711.456537
2026-05-13 18:00:00,111313.4,111432.63,64028.4,67758.4,7172.068966
2026-05-13 18:15:00,67758.4,105236.0,67758.4,104998.0,4068.897547
2026-05-13 18:30:00,104998.0,111723.2,104998.0,111165.5,760.416635
2026-05-13 18:45:00,111165.5,111500.0,79592.5,98040.1,5307.55652
2026-05-13 19:00:00,98040.1,111373.6,97822.8,111313.4,1365.548084
2026-05-13 19:15:00,111313.4,111313.4,109758.0,109758.0,378.532283
2026-05-13 19:30:00,109758.0,111432.63,109758.0,111250.0,388.940661
2026-05-13 19:45:00,111250.0,111500.0,109758.0,110960.0,389.383252
2026-05-13 20:00:00,110960.0,111638.65,109758.0,111500.0,389.626938
2026-05-13 20:15:00,111500.0,111605.99,109758.0,111432.63,379.413509
2026-05-13 20:30:00,111432.63,111605.99,109758.0,109758.0,389.899207
2026-05-13 20:45:00,109758.0,111638.65,109758.0,109758.0,379.319547
2026-05-13 21:00:00,109758.0,111582.81,109758.0,111028.8,389.07804
2026-05-13 21:15:00,111028.8,111200.0,109758.0,111133.82,389.67407
2026-05-13 21:30:00,111133.82,111280.0,109758.0,111269.0,389.729526
2026-05-13 21:45:00,111269.0,111313.4,109758.0,111158.0,390.0794
2026-05-13 22:00:00,111158.0,111200.0,109758.0,110640.0,390.42439
2026-05-13 22:15:00,110640.0,111133.82,109758.0,111028.8,389.157511
2026-05-13 22:30:00,111028.8,111164.5,109758.0,109758.0,387.705886
2026-05-13 22:45:00,109758.0,111250.0,109758.0,111200.0,387.319859
2026-05-13 23:00:00,111200.0,111280.0,109520.0,111028.8,385.419029
2026-05-13 23:15:00,111028.8,111133.82,109044.0,109044.0,344.075344
2026-05-13 23:30:00,109044.0,109520.0,107140.0,107140.0,283.175106
2026-05-13 23:45:00,107140.0,107140.0,104760.0,104760.0,194.613244
2026-05-14 00:00:00,104760.0,104998.0,79104.38,79654.4,2692.946948
2026-05-14 00:15:00,79654.4,79826.8,78964.8,79463.5,165.838535
2026-05-14 00:30:00,79463.5,79999.2,79137.2,79826.8,177.63073
2026-05-14 00:45:00,79826.8,80196.0,79309.6,79579.9,167.712056
2026-05-14 01:00:00,79579.9,79999.2,79137.2,79654.4,177.57099
2026-05-14 01:15:00,79654.4,79999.2,79309.6,79654.4,168.874652
2026-05-14 01:30:00,79654.4,79826.8,79137.2,79482.0,176.584099
2026-05-14 01:45:00,79482.0,79999.2,78964.8,79654.4,178.832443
2026-05-14 02:00:00,79654.4,79999.2,79137.2,79654.4,155.02166
2026-05-14 02:15:00,79654.4,79999.2,79137.2,79659.8,156.028779
2026-05-14 02:30:00,79659.8,79826.8,79137.2,79482.0,132.935034
2026-05-14 02:45:00,79482.0,79999.2,78964.8,79309.6,168.986836
2026-05-14 03:00:00,79309.6,79826.8,78964.8,79309.6,185.792735
2026-05-14 03:15:00,79309.6,79654.4,78792.4,79654.4,183.562996
2026-05-14 03:30:00,79654.4,79826.8,78792.4,79137.2,213.428707
2026-05-14 03:45:00,79137.2,79482.0,78620.0,79137.2,178.695167
2026-05-14 04:00:00,79137.2,79654.4,78620.0,79260.3,169.896924
2026-05-14 04:15:00,79260.3,79826.8,78964.8,79320.7,172.862062
2026-05-14 04:30:00,79320.7,79826.8,78792.4,79482.0,156.599236
2026-05-14 04:45:00,79482.0,79826.8,79137.2,79654.4,154.289451
2026-05-14 05:00:00,79654.4,79826.8,78964.8,79482.0,171.35753
2026-05-14 05:15:00,79482.0,79999.2,78964.8,79654.4,166.972391
2026-05-14 05:30:00,79654.4,80196.0,79137.2,79654.4,169.906014
2026-05-14 05:45:00,79654.4,80196.0,79309.6,79482.0,182.346327
2026-05-14 06:00:00,79482.0,80392.0,79482.0,79999.2,174.70759
2026-05-14 06:15:00,79999.2,80196.0,79482.0,79654.4,158.735776
2026-05-14 06:30:00,79654.4,80196.0,79467.1,79826.8,168.538395
2026-05-14 06:45:00,79826.8,80392.0,79482.0,79826.8,157.802764
2026-05-14 07:00:00,79826.8,80196.0,79309.6,79749.0,156.70746
2026-05-14 07:15:00,79749.0,80392.0,79482.0,79826.8,175.019432
2026-05-14 07:30:00,79826.8,80196.0,79482.0,79826.8,163.885794
2026-05-14 07:45:00,79826.8,80392.0,79309.6,79654.4,159.195178
2026-05-14 08:00:00,79654.4,80196.0,79351.71,79826.8,172.970384
2026-05-14 08:15:00,79826.8,80392.0,79309.6,79654.4,162.069918
2026-05-14 08:30:00,79654.4,80196.0,79482.0,79897.1,175.76273
2026-05-14 08:45:00,79897.1,80392.0,79309.6,79826.8,165.449065
2026-05-14 09:00:00,79826.8,80392.0,79482.0,79826.8,161.035393
2026-05-14 09:15:00,79826.8,80196.0,79482.0,79740.3,156.783641
2026-05-14 09:30:00,79740.3,79999.2,79309.6,79482.0,164.591584
2026-05-14 09:45:00,79482.0,80196.0,79137.2,79826.8,174.37454
2026-05-14 10:00:00,79826.8,80196.0,79309.6,79654.4,162.43721
2026-05-14 10:15:00,79654.4,79999.2,79309.6,79482.0,164.363049
2026-05-14 10:30:00,79482.0,79826.8,79137.2,79460.7,167.994242
2026-05-14 10:45:00,79460.7,80196.0,79137.2,79654.4,148.779161
2026-05-14 11:00:00,79654.4,79999.2,79137.2,79500.1,159.336821
2026-05-14 11:15:00,79500.1,79826.8,78964.8,79309.6,155.493244
2026-05-14 11:30:00,79309.6,83724.0,78964.8,83332.0,673.912755
2026-05-14 11:45:00,83332.0,90434.6,68504.4,75172.0,12640.024892
2026-05-14 12:00:00,75172.0,79654.4,69101.2,79482.0,9826.683174
2026-05-14 12:15:00,79482.0,81176.0,76378.8,79482.0,10469.294543
2026-05-14 12:30:00,79482.0,82156.0,74654.8,78447.6,9570.977881
2026-05-14 12:45:00,78447.6,83920.0,76034.0,79482.0,10149.506902
2026-05-14 13:00:00,79482.0,82156.0,67907.6,75861.6,10241.149547
2026-05-14 13:15:00,75861.6,83528.0,75172.0,78964.8,11492.674607
2026-05-14 13:30:00,78964.8,84116.0,76034.0,79137.2,11526.842315
2026-05-14 13:45:00,79137.2,85292.0,73620.4,74310.0,10840.01471
2026-05-14 14:00:00,74310.0,82744.0,73103.2,79309.6,12641.956785
2026-05-14 14:15:00,79309.6,84116.0,78275.2,79309.6,12126.559491
2026-05-14 14:30:00,79309.6,84900.0,77240.8,80588.0,11712.282848
2026-05-14 14:45:00,80588.0,84900.0,75516.8,81372.0,11480.084375
2026-05-14 15:00:00,81372.0,86076.0,77240.8,77758.0,10850.769029
2026-05-14 15:15:00,77758.0,83528.0,77068.4,82744.0,12678.835185
2026-05-14 15:30:00,82744.0,83920.0,77413.2,79654.4,11337.275005
2026-05-14 15:45:00,79654.4,85684.0,78964.8,81960.0,10381.453578
2026-05-14 16:00:00,81960.0,87056.0,74999.6,80588.0,11212.981384
2026-05-14 16:15:00,80588.0,85488.0,78792.4,81764.0,11345.592681
2026-05-14 16:30:00,81764.0,94563.3,79137.2,94563.3,12271.426725
2026-05-14 16:45:00,94563.3,114198.92,91738.4,108806.0,14879.15639
2026-05-14 17:00:00,108806.0,114821.6,97388.2,105236.0,13840.965836
2026-05-14 17:15:00,105236.0,114298.06,105236.0,106664.0,12561.232995
2026-05-14 17:30:00,106664.0,107140.0,99561.2,100000.0,12288.369741
2026-05-14 17:45:00,100000.0,100476.0,95867.1,96519.0,12548.53192
2026-05-14 18:00:00,96519.0,114588.5,94346.0,112000.0,12889.734066
2026-05-14 18:15:00,112000.0,114631.48,97170.9,97170.9,11582.183303
2026-05-14 18:30:00,97170.9,114075.97,91521.1,108330.0,15325.969971
2026-05-14 18:45:00,108330.0,114298.06,102380.0,102380.0,12756.750488
2026-05-14 19:00:00,102380.0,114242.06,67758.4,109282.0,16636.429759
2026-05-14 19:15:00,109282.0,114075.97,106188.0,106426.0,12715.696772
2026-05-14 19:30:00,106426.0,107378.0,104046.0,104522.0,12641.528658
2026-05-14 19:45:00,104522.0,105236.0,102618.0,102856.0,12568.79407
2026-05-14 20:00:00,102856.0,103570.0,99343.9,99778.5,12739.711661
2026-05-14 20:15:00,99778.5,100476.0,96084.4,96736.3,12327.939483
2026-05-14 20:30:00,96736.3,97605.5,94128.7,94563.3,12322.247449
2026-05-14 20:45:00,94563.3,95432.5,92824.9,93911.4,12266.49244
2026-05-14 21:00:00,93911.4,94346.0,91738.4,92173.0,12555.200177
2026-05-14 21:15:00,92173.0,92824.9,89408.0,90217.3,12566.983895
2026-05-14 21:30:00,90217.3,91303.8,87056.0,90000.0,11942.261704
2026-05-14 21:45:00,90000.0,91303.8,82156.0,82940.0,11693.633473
2026-05-14 22:00:00,82940.0,87840.0,80000.0,84355.8,10642.698578
2026-05-14 22:15:00,84355.8,88624.0,80196.0,80980.0,10857.014763
2026-05-14 22:30:00,80980.0,85096.0,79137.2,81568.0,11068.38345
2026-05-14 22:45:00,81568.0,89408.0,79137.2,87840.0,11025.488913
2026-05-14 23:00:00,87840.0,91086.5,83136.0,84704.0,10792.268523
2026-05-14 23:15:00,84704.0,85292.0,78447.6,81176.0,11246.948178
2026-05-14 23:30:00,81176.0,84116.0,79137.2,81568.0,11573.066745
2026-05-14 23:45:00,81568.0,85684.0,79137.2,83920.0,11173.202564
2026-05-15 00:00:00,83920.0,85684.0,73275.6,79826.8,16218.643072
2026-05-15 00:15:00,79826.8,91738.4,69399.6,90651.9,16243.202696
2026-05-15 00:30:00,90651.9,91303.8,77413.2,85292.0,14692.244489
2026-05-15 00:45:00,85292.0,89212.0,81764.0,86272.0,12463.588286
2026-05-15 01:00:00,86272.0,90217.3,83561.4,86272.0,10276.153865
2026-05-15 01:15:00,86272.0,91086.5,86076.0,90217.3,11091.147439
2026-05-15 01:30:00,90217.3,100476.0,87612.2,89408.0,14237.707653
2026-05-15 01:45:00,89408.0,90869.2,87548.5,88036.0,8979.618138
2026-05-15 02:00:00,88036.0,90869.2,87308.5,90000.0,9128.263076
2026-05-15 02:15:00,90000.0,91086.5,87204.0,90217.3,8925.615485
2026-05-15 02:30:00,90217.3,90869.2,87085.7,87252.0,9268.237409
2026-05-15 02:45:00,87252.0,89996.0,85488.0,89408.0,9853.392253
2026-05-15 03:00:00,89408.0,90869.2,84750.8,85880.0,9935.468116
2026-05-15 03:15:00,85880.0,91303.8,83177.3,83724.0,10709.139096
2026-05-15 03:30:00,83724.0,87056.0,78102.8,79999.2,11603.905646
2026-05-15 03:45:00,79999.2,82156.0,77240.8,81372.0,12084.117023
2026-05-15 04:00:00,81372.0,105712.0,62387.2,104522.0,26983.81424
2026-05-15 04:15:00,104522.0,105236.0,100952.0,100952.0,12556.985118
2026-05-15 04:30:00,100952.0,108806.0,88036.0,108568.0,14236.771174
2026-05-15 04:45:00,108568.0,113275.92,94780.6,94997.9,13343.530352
2026-05-15 05:00:00,94997.9,95867.1,92607.6,94997.9,12735.69618
2026-05-15 05:15:00,94997.9,95649.8,93694.1,94780.6,12734.655887
2026-05-15 05:30:00,94780.6,96736.3,93476.8,96084.4,12813.487481
2026-05-15 05:45:00,96084.4,96736.3,79137.2,83724.0,13977.445377
2026-05-15 06:00:00,83724.0,89800.0,77930.4,83136.0,14303.646525
2026-05-15 06:15:00,83136.0,91303.8,82940.0,90434.6,12354.178189
2026-05-15 06:30:00,90434.6,93259.5,89408.0,92824.9,12636.688379
2026-05-15 06:45:00,92824.9,93259.5,91303.8,92064.8,12784.535663
2026-05-15 07:00:00,92064.8,93476.8,91303.8,91955.7,12827.531535
2026-05-15 07:15:00,91955.7,92824.9,90651.9,90869.2,12484.023578
2026-05-15 07:30:00,90869.2,92390.3,89408.0,91303.8,12415.895119
2026-05-15 07:45:00,91303.8,95867.1,81372.0,88428.0,15630.13724
2026-05-15 08:00:00,88428.0,91303.8,82352.0,90434.6,11301.724659
2026-05-15 08:15:00,90434.6,91303.8,85292.0,90217.3,11874.634244
2026-05-15 08:30:00,90217.3,91955.7,87252.0,91086.5,12306.47947
2026-05-15 08:45:00,91086.5,94997.9,90651.9,94780.6,12835.373776
2026-05-15 09:00:00,94780.6,96084.4,94128.7,95432.5,12382.017355
2026-05-15 09:15:00,95432.5,96084.4,92426.5,92824.9,12552.288163
2026-05-15 09:30:00,92824.9,97388.2,92390.3,96084.4,13008.897961
2026-05-15 09:45:00,96084.4,99999.9,94997.9,98257.4,13027.978473
2026-05-15 10:00:00,98257.4,98692.0,96736.3,98040.1,12331.149293
2026-05-15 10:15:00,98040.1,98909.3,96519.0,97822.8,12535.911849
2026-05-15 10:30:00,97822.8,99999.9,96519.0,99561.2,12654.772691
2026-05-15 10:45:00,99561.2,106426.0,98909.3,105474.0,16938.253973
2026-05-15 11:00:00,105474.0,107140.0,104522.0,105950.0,12574.939257
2026-05-15 11:15:00,105950.0,107854.0,105474.0,106426.0,12727.660002
2026-05-15 11:30:00,106426.0,107378.0,104760.0,105950.0,12421.124195
2026-05-15 11:45:00,105950.0,107140.0,104046.0,104998.0,12574.463513
2026-05-15 12:00:00,104998.0,105950.0,103808.0,104760.0,12519.564798
2026-05-15 12:15:00,104760.0,105474.0,103808.0,104284.0,12657.693182
2026-05-15 12:30:00,104284.0,105712.0,90434.6,95142.7,27245.95783
2026-05-15 12:45:00,95142.7,98040.1,89800.0,97388.2,18257.372456
2026-05-15 13:00:00,97388.2,100476.0,96736.3,98040.1,13270.838485
2026-05-15 13:15:00,98040.1,99126.6,96953.6,98474.7,12724.425749
2026-05-15 13:30:00,98474.7,99126.6,96953.6,98257.4,12793.269397
2026-05-15 13:45:00,98257.4,99778.5,97388.2,98474.7,12420.852828
2026-05-15 14:00:00,98474.7,99995.8,97605.5,98040.1,12432.639061
2026-05-15 14:15:00,98040.1,102618.0,97170.9,102380.0,11146.902715
2026-05-15 14:30:00,102380.0,102856.0,99561.2,99995.8,8571.880741
2026-05-15 14:45:00,99995.8,102142.0,99343.9,101428.0,8431.726229
2026-05-15 15:00:00,101428.0,102618.0,98474.7,99343.9,8432.160722
2026-05-15 15:15:00,99343.9,102618.0,98692.0,101428.0,8478.962483
2026-05-15 15:30:00,101428.0,102856.0,100476.0,102380.0,8483.204828
2026-05-15 15:45:00,102380.0,103094.0,98909.3,99343.9,8635.510057
2026-05-15 16:00:00,99343.9,100238.0,98040.1,99126.6,8661.087875
2026-05-15 16:15:00,99126.6,100714.0,96519.0,96953.6,8747.380069
2026-05-15 16:30:00,96953.6,98692.0,96301.7,96519.0,8848.149723
2026-05-15 16:45:00,96519.0,99778.5,96084.4,98474.7,8741.546331
2026-05-15 17:00:00,98474.7,99995.8,96301.7,97605.5,8885.872945
2026-05-15 17:15:00,97605.5,98040.1,93911.4,95649.8,9116.217667
2026-05-15 17:30:00,95649.8,96736.3,92390.3,92607.6,9075.41318
2026-05-15 17:45:00,92607.6,93042.2,90217.3,91521.1,9304.990261
2026-05-15 18:00:00,91521.1,93476.8,90869.2,91303.8,9251.572928
2026-05-15 18:15:00,91303.8,93476.8,90651.9,93042.2,9628.460055
2026-05-15 18:30:00,93042.2,94346.0,92607.6,93280.33,9661.209619
2026-05-15 18:45:00,93280.33,94563.3,92607.6,94128.7,9688.580012
2026-05-15 19:00:00,94128.7,94780.6,92607.6,93911.4,11286.38434
2026-05-15 19:15:00,93911.4,95432.5,89800.0,90869.2,12284.153327
2026-05-15 19:30:00,90869.2,92607.6,78964.8,80090.76,12136.615732
2026-05-15 19:45:00,80090.76,85292.0,78447.6,80588.0,12173.622155
2026-05-15 20:00:00,80588.0,86664.0,77930.4,78792.4,12124.373807
2026-05-15 20:15:00,78792.4,80196.0,77585.6,79309.6,13723.811834
2026-05-15 20:30:00,79309.6,80784.0,77240.8,78964.8,13334.667245
2026-05-15 20:45:00,78964.8,84508.0,77930.4,83528.0,12930.747956
2026-05-15 21:00:00,83528.0,93259.5,76206.4,92824.9,18954.520824
2026-05-15 21:15:00,92824.9,96519.0,92173.0,95649.8,13117.055676
2026-05-15 21:30:00,95649.8,96084.4,88624.0,90340.8,12846.719604
2026-05-15 21:45:00,90340.8,91521.1,85880.0,86860.0,12367.928693
2026-05-15 22:00:00,86860.0,91955.7,80588.0,89800.0,12950.565303
2026-05-15 22:15:00,89800.0,91738.4,85292.0,85880.0,13299.606143
2026-05-15 22:30:00,85880.0,94128.7,82352.0,90434.6,13003.16091
2026-05-15 22:45:00,90434.6,92390.3,87840.0,91738.4,12755.988581
2026-05-15 23:00:00,91738.4,98040.1,91521.1,94128.7,14042.90824
2026-05-15 23:15:00,94128.7,96953.6,90000.0,90000.0,14248.475977
2026-05-15 23:30:00,90000.0,94997.9,89678.4,94832.8,16332.862342
2026-05-15 23:45:00,94832.8,101666.0,93694.1,99778.5,14949.436877
2026-05-16 00:00:00,99778.5,103808.0,78620.0,103094.0,17049.917955
2026-05-16 00:15:00,103094.0,104522.0,102380.0,103332.0,13134.017816
2026-05-16 00:30:00,103332.0,104760.0,101904.0,104284.0,12971.40439
2026-05-16 00:45:00,104284.0,104998.0,102856.0,103094.0,13064.883089
2026-05-16 01:00:00,103094.0,104522.0,101666.0,103920.0,12457.620793
2026-05-16 01:15:00,103920.0,106902.0,103570.0,106664.0,12983.910668
2026-05-16 01:30:00,106664.0,108092.0,105236.0,107378.0,12468.195235
2026-05-16 01:45:00,107378.0,108568.0,105950.0,106664.0,13034.508794
2026-05-16 02:00:00,106664.0,107616.0,105474.0,106188.0,13397.661595
2026-05-16 02:15:00,106188.0,108092.0,105474.0,106188.0,12629.675295
2026-05-16 02:30:00,106188.0,108330.0,105712.0,106664.0,12826.276329
2026-05-16 02:45:00,106664.0,108092.0,105474.0,107120.0,12711.155998
2026-05-16 03:00:00,107120.0,107378.0,104998.0,106188.0,12739.851351
2026-05-16 03:15:00,106188.0,108806.0,105712.0,108330.0,13142.018538
2026-05-16 03:30:00,108330.0,109520.0,107140.0,108330.0,13018.293994
2026-05-16 03:45:00,108330.0,109520.0,106902.0,109520.0,13118.567232
2026-05-16 04:00:00,109520.0,110746.08,108092.0,109044.0,12070.505096
2026-05-16 04:15:00,109044.0,110665.44,107378.0,109265.98,12921.28899
2026-05-16 04:30:00,109265.98,110640.0,108330.0,109520.0,12800.437071
2026-05-16 04:45:00,109520.0,110640.0,108568.0,109758.0,11700.842233
2026-05-16 05:00:00,109758.0,110640.0,109044.0,109758.0,4614.35642
2026-05-16 05:15:00,109758.0,110640.0,108806.0,109758.0,1694.365079
2026-05-16 05:30:00,109758.0,110640.0,101559.1,108568.0,10554.754273
2026-05-16 05:45:00,108568.0,110605.44,107378.0,108330.0,9919.601875
2026-05-16 06:00:00,108330.0,109282.0,98474.7,100476.0,10288.050895
2026-05-16 06:15:00,100476.0,102380.0,98040.1,98257.4,11799.908723
2026-05-16 06:30:00,98257.4,106664.0,97170.9,104046.0,13880.385362
2026-05-16 06:45:00,104046.0,105474.0,98692.0,101666.0,12387.272825
2026-05-16 07:00:00,101666.0,102618.0,93476.8,95649.8,15708.32322
2026-05-16 07:15:00,95649.8,101904.0,86969.6,101190.0,19190.251124
2026-05-16 07:30:00,101190.0,109864.0,98692.0,100238.0,13998.287632
2026-05-16 07:45:00,100238.0,100714.0,88820.0,99000.0,15743.626796
2026-05-16 08:00:00,99000.0,104522.0,87252.0,89212.0,41150.707822
2026-05-16 08:15:00,89212.0,109800.0,70517.2,103777.58,23853.472
2026-05-16 08:30:00,103777.58,109907.78,51794.8,109520.0,26716.685499
2026-05-16 08:45:00,109520.0,109520.0,89800.0,90869.2,4023.546708
2026-05-16 09:00:00,90869.2,109808.2,86468.0,109520.0,2891.84745
2026-05-16 09:15:00,109520.0,109520.0,109520.0,109520.0,2.073819
2026-05-16 09:30:00,109520.0,109520.0,109520.0,109520.0,1.531427
2026-05-16 09:45:00,109520.0,109520.0,109520.0,109520.0,0.82688
2026-05-16 10:00:00,109520.0,109520.0,109520.0,109520.0,0.636982
2026-05-16 10:15:00,109520.0,109520.0,109520.0,109520.0,0.960269
2026-05-16 10:30:00,109520.0,109520.0,109520.0,109520.0,0.770938
2026-05-16 10:45:00,109520.0,109520.0,109520.0,109520.0,0.829096
2026-05-16 11:00:00,109520.0,109520.0,109520.0,109520.0,0.582675
2026-05-16 11:15:00,109520.0,109520.0,109520.0,109520.0,0.0
2026-05-16 11:30:00,109520.0,109520.0,109520.0,109520.0,0.0
2026-05-16 11:45:00,109520.0,109520.0,109520.0,109520.0,0.0
2026-05-16 12:00:00,109520.0,109520.0,109520.0,109520.0,0.0
2026-05-16 12:15:00,109520.0,109520.0,109520.0,109520.0,0.0
2026-05-16 12:30:00,109520.0,109520.0,109520.0,109520.0,0.0
2026-05-16 12:45:00,109520.0,109520.0,109520.0,109520.0,0.04192
2026-05-16 13:00:00,109520.0,109520.0,109520.0,109520.0,0.0
2026-05-16 13:15:00,109520.0,109520.0,109520.0,109520.0,0.0
2026-05-16 13:30:00,109520.0,109520.0,109520.0,109520.0,0.03844
2026-05-16 13:45:00,109520.0,109520.0,109520.0,109520.0,0.0
2026-05-16 14:00:00,109520.0,109520.0,109520.0,109520.0,1.03936
2026-05-16 14:15:00,109520.0,109520.0,109520.0,109520.0,0.0
2026-05-16 14:30:00,109520.0,109520.0,109520.0,109520.0,0.0
2026-05-16 14:45:00,109520.0,109520.0,109520.0,109520.0,1.03644
2026-05-16 15:00:00,109520.0,109520.0,109520.0,109520.0,0.10932
2026-05-16 15:15:00,109520.0,109520.0,109520.0,109520.0,0.0
2026-05-16 15:30:00,109520.0,109520.0,109520.0,109520.0,0.15028
2026-05-16 15:45:00,109520.0,109520.0,109520.0,109520.0,0.07836
2026-05-16 16:00:00,109520.0,109520.0,109520.0,109520.0,0.0
2026-05-16 16:15:00,109520.0,109520.0,109520.0,109520.0,0.07288
2026-05-16 16:30:00,109520.0,109520.0,109520.0,109520.0,0.114545
2026-05-16 16:45:00,109520.0,109520.0,109520.0,109520.0,0.05384
2026-05-16 17:00:00,109520.0,109520.0,109520.0,109520.0,0.0574
2026-05-16 17:15:00,109520.0,109520.0,109520.0,109520.0,0.0
2026-05-16 17:30:00,109520.0,109520.0,109520.0,109520.0,0.0
2026-05-16 17:45:00,109520.0,109520.0,109520.0,109520.0,0.0
2026-05-16 18:00:00,109520.0,109520.0,109520.0,109520.0,0.0
2026-05-16 18:15:00,109520.0,109520.0,109520.0,109520.0,0.001
2026-05-16 18:30:00,109520.0,109520.0,109520.0,109520.0,0.0
2026-05-16 18:45:00,109520.0,109520.0,109520.0,109520.0,0.0
2026-05-16 19:00:00,109520.0,109520.0,109520.0,109520.0,0.0
2026-05-16 19:15:00,109520.0,109520.0,109520.0,109520.0,0.0
2026-05-16 19:30:00,109520.0,109520.0,109520.0,109520.0,0.001195
2026-05-16 19:45:00,109520.0,109520.0,109520.0,109520.0,0.03744
2026-05-16 20:00:00,109520.0,109520.0,109520.0,109520.0,0.00044
2026-05-16 20:15:00,109520.0,109520.0,109520.0,109520.0,0.592704
2026-05-16 20:30:00,109520.0,109520.0,109520.0,109520.0,3.463945
2026-05-16 20:45:00,109520.0,109520.0,109520.0,109520.0,3.379283
2026-05-16 21:00:00,109520.0,109614.0,109282.0,109614.0,2.74361
2026-05-16 21:15:00,109614.0,109614.0,109282.0,109282.0,2.737941
2026-05-16 21:30:00,109282.0,109282.0,109282.0,109282.0,2.583164
2026-05-16 21:45:00,109282.0,109520.0,109282.0,109282.0,2.292103
2026-05-16 22:00:00,109282.0,109282.0,109282.0,109282.0,2.43483
2026-05-16 22:15:00,109282.0,109520.0,109282.0,109282.0,2.194983
2026-05-16 22:30:00,109282.0,109520.0,109282.0,109282.0,2.13863
2026-05-16 22:45:00,109282.0,109282.0,109282.0,109282.0,2.001114
2026-05-16 23:00:00,109282.0,109395.0,109044.0,109044.0,1.889791
2026-05-16 23:15:00,109044.0,109520.0,109044.0,109044.0,1.910359
2026-05-16 23:30:00,109044.0,109520.0,109044.0,109044.0,1.893598
2026-05-16 23:45:00,109044.0,109520.0,109044.0,109044.0,1.905171
2026-05-17 00:00:00,109044.0,109044.0,77930.4,78275.2,3252.795101
2026-05-17 00:15:00,78275.2,78620.0,77930.4,78275.2,54.356696
2026-05-17 00:30:00,78275.2,107616.0,77240.8,107616.0,4914.548747
2026-05-17 00:45:00,107616.0,109400.0,107140.0,107854.0,8801.772083
2026-05-17 01:00:00,107854.0,108568.0,105474.0,108092.0,8753.068711
2026-05-17 01:15:00,108092.0,109265.98,107140.0,108330.0,8672.694805
2026-05-17 01:30:00,108330.0,109197.28,106902.0,108330.0,8715.845332
2026-05-17 01:45:00,108330.0,108991.8,105950.0,106426.0,9297.497557
2026-05-17 02:00:00,106426.0,107140.0,104760.0,105950.0,9716.608652
2026-05-17 02:15:00,105950.0,109044.0,105474.0,107854.0,11345.080985
2026-05-17 02:30:00,107854.0,109044.0,106664.0,108568.0,11212.010768
2026-05-17 02:45:00,108568.0,109044.0,107140.0,108092.0,11703.887552
2026-05-17 03:00:00,108092.0,109135.95,107378.0,107854.0,12730.603849
2026-05-17 03:15:00,107854.0,108568.0,105712.0,107140.0,13431.584481
2026-05-17 03:30:00,107140.0,107854.0,104522.0,106188.0,13367.782071
2026-05-17 03:45:00,106188.0,107854.0,105236.0,106664.0,13243.206893
2026-05-17 04:00:00,106664.0,106902.0,104522.0,105712.0,13499.212184
2026-05-17 04:15:00,105712.0,106902.0,104760.0,105712.0,13642.832263
2026-05-17 04:30:00,105712.0,107854.0,104760.0,107378.0,13245.722192
2026-05-17 04:45:00,107378.0,107854.0,105712.0,106902.0,13580.586057
2026-05-17 05:00:00,106902.0,109574.2,94346.0,103808.0,16178.26933
2026-05-17 05:15:00,103808.0,108806.0,102380.0,107925.6,13595.54528
2026-05-17 05:30:00,107925.6,109436.5,107378.0,108092.0,13433.980264
2026-05-17 05:45:00,108092.0,109044.0,105950.0,106426.0,13198.389622
2026-05-17 06:00:00,106426.0,108330.0,105474.0,107378.0,13671.905283
2026-05-17 06:15:00,107378.0,108568.0,106188.0,107854.0,13569.367513
2026-05-17 06:30:00,107854.0,109304.8,102618.0,105950.0,13977.17019
2026-05-17 06:45:00,105950.0,108092.0,104998.0,105712.0,13888.449173
2026-05-17 07:00:00,105712.0,107854.0,104998.0,106664.0,13570.618407
2026-05-17 07:15:00,106664.0,107378.0,104284.0,104760.0,13535.424241
2026-05-17 07:30:00,104760.0,107140.0,103808.0,105950.0,12981.533757
2026-05-17 07:45:00,105950.0,107140.0,104760.0,105474.0,13252.656596
2026-05-17 08:00:00,105474.0,106664.0,103808.0,104284.0,13015.729632
2026-05-17 08:15:00,104284.0,106426.0,103570.0,103808.0,13247.012808
2026-05-17 08:30:00,103808.0,104760.0,102618.0,103332.0,13354.152934
2026-05-17 08:45:00,103332.0,104284.0,100238.0,103332.0,14946.422606
2026-05-17 09:00:00,103332.0,104522.0,102380.0,103570.0,13304.359744
2026-05-17 09:15:00,103570.0,105236.0,102380.0,102856.0,13348.322407
2026-05-17 09:30:00,102856.0,104046.0,102142.0,103570.0,12964.943875
2026-05-17 09:45:00,103570.0,105236.0,101666.0,104760.0,13396.697582
2026-05-17 10:00:00,104760.0,105474.0,103332.0,104284.0,13089.014201
2026-05-17 10:15:00,104284.0,105950.0,103808.0,104522.0,13278.559776
2026-05-17 10:30:00,104522.0,107140.0,104046.0,105950.0,12998.761439
2026-05-17 10:45:00,105950.0,108806.0,105474.0,108330.0,13269.957561
2026-05-17 11:00:00,108330.0,109758.0,106902.0,108806.0,13131.388421
2026-05-17 11:15:00,108806.0,109712.94,108092.0,108806.0,12942.140649
2026-05-17 11:30:00,108806.0,109712.94,98909.3,101428.0,14397.805394
2026-05-17 11:45:00,101428.0,102618.0,99778.5,100952.0,13024.666919
2026-05-17 12:00:00,100952.0,102856.0,99126.6,99778.5,13256.486961
2026-05-17 12:15:00,99778.5,101666.0,98692.0,100476.0,13155.852078
2026-05-17 12:30:00,100476.0,101904.0,99561.2,101190.0,13235.573412
2026-05-17 12:45:00,101190.0,103570.0,100714.0,102618.0,13498.398073
2026-05-17 13:00:00,102618.0,104998.0,99778.5,100714.0,13476.838706
2026-05-17 13:15:00,100714.0,102380.0,100000.0,101190.0,13228.881507
2026-05-17 13:30:00,101190.0,104046.0,98692.0,101190.0,13077.607048
2026-05-17 13:45:00,101190.0,102856.0,98257.4,98692.0,13676.492875
2026-05-17 14:00:00,98692.0,99778.5,89016.0,92390.3,27306.706386
2026-05-17 14:15:00,92390.3,98909.3,48504.0,48610.3,32980.255935
2026-05-17 14:30:00,48610.3,66266.4,48291.4,51033.6,19403.525296
2026-05-17 14:45:00,51033.6,82352.0,50300.0,82352.0,14839.143761
2026-05-17 15:00:00,82352.0,93911.4,55384.4,65371.2,27207.574166
2026-05-17 15:15:00,65371.2,71724.0,50200.0,66799.64,33064.241304
2026-05-17 15:30:00,66799.64,76034.0,51153.8,65072.8,52422.070224
2026-05-17 15:45:00,65072.8,65222.0,47228.4,47653.6,26505.254402
2026-05-17 16:00:00,47653.6,63580.8,46909.5,63580.8,37499.101884
2026-05-17 16:15:00,63580.8,109304.8,63580.8,97605.5,6935.883501
2026-05-17 16:30:00,97605.5,97605.5,85096.0,85096.0,1517.894311
2026-05-17 16:45:00,85096.0,85177.45,83528.0,83528.0,198.17116
2026-05-17 17:00:00,83528.0,83786.01,81960.0,81960.0,198.430099
2026-05-17 17:15:00,81960.0,81960.0,80196.0,80196.0,198.671219
2026-05-17 17:30:00,80196.0,80450.77,78964.8,78964.8,159.676798
2026-05-17 17:45:00,78964.8,79309.6,78964.8,78964.8,6.817837
2026-05-17 18:00:00,78964.8,79137.2,78792.4,78792.4,6.730162
2026-05-17 18:15:00,78792.4,79137.2,78792.4,78792.4,6.748638
2026-05-17 18:30:00,78792.4,79137.2,78792.4,78792.4,7.228755
2026-05-17 18:45:00,78792.4,79137.2,78620.0,78620.0,6.759716
2026-05-17 19:00:00,78620.0,78964.8,78620.0,78620.0,6.801983
2026-05-17 19:15:00,78620.0,78964.8,78620.0,78620.0,6.769186
2026-05-17 19:30:00,78620.0,78964.8,78447.6,78447.6,6.782022
2026-05-17 19:45:00,78447.6,78964.8,78447.6,78620.0,54.556362
2026-05-17 20:00:00,78620.0,78964.8,78620.0,78620.0,6.726642
2026-05-17 20:15:00,78620.0,78964.8,78275.2,78294.7,21.324826
2026-05-17 20:30:00,78294.7,78792.4,78275.2,78447.6,42.29427
2026-05-17 20:45:00,78447.6,78792.4,78275.2,78620.0,19.66827
2026-05-17 21:00:00,78620.0,78792.4,78102.8,78447.6,95.042593
2026-05-17 21:15:00,78447.6,78792.4,78447.6,78447.6,8.860485
2026-05-17 21:30:00,78447.6,78792.4,78000.0,78429.6,87.077695
2026-05-17 21:45:00,78429.6,78792.4,77930.4,78408.6,154.00247
2026-05-17 22:00:00,78408.6,78620.0,77930.4,78275.2,124.791501
2026-05-17 22:15:00,78275.2,78620.0,78275.2,78275.2,3.319737
2026-05-17 22:30:00,78275.2,78620.0,78102.8,78102.8,3.426362
2026-05-17 22:45:00,78102.8,78447.6,78102.8,78102.8,2.734909
2026-05-17 23:00:00,78102.8,78275.2,77585.6,77930.4,121.645403
2026-05-17 23:15:00,77930.4,78447.6,77930.4,78102.8,17.75124
2026-05-17 23:30:00,78102.8,78447.6,78102.8,78102.8,2.36165
2026-05-17 23:45:00,78102.8,78447.6,78102.8,78102.8,2.342599
2026-05-18 00:00:00,78102.8,78447.6,76378.8,76896.0,296.328979
2026-05-18 00:15:00,76896.0,77585.6,76723.6,77068.4,196.205686
2026-05-18 00:30:00,77068.4,77413.2,76551.2,76723.6,195.219053
2026-05-18 00:45:00,76723.6,77585.6,76551.2,77206.7,198.447881
2026-05-18 01:00:00,77206.7,77585.6,76723.6,77240.8,196.384134
2026-05-18 01:15:00,77240.8,77413.2,76551.2,76723.6,199.045838
2026-05-18 01:30:00,76723.6,77240.8,76378.8,76896.0,198.259465
2026-05-18 01:45:00,76896.0,77413.2,76378.8,77413.2,185.855106
2026-05-18 02:00:00,77413.2,77585.6,76723.6,77240.8,203.024857
2026-05-18 02:15:00,77240.8,77413.2,76723.6,77043.9,166.394494
2026-05-18 02:30:00,77043.9,77413.2,76551.2,77068.4,179.141339
2026-05-18 02:45:00,77068.4,77240.8,76378.8,76896.0,183.773495
2026-05-18 03:00:00,76896.0,77413.2,76551.2,76896.0,195.371038
2026-05-18 03:15:00,76896.0,77413.2,76378.8,76964.5,167.186525
2026-05-18 03:30:00,76964.5,77413.2,76551.2,77068.4,161.361477
2026-05-18 03:45:00,77068.4,77413.2,76551.2,76896.0,182.541649
2026-05-18 04:00:00,76896.0,77413.2,76551.2,76723.6,174.711822
2026-05-18 04:15:00,76723.6,77240.8,76378.8,76896.0,177.02824
2026-05-18 04:30:00,76896.0,77240.8,76378.8,77240.8,180.431689
2026-05-18 04:45:00,77240.8,77585.6,76723.6,76723.6,175.826888
2026-05-18 05:00:00,76723.6,77413.2,76551.2,76896.0,172.278387
2026-05-18 05:15:00,76896.0,77413.2,76551.2,77240.8,186.117216
2026-05-18 05:30:00,77240.8,77240.8,76551.2,76896.0,177.77704
2026-05-18 05:45:00,76896.0,77585.6,76551.2,77585.6,192.666832
2026-05-18 06:00:00,77585.6,77585.6,76723.6,77585.6,270.770837
2026-05-18 06:15:00,77585.6,77758.0,77585.6,77758.0,0.008787
2026-05-18 06:30:00,77758.0,77758.0,77600.0,77758.0,10.048552
2026-05-18 06:45:00,77758.0,78102.8,77413.2,78033.0,77.890082
2026-05-18 07:00:00,78033.0,78275.2,77758.0,77930.4,36.483303
2026-05-18 07:15:00,77930.4,78447.6,77930.4,78447.6,25.60288
2026-05-18 07:30:00,78447.6,78792.4,78102.8,78792.4,38.545246
2026-05-18 07:45:00,78792.4,79309.6,78447.6,78964.8,85.48776
2026-05-18 08:00:00,78964.8,84312.0,77585.6,83724.0,1892.927209
2026-05-18 08:15:00,83724.0,85292.0,82548.0,84312.0,1377.192588
2026-05-18 08:30:00,84312.0,86272.0,81960.0,85096.0,1998.249434
2026-05-18 08:45:00,85096.0,85684.0,81372.0,84508.0,2062.525005
2026-05-18 09:00:00,84508.0,86272.0,80588.0,80980.0,4461.563853
2026-05-18 09:15:00,80980.0,86076.0,68653.6,68952.0,4164.781735
2026-05-18 09:30:00,68952.0,69399.6,68653.6,69399.6,30.583078
2026-05-18 09:45:00,69399.6,69548.8,69101.2,69548.8,26.053741
2026-05-18 10:00:00,69548.8,69847.2,69250.4,69847.2,31.415862
2026-05-18 10:15:00,69847.2,70172.4,69607.8,70172.4,44.928177
2026-05-18 10:30:00,70172.4,70344.8,69847.2,70344.8,26.658956
2026-05-18 10:45:00,70344.8,70517.2,70000.0,70517.2,19.510266
2026-05-18 11:00:00,70517.2,70689.6,70172.4,70689.6,21.824782
2026-05-18 11:15:00,70689.6,70862.0,70344.8,70862.0,20.454125
2026-05-18 11:30:00,70862.0,71034.4,70517.2,71034.4,25.568464
2026-05-18 11:45:00,71034.4,71206.8,70689.6,71206.8,23.738911
2026-05-18 12:00:00,71206.8,71379.2,70862.0,71379.2,20.805494
2026-05-18 12:15:00,71379.2,71551.6,71034.4,71551.6,21.564359
2026-05-18 12:30:00,71551.6,71724.0,71206.8,71724.0,20.705782
2026-05-18 12:45:00,71724.0,71896.4,71379.2,71896.4,18.320835
2026-05-18 13:00:00,71896.4,72068.8,71551.6,72068.8,18.57011
2026-05-18 13:15:00,72068.8,72241.2,71724.0,72241.2,17.500791
2026-05-18 13:30:00,72241.2,72413.6,71896.4,72413.6,20.749815
2026-05-18 13:45:00,72413.6,72413.6,72068.8,72413.6,20.02137
2026-05-18 14:00:00,72413.6,72586.0,72068.8,72586.0,18.576477
2026-05-18 14:15:00,72586.0,72758.4,72241.2,72758.4,20.931207
2026-05-18 14:30:00,72758.4,72930.8,72758.4,72930.8,21.402648
2026-05-18 14:45:00,72930.8,73103.2,72586.0,73103.2,19.545054
2026-05-18 15:00:00,73103.2,73275.6,72930.8,73275.6,15.604887
2026-05-18 15:15:00,73275.6,73448.0,73103.2,73448.0,20.190656
2026-05-18 15:30:00,73448.0,73620.4,73103.2,73620.4,17.366373
2026-05-18 15:45:00,73620.4,73620.4,73275.6,73620.4,19.592802
2026-05-18 16:00:00,73620.4,96736.3,73448.0,86272.0,3880.979239
2026-05-18 16:15:00,86272.0,89996.0,72413.6,84508.0,4898.623421
2026-05-18 16:30:00,84508.0,86076.0,76896.0,79654.4,3791.165627
2026-05-18 16:45:00,79654.4,81568.0,73792.8,74999.6,4397.309884
2026-05-18 17:00:00,74999.6,99995.8,72413.6,93259.5,16142.975534
2026-05-18 17:15:00,93259.5,94997.9,91303.8,92173.0,7599.863423
2026-05-18 17:30:00,92173.0,92390.3,91955.7,91955.7,16.544761
2026-05-18 17:45:00,91955.7,92173.0,91738.4,91738.4,18.654094
2026-05-18 18:00:00,91738.4,91738.4,91086.5,91086.5,24.285246
2026-05-18 18:15:00,91086.5,91394.2,90869.2,90869.2,19.054207
2026-05-18 18:30:00,90869.2,91303.8,90869.2,90869.2,16.859741
2026-05-18 18:45:00,90869.2,91086.5,90651.9,90651.9,14.949205
2026-05-18 19:00:00,90651.9,90869.2,90434.6,90434.6,17.302073
2026-05-18 19:15:00,90434.6,90651.9,90217.3,90217.3,19.465224
2026-05-18 19:30:00,90217.3,90434.6,90000.0,90000.0,19.369739
2026-05-18 19:45:00,90000.0,90354.29,89604.0,89604.0,24.261781
2026-05-18 20:00:00,89604.0,89904.13,89408.0,89408.0,17.61394
2026-05-18 20:15:00,89408.0,89679.1,89212.0,89212.0,16.276923
2026-05-18 20:30:00,89212.0,89453.97,89212.0,89212.0,19.363093
2026-05-18 20:45:00,89212.0,89604.0,89016.0,89016.0,18.723178
2026-05-18 21:00:00,89016.0,89408.0,88820.0,88820.0,21.81579
2026-05-18 21:15:00,88820.0,89212.0,88624.0,88624.0,17.546443
2026-05-18 21:30:00,88624.0,88959.36,88428.0,88428.0,18.374997
2026-05-18 21:45:00,88428.0,88778.73,88428.0,88428.0,19.807125
2026-05-18 22:00:00,88428.0,88713.01,88232.0,88232.0,16.763111
2026-05-18 22:15:00,88232.0,88624.0,88232.0,88232.0,6.883067
2026-05-18 22:30:00,88232.0,93476.8,88036.0,93259.5,507.423792
2026-05-18 22:45:00,93259.5,93476.8,93259.5,93259.5,6.908278
2026-05-18 23:00:00,93259.5,93476.8,93042.2,93042.2,6.790519
2026-05-18 23:15:00,93042.2,93476.8,93042.2,93042.2,6.898769
2026-05-18 23:30:00,93042.2,93259.5,92824.9,92824.9,7.973604
2026-05-18 23:45:00,92824.9,93259.5,92824.9,92824.9,6.934352
2026-05-19 00:00:00,92824.9,93147.31,76723.6,76896.0,1787.668051
2026-05-19 00:15:00,76896.0,89604.0,76896.0,89212.0,1580.907984
2026-05-19 00:30:00,89212.0,89480.0,89212.0,89212.0,6.842489
2026-05-19 00:45:00,89212.0,89408.0,89016.0,89016.0,6.868447
2026-05-19 01:00:00,89016.0,89408.0,89016.0,89408.0,6.895444
2026-05-19 01:15:00,89408.0,89408.0,89016.0,89016.0,6.820927
2026-05-19 01:30:00,89016.0,89408.0,88820.0,88820.0,6.825263
2026-05-19 01:45:00,88820.0,89212.0,88820.0,88820.0,6.799634
2026-05-19 02:00:00,88820.0,89212.0,88820.0,88820.0,6.967397
2026-05-19 02:15:00,88820.0,89212.0,88820.0,88820.0,6.857579
2026-05-19 02:30:00,88820.0,89003.81,88624.0,88624.0,6.905942
2026-05-19 02:45:00,88624.0,89016.0,88624.0,88624.0,6.914856
2026-05-19 03:00:00,88624.0,89016.0,88624.0,88624.0,6.895921
2026-05-19 03:15:00,88624.0,88959.36,88428.0,88428.0,6.872707
2026-05-19 03:30:00,88428.0,88778.73,88428.0,88428.0,6.82351
2026-05-19 03:45:00,88428.0,88778.73,88428.0,88428.0,7.363238
2026-05-19 04:00:00,88428.0,88820.0,88428.0,88428.0,6.780437
2026-05-19 04:15:00,88428.0,88624.0,88232.0,88232.0,6.931432
2026-05-19 04:30:00,88232.0,88616.8,88232.0,88232.0,6.86077
2026-05-19 04:45:00,88232.0,88553.65,88232.0,88232.0,6.832429
2026-05-19 05:00:00,88232.0,88553.65,88036.0,88036.0,6.840538
2026-05-19 05:15:00,88036.0,88624.0,87840.0,88232.0,111.908027
2026-05-19 05:30:00,88232.0,100476.0,79654.4,100238.0,10838.485382
2026-05-19 05:45:00,100238.0,107714.05,99778.5,101428.0,3711.092185
2026-05-19 06:00:00,101428.0,102142.0,100952.0,101190.0,3278.02164
2026-05-19 06:15:00,101190.0,102380.0,100714.0,100952.0,3715.442133
2026-05-19 06:30:00,100952.0,102380.0,100714.0,101190.0,4095.378178
2026-05-19 06:45:00,101190.0,102142.0,100238.0,100714.0,4264.587233
2026-05-19 07:00:00,100714.0,101666.0,100476.0,101158.13,4646.664818
2026-05-19 07:15:00,101158.13,102380.0,100476.0,100952.0,5205.983878
2026-05-19 07:30:00,100952.0,101904.0,100238.0,100476.0,5904.584607
2026-05-19 07:45:00,100476.0,101904.0,99778.5,100714.0,7010.953966
2026-05-19 08:00:00,100714.0,102380.0,100238.0,100952.0,8513.160835
2026-05-19 08:15:00,100952.0,101666.0,75861.6,76723.6,11488.454886
2026-05-19 08:30:00,76723.6,78102.8,75516.8,77191.0,11524.995878
2026-05-19 08:45:00,77191.0,77585.6,76551.2,76896.0,119.168504
2026-05-19 09:00:00,76896.0,79999.2,74482.4,79654.4,771.58513
2026-05-19 09:15:00,79654.4,79759.2,79482.0,79482.0,32.684595
2026-05-19 09:30:00,79482.0,79826.8,79309.6,79309.6,7.438417
2026-05-19 09:45:00,79309.6,79654.4,79309.6,79309.6,6.93094
2026-05-19 10:00:00,79309.6,79654.4,79309.6,79309.6,6.853839
2026-05-19 10:15:00,79309.6,79598.06,79137.2,79137.2,6.97812
2026-05-19 10:30:00,79137.2,79482.0,79137.2,79137.2,6.902289
2026-05-19 10:45:00,79137.2,79482.0,78620.0,78620.0,77.445719
2026-05-19 11:00:00,78620.0,78792.4,78447.6,78447.6,6.80939
2026-05-19 11:15:00,78447.6,78792.4,78447.6,78447.6,6.862324
2026-05-19 11:30:00,78447.6,78553.8,78447.6,78447.6,6.91587
2026-05-19 11:45:00,78447.6,78792.4,78275.2,78275.2,6.924876
2026-05-19 12:00:00,78275.2,78620.0,78275.2,78275.2,6.878154
2026-05-19 12:15:00,78275.2,78620.0,78275.2,78275.2,6.954168
2026-05-19 12:30:00,78275.2,78620.0,78102.8,78102.8,6.937012
2026-05-19 12:45:00,78102.8,78447.6,78102.8,78102.8,7.362042
2026-05-19 13:00:00,78102.8,78447.6,78102.8,78102.8,6.964
2026-05-19 13:15:00,78102.8,78447.6,77930.4,77930.4,8.801797
2026-05-19 13:30:00,77930.4,80666.2,77930.4,80392.0,247.94439
2026-05-19 13:45:00,80392.0,80829.81,80392.0,80776.0,28.307213
2026-05-19 14:00:00,80776.0,80829.81,80776.0,80776.0,2.697617
2026-05-19 14:15:00,80776.0,80776.0,80776.0,80776.0,2.755515
2026-05-19 14:30:00,80776.0,80776.0,80776.0,80776.0,1.507959
2026-05-19 14:45:00,80776.0,80776.0,80776.0,80776.0,1.467386
2026-05-19 15:00:00,80776.0,80776.0,80776.0,80776.0,1.646698
2026-05-19 15:15:00,80776.0,80776.0,80776.0,80776.0,1.407853
2026-05-19 15:30:00,80776.0,80776.0,80776.0,80776.0,2.588025
2026-05-19 15:45:00,80776.0,80776.0,80776.0,80776.0,1.781961
2026-05-19 16:00:00,80776.0,80776.0,80776.0,80776.0,2.444216
2026-05-19 16:15:00,80776.0,80776.0,80776.0,80776.0,1.2519
2026-05-19 16:30:00,80776.0,80776.0,80776.0,80776.0,1.423378
2026-05-19 16:45:00,80776.0,80776.0,80776.0,80776.0,1.152235
2026-05-19 17:00:00,80776.0,80776.0,80776.0,80776.0,2.387088
2026-05-19 17:15:00,80776.0,80864.1,80776.0,80776.0,1.110554
2026-05-19 17:30:00,80776.0,80864.1,80776.0,80776.0,1.283888
2026-05-19 17:45:00,80776.0,80776.0,80773.2,80773.2,1.25403
2026-05-19 18:00:00,80773.2,80773.2,80773.2,80773.2,1.303927
2026-05-19 18:15:00,80773.2,80773.2,80773.2,80773.2,17.875354
2026-05-19 18:30:00,80773.2,80773.2,80764.8,80764.8,46.335037
2026-05-19 18:45:00,80764.8,80764.8,80762.1,80762.1,45.960497
2026-05-19 19:00:00,80762.1,80900.93,80759.3,80759.3,44.76357
2026-05-19 19:15:00,80759.3,80759.3,80756.5,80756.5,30.403141
2026-05-19 19:30:00,80756.5,80756.5,80754.9,80754.9,42.133641
2026-05-19 19:45:00,80754.9,80754.9,80753.7,80753.7,36.259101
2026-05-19 20:00:00,80753.7,80753.7,80751.2,80751.2,39.032578
2026-05-19 20:15:00,80751.2,80764.7,80751.0,80751.0,39.848932
2026-05-19 20:30:00,80751.0,80751.0,80748.8,80748.8,36.377225
2026-05-19 20:45:00,80748.8,80764.7,80748.2,80748.2,43.776643
2026-05-19 21:00:00,80748.2,80748.2,80748.2,80748.2,37.170246
2026-05-19 21:15:00,80748.2,80748.2,80745.4,80745.4,32.180291
2026-05-19 21:30:00,80745.4,80759.1,80745.4,80745.4,34.813443
2026-05-19 21:45:00,80745.4,80757.9,80745.4,80745.4,44.168843
2026-05-19 22:00:00,80745.4,80756.4,80742.7,80742.7,41.147549
2026-05-19 22:15:00,80742.7,80742.7,80742.6,80742.6,43.688911
2026-05-19 22:30:00,80742.6,80742.6,80742.6,80742.6,47.605634
2026-05-19 22:45:00,80742.6,80742.6,80740.4,80740.4,38.152024
2026-05-19 23:00:00,80740.4,80740.4,80739.9,80739.9,34.689986
2026-05-19 23:15:00,80739.9,80747.2,80739.9,80739.9,37.562923
2026-05-19 23:30:00,80739.9,80747.2,80739.5,80739.5,38.444824
2026-05-19 23:45:00,80739.5,80745.7,80738.8,80738.8,42.093172
2026-05-20 00:00:00,80738.8,80738.8,76551.2,76896.0,15157.021316
2026-05-20 00:15:00,76896.0,77068.4,76206.4,76723.6,110.699399
2026-05-20 00:30:00,76723.6,77068.4,76206.4,76723.6,101.349245
2026-05-20 00:45:00,76723.6,77240.8,76378.8,76896.0,100.83005
2026-05-20 01:00:00,76896.0,77240.8,76378.8,76551.2,107.54714
2026-05-20 01:15:00,76551.2,77240.8,76378.8,76896.0,96.364799
2026-05-20 01:30:00,76896.0,76896.0,76206.4,76551.2,98.527289
2026-05-20 01:45:00,76551.2,77068.4,76259.6,76896.0,100.495375
2026-05-20 02:00:00,76896.0,77240.8,76378.8,77068.4,103.478907
2026-05-20 02:15:00,77068.4,77240.8,76551.2,76771.7,96.994618
2026-05-20 02:30:00,76771.7,77068.4,76206.4,76614.3,111.389445
2026-05-20 02:45:00,76614.3,77068.4,76206.4,76551.2,102.530353
2026-05-20 03:00:00,76551.2,76896.0,76206.4,76723.6,97.949765
2026-05-20 03:15:00,76723.6,77068.4,76378.8,76723.6,40.350935
2026-05-20 03:30:00,76723.6,77240.8,76723.6,76896.0,15.54604
2026-05-20 03:45:00,76896.0,77240.8,76896.0,76896.0,6.872021
2026-05-20 04:00:00,76896.0,77240.8,76723.6,76723.6,11.859477
2026-05-20 04:15:00,76723.6,77068.4,76551.2,76817.5,74.327126
2026-05-20 04:30:00,76817.5,77068.4,76551.2,76551.2,87.253128
2026-05-20 04:45:00,76551.2,77240.8,76378.8,76783.2,99.058844
2026-05-20 05:00:00,76783.2,77240.8,76551.2,77240.8,93.427046
2026-05-20 05:15:00,77240.8,77413.2,76723.6,77240.8,102.49266
2026-05-20 05:30:00,77240.8,77585.6,76896.0,76896.0,93.274881
2026-05-20 05:45:00,76896.0,77585.6,76896.0,77068.4,100.646168
2026-05-20 06:00:00,77068.4,77413.2,76723.6,77068.4,96.299269
2026-05-20 06:15:00,77068.4,77758.0,76896.0,77240.8,111.798933
2026-05-20 06:30:00,77240.8,77758.0,77068.4,77240.8,100.293727
2026-05-20 06:45:00,77240.8,77758.0,76896.0,77413.2,103.822689
2026-05-20 07:00:00,77413.2,77758.0,77068.4,77240.8,100.813078
2026-05-20 07:15:00,77240.8,77758.0,76896.0,77413.2,100.92892
2026-05-20 07:30:00,77413.2,77758.0,77068.4,77240.8,93.686229
2026-05-20 07:45:00,77240.8,77585.6,76896.0,77585.6,115.818695
2026-05-20 08:00:00,77585.6,77758.0,77068.4,77068.4,102.353055
2026-05-20 08:15:00,77068.4,77758.0,76896.0,77413.2,115.63176
2026-05-20 08:30:00,77413.2,77930.4,77068.4,77585.6,98.243184
2026-05-20 08:45:00,77585.6,77877.1,77068.4,77456.8,104.270657
2026-05-20 09:00:00,77456.8,77758.0,77068.4,77422.5,104.482027
2026-05-20 09:15:00,77422.5,77930.4,77240.8,77585.6,91.104264
2026-05-20 09:30:00,77585.6,77930.4,77068.4,77510.0,99.611075
2026-05-20 09:45:00,77510.0,77930.4,77240.8,77481.9,96.405985
2026-05-20 10:00:00,77481.9,77930.4,77068.4,77585.6,100.199789
2026-05-20 10:15:00,77585.6,77794.9,77240.8,77758.0,97.527535
2026-05-20 10:30:00,77758.0,77930.4,77068.4,77551.8,195.471035
2026-05-20 10:45:00,77551.8,78102.8,77240.8,77585.6,92.111744
2026-05-20 11:00:00,77585.6,77794.9,77068.4,77585.6,93.63597
2026-05-20 11:15:00,77585.6,77930.4,76896.0,77585.6,111.006839
2026-05-20 11:30:00,77585.6,77758.0,77068.4,77386.8,94.638267
2026-05-20 11:45:00,77386.8,77758.0,77068.4,77068.4,99.612301
2026-05-20 12:00:00,77068.4,77930.4,77068.4,77456.5,106.993161
2026-05-20 12:15:00,77456.5,77758.0,77068.4,77497.5,99.677394
2026-05-20 12:30:00,77497.5,77930.4,77240.8,77240.8,84.571561
2026-05-20 12:45:00,77240.8,81176.0,77240.8,80879.2,476.038316
2026-05-20 13:00:00,80879.2,81176.0,80879.2,80879.2,6.848195
2026-05-20 13:15:00,80879.2,81176.0,80879.2,80879.2,7.811225
2026-05-20 13:30:00,80879.2,81126.01,80784.0,80784.0,6.832907
2026-05-20 13:45:00,80784.0,81019.2,80784.0,80784.0,6.830269
2026-05-20 14:00:00,80784.0,81076.16,80784.0,80784.0,6.839478
2026-05-20 14:15:00,80784.0,81372.0,80784.0,81176.0,11.395752
2026-05-20 14:30:00,81176.0,81358.6,81176.0,81176.0,6.847648
2026-05-20 14:45:00,81176.0,81392.93,81176.0,81176.0,6.79621
2026-05-20 15:00:00,81176.0,81176.0,80980.0,80980.0,6.791963
2026-05-20 15:15:00,80980.0,81188.9,80980.0,80980.0,6.839601
2026-05-20 15:30:00,80980.0,81188.9,80980.0,80980.0,6.661815
2026-05-20 15:45:00,80980.0,81188.9,80980.0,80980.0,7.22293
2026-05-20 16:00:00,80980.0,81188.9,80625.8,80625.8,6.936995
2026-05-20 16:15:00,80625.8,80849.5,80625.8,80625.8,6.821288
2026-05-20 16:30:00,80625.8,80980.0,80625.8,80625.8,6.719264
2026-05-20 16:45:00,80625.8,80980.0,80625.8,80625.8,6.841761
2026-05-20 17:00:00,80625.8,80900.93,80625.8,80625.8,6.776196
2026-05-20 17:15:00,80625.8,80849.5,80625.8,80625.8,6.798663
2026-05-20 17:30:00,80625.8,80849.5,80588.0,80588.0,7.791825
2026-05-20 17:45:00,80588.0,80849.5,80588.0,80588.0,6.812101
2026-05-20 18:00:00,80588.0,80980.0,80588.0,80588.0,6.72648
2026-05-20 18:15:00,80588.0,80849.5,80392.0,80392.0,6.791089
2026-05-20 18:30:00,80392.0,80784.0,80392.0,80392.0,6.832782
2026-05-20 18:45:00,80392.0,80675.85,80392.0,80392.0,6.824264
2026-05-20 19:00:00,80392.0,80675.85,80392.0,80392.0,6.772964
2026-05-20 19:15:00,80392.0,80675.85,80372.5,80372.5,6.701749
2026-05-20 19:30:00,80372.5,80588.0,80372.5,80372.5,7.947626
2026-05-20 19:45:00,80372.5,80588.0,80372.5,80372.5,6.816124
2026-05-20 20:00:00,80372.5,80588.0,80372.5,80372.5,6.715707
2026-05-20 20:15:00,80372.5,80588.0,80119.1,80119.1,74.636702
2026-05-20 20:30:00,80119.1,80170.7,79826.8,79826.8,125.347376
2026-05-20 20:45:00,79826.8,80001.0,79482.0,79482.0,127.06315
2026-05-20 21:00:00,79482.0,79654.4,79105.7,79105.7,124.156786
2026-05-20 21:15:00,79105.7,79309.6,78852.3,78852.3,133.470233
2026-05-20 21:30:00,78852.3,78964.8,78599.0,78599.0,131.235084
2026-05-20 21:45:00,78599.0,78792.4,78345.6,78345.6,125.557702
2026-05-20 22:00:00,78345.6,78345.6,78092.3,78092.3,123.64652
2026-05-20 22:15:00,78092.3,78275.2,77838.9,77838.9,117.255285
2026-05-20 22:30:00,77838.9,77838.9,77585.6,77585.6,124.342152
2026-05-20 22:45:00,77585.6,77930.4,77413.2,77585.6,98.592358
2026-05-20 23:00:00,77585.6,77758.0,77068.4,77452.6,103.753241
2026-05-20 23:15:00,77452.6,77758.0,76896.0,77398.2,110.238141
2026-05-20 23:30:00,77398.2,77930.4,77240.8,77585.6,103.341834
2026-05-20 23:45:00,77585.6,77758.0,77068.4,77547.9,102.45232
2026-05-21 00:00:00,77547.9,77930.4,76980.4,77667.0,148.816048
2026-05-21 00:15:00,77667.0,78102.8,77413.2,77726.0,94.637241
2026-05-21 00:30:00,77726.0,77930.4,77240.8,77739.3,99.194047
2026-05-21 00:45:00,77739.3,78275.2,77585.6,77971.2,98.596652
2026-05-21 01:00:00,77971.2,78102.8,77585.6,77930.4,97.171441
2026-05-21 01:15:00,77930.4,78447.6,77585.6,77880.7,102.464614
2026-05-21 01:30:00,77880.7,78275.2,77413.2,78102.8,106.724208
2026-05-21 01:45:00,78102.8,78102.8,77413.2,77858.8,94.317842
2026-05-21 02:00:00,77858.8,78275.2,77585.6,78102.8,97.55587
2026-05-21 02:15:00,78102.8,78275.2,77585.6,78275.2,92.490554
2026-05-21 02:30:00,78275.2,78447.6,77585.6,78023.5,101.392849
2026-05-21 02:45:00,78023.5,78447.6,77758.0,77971.1,86.95702
2026-05-21 03:00:00,77971.1,78275.2,77758.0,77956.2,83.631737
2026-05-21 03:15:00,77956.2,78447.6,77585.6,78102.8,94.266247
2026-05-21 03:30:00,78102.8,78447.6,77930.4,78275.2,94.283777
2026-05-21 03:45:00,78275.2,78275.2,77585.6,78079.8,95.802317
2026-05-21 04:00:00,78079.8,78447.6,77758.0,77982.1,96.535937
2026-05-21 04:15:00,77982.1,78275.2,77585.6,78029.4,87.647045
2026-05-21 04:30:00,78029.4,78275.2,77585.6,77930.4,98.776226
2026-05-21 04:45:00,77930.4,78447.6,77758.0,78035.1,91.914263
2026-05-21 05:00:00,78035.1,78447.6,77758.0,77758.0,94.329153
2026-05-21 05:15:00,77758.0,78102.8,77413.2,77875.2,98.776778
2026-05-21 05:30:00,77875.2,78275.2,77585.6,77865.5,99.564598
2026-05-21 05:45:00,77865.5,78102.8,77413.2,77821.2,101.059266
2026-05-21 06:00:00,77821.2,78275.2,77413.2,77585.6,108.594754
2026-05-21 06:15:00,77585.6,78275.2,77585.6,77780.1,102.993527
2026-05-21 06:30:00,77780.1,78102.8,77413.2,77930.4,106.930041
2026-05-21 06:45:00,77930.4,77930.4,77240.8,77620.6,101.136596
2026-05-21 07:00:00,77620.6,77930.4,77240.8,77607.9,96.639349
2026-05-21 07:15:00,77607.9,78102.8,77240.8,77607.8,114.272048
2026-05-21 07:30:00,77607.8,78102.8,77413.2,77722.3,97.075094
2026-05-21 07:45:00,77722.3,78102.8,77413.2,78102.8,105.041619
2026-05-21 08:00:00,78102.8,78275.2,77585.6,78126.2,108.143563
2026-05-21 08:15:00,78126.2,78620.0,77758.0,77758.0,104.853083
2026-05-21 08:30:00,77758.0,78275.2,77585.6,77930.4,106.215151
2026-05-21 08:45:00,77930.4,78275.2,77413.2,77930.4,108.555313
2026-05-21 09:00:00,77930.4,78102.8,77585.6,78102.8,90.833466
2026-05-21 09:15:00,78102.8,78447.6,77585.6,78102.8,105.097192
2026-05-21 09:30:00,78102.8,78102.8,77240.8,77413.2,95.944729
2026-05-21 09:45:00,77413.2,77930.4,77240.8,77585.6,99.64627
2026-05-21 10:00:00,77585.6,78102.8,77240.8,77637.8,113.667319
2026-05-21 10:15:00,77637.8,77930.4,74827.2,75000.0,352.959001
2026-05-21 10:30:00,75000.0,81176.0,73448.0,81038.3,1220.583349
2026-05-21 10:45:00,81038.3,81176.0,80875.0,80875.0,112.329433
2026-05-21 11:00:00,80875.0,81076.16,80752.6,80752.6,120.536104
2026-05-21 11:15:00,80752.6,80980.0,80630.1,80630.1,119.356145
2026-05-21 11:30:00,80630.1,80900.93,80507.7,80507.7,119.223709
2026-05-21 11:45:00,80507.7,80784.0,80392.0,80392.0,130.179404
2026-05-21 12:00:00,80392.0,80675.85,80262.8,80262.8,186.130069
2026-05-21 12:15:00,80262.8,80583.46,79997.5,79997.5,200.442327
2026-05-21 12:30:00,79997.5,80096.1,79723.2,79723.2,200.273332
2026-05-21 12:45:00,79723.2,79999.2,79548.6,79548.6,200.170387
2026-05-21 13:00:00,79548.6,79826.8,79423.9,79423.9,201.022102
2026-05-21 13:15:00,79423.9,79654.4,79309.6,79309.6,200.264572
2026-05-21 13:30:00,79309.6,79482.0,79224.4,79224.4,200.713168
2026-05-21 13:45:00,79224.4,79482.0,79124.6,79124.6,201.950914
2026-05-21 14:00:00,79124.6,79309.6,79024.9,79024.9,200.58243
2026-05-21 14:15:00,79024.9,79309.6,78632.6,78632.6,201.035244
2026-05-21 14:30:00,78632.6,78964.8,78306.1,78306.1,200.689911
2026-05-21 14:45:00,78306.1,78612.66,78061.2,78061.2,201.007562
2026-05-21 15:00:00,78061.2,78275.2,76896.0,77157.0,200.755951
2026-05-21 15:15:00,77157.0,77585.6,76723.6,77271.5,189.226639
2026-05-21 15:30:00,77271.5,77758.0,76896.0,77221.6,188.423615
2026-05-21 15:45:00,77221.6,77585.6,76723.6,77585.6,190.391197
2026-05-21 16:00:00,77585.6,77758.0,76896.0,77278.3,188.282484
2026-05-21 16:15:00,77278.3,77585.6,76723.6,77181.6,188.387908
2026-05-21 16:30:00,77181.6,77758.0,76723.6,76896.0,190.689616
2026-05-21 16:45:00,76896.0,77585.6,76723.6,77413.2,183.084546
2026-05-21 17:00:00,77413.2,77758.0,76723.6,77512.4,180.366786
2026-05-21 17:15:00,77512.4,78275.2,77413.2,77977.9,195.36242
2026-05-21 17:30:00,77977.9,78447.6,77413.2,77758.0,197.920771
2026-05-21 17:45:00,77758.0,78447.6,77413.2,77874.3,200.73088
2026-05-21 18:00:00,77874.3,78275.2,77240.8,77758.0,195.181633
2026-05-21 18:15:00,77758.0,78102.8,77240.8,77751.6,170.511987
2026-05-21 18:30:00,77751.6,78275.2,77240.8,77761.8,190.417895
2026-05-21 18:45:00,77761.8,78102.8,77068.4,77371.6,196.329547
2026-05-21 19:00:00,77371.6,77930.4,77068.4,77413.2,190.043242
2026-05-21 19:15:00,77413.2,77930.4,77068.4,77551.0,178.642353
2026-05-21 19:30:00,77551.0,81526.7,74571.4,75344.4,1410.909362
2026-05-21 19:45:00,75344.4,76896.0,75049.7,76896.0,199.190286
2026-05-21 20:00:00,76896.0,77930.4,76896.0,77713.8,177.487216
2026-05-21 20:15:00,77713.8,78102.8,77240.8,77693.0,149.72104
2026-05-21 20:30:00,77693.0,78102.8,77240.8,77585.6,155.372533
2026-05-21 20:45:00,77585.6,78102.8,77240.8,77758.0,177.456139
2026-05-21 21:00:00,77758.0,78275.2,77413.2,77773.7,160.356743
2026-05-21 21:15:00,77773.7,78102.8,77413.2,77790.2,120.012276
2026-05-21 21:30:00,77790.2,78102.8,77413.2,77732.0,143.073577
2026-05-21 21:45:00,77732.0,77930.4,77240.8,77758.0,145.388554
2026-05-21 22:00:00,77758.0,78275.2,77240.8,77665.3,177.519867
2026-05-21 22:15:00,77665.3,78102.8,77240.8,77700.0,143.488966
2026-05-21 22:30:00,77700.0,78102.8,77068.4,77643.0,175.313603
2026-05-21 22:45:00,77643.0,78102.8,77240.8,77627.7,158.894214
2026-05-21 23:00:00,77627.7,78102.8,77240.8,77758.0,158.664392
2026-05-21 23:15:00,77758.0,78102.8,77240.8,77647.0,160.966007
2026-05-21 23:30:00,77647.0,78102.8,77240.8,77585.6,158.628629
2026-05-21 23:45:00,77585.6,78102.8,77240.8,77413.2,162.945275
2026-05-22 00:00:00,77413.2,77930.4,77200.0,77413.2,182.005391
2026-05-22 00:15:00,77413.2,77930.4,77200.0,77488.5,167.843269
2026-05-22 00:30:00,77488.5,77930.4,77068.4,77471.9,171.105203
2026-05-22 00:45:00,77471.9,77930.4,77068.4,77370.0,170.198503
2026-05-22 01:00:00,77370.0,77758.0,76896.0,77413.2,176.8875
2026-05-22 01:15:00,77413.2,77930.4,77068.4,77465.7,161.342889
2026-05-22 01:30:00,77465.7,77930.4,77068.4,77523.0,153.530421
2026-05-22 01:45:00,77523.0,78102.8,77240.8,77611.8,171.057492
2026-05-22 02:00:00,77611.8,78102.8,77240.8,77669.6,175.297385
2026-05-22 02:15:00,77669.6,78102.8,77240.8,77668.7,161.899026
2026-05-22 02:30:00,77668.7,78102.8,77240.8,77585.6,161.102111
2026-05-22 02:45:00,77585.6,78102.8,77413.2,77413.2,155.599275
2026-05-22 03:00:00,77413.2,78102.8,77240.8,77714.8,157.366309
2026-05-22 03:15:00,77714.8,77930.4,77240.8,77758.0,116.789235
2026-05-22 03:30:00,77758.0,78275.2,77585.6,77784.9,74.3426
2026-05-22 03:45:00,77784.9,77930.4,77413.2,77758.0,60.806426
2026-05-22 04:00:00,77758.0,78102.8,77585.6,78102.8,53.56595
2026-05-22 04:15:00,78102.8,78275.2,77585.6,77930.4,68.654505
2026-05-22 04:30:00,77930.4,77930.4,77413.2,77585.6,79.905523
2026-05-22 04:45:00,77585.6,78102.8,77240.8,77585.6,79.427736
2026-05-22 05:00:00,77585.6,78102.8,77413.2,77758.0,69.567021
2026-05-22 05:15:00,77758.0,78033.0,77413.2,77758.0,75.209841
2026-05-22 05:30:00,77758.0,77930.4,77240.8,77930.4,72.741235
2026-05-22 05:45:00,77930.4,78102.8,77413.2,77758.0,77.457093
2026-05-22 06:00:00,77758.0,77758.0,77068.4,77495.5,71.154274
2026-05-22 06:15:00,77495.5,77930.4,77068.4,77585.6,74.643469
2026-05-22 06:30:00,77585.6,77930.4,77240.8,77585.6,84.687452
2026-05-22 06:45:00,77585.6,77758.0,76896.0,77425.1,85.182919
2026-05-22 07:00:00,77425.1,77758.0,77068.4,77413.2,71.580837
2026-05-22 07:15:00,77413.2,77758.0,77068.4,77413.2,68.973991
2026-05-22 07:30:00,77413.2,77930.4,77068.4,77472.9,92.116262
2026-05-22 07:45:00,77472.9,77758.0,77240.8,77585.6,72.393692
2026-05-22 08:00:00,77585.6,77585.6,77240.8,77240.8,3.131235
2026-05-22 08:15:00,77240.8,77585.6,77240.8,77240.8,3.079235
2026-05-22 08:30:00,77240.8,77585.6,77240.8,77585.6,3.900977
2026-05-22 08:45:00,77585.6,77585.6,77240.8,77240.8,3.695278
2026-05-22 09:00:00,77240.8,77585.6,77068.4,77334.2,2.936131
2026-05-22 09:15:00,77334.2,77413.2,77068.4,77068.4,3.455136
2026-05-22 09:30:00,77068.4,77413.2,77068.4,77411.5,1.45509
2026-05-22 09:45:00,77411.5,77413.2,76896.0,77240.8,1.399545
2026-05-22 10:00:00,77240.8,77240.8,76896.0,77240.8,2.077203
2026-05-22 10:15:00,77240.8,77240.8,76896.0,77240.8,1.386769
2026-05-22 10:30:00,77240.8,77240.8,76896.0,76896.0,0.692219
2026-05-22 10:45:00,76896.0,77240.8,76896.0,76948.6,0.006427
2026-05-22 11:00:00,76948.6,77240.8,76896.0,76896.0,1.379503
2026-05-22 11:15:00,76896.0,77240.8,76896.0,77240.8,0.655931
2026-05-22 11:30:00,77240.8,77240.8,77240.8,77240.8,0.671258
2026-05-22 11:45:00,77240.8,77240.8,76896.0,77179.7,0.670475
2026-05-22 12:00:00,77179.7,77240.8,76896.0,77240.8,0.004828
2026-05-22 12:15:00,77240.8,77240.8,76896.0,77172.0,1.329789
2026-05-22 12:30:00,77172.0,77240.8,76896.0,77164.3,1.318554
2026-05-22 12:45:00,77164.3,77240.8,76896.0,77179.7,0.060487
2026-05-22 13:00:00,77179.7,77240.8,76896.0,77179.7,0.027553
2026-05-22 13:15:00,77179.7,77217.6,77179.7,77217.6,0.000465
2026-05-22 13:30:00,77217.6,77240.8,77217.6,77240.8,0.726345
2026-05-22 13:45:00,77240.8,77240.8,77240.8,77240.8,0.00019
2026-05-22 14:00:00,77240.8,77240.8,76896.0,77240.8,0.715172
2026-05-22 14:15:00,77240.8,77240.8,77240.8,77240.8,0.000177
2026-05-22 14:30:00,77240.8,77240.8,76896.0,77179.7,1.648995
2026-05-22 14:45:00,77179.7,77240.8,76896.0,77240.8,0.670756
2026-05-22 15:00:00,77240.8,77240.8,76896.0,77240.8,1.307384
2026-05-22 15:15:00,77240.8,77240.8,76896.0,77240.8,0.888477
2026-05-22 15:30:00,77240.8,77240.8,77240.8,77240.8,3.6e-05
2026-05-22 15:45:00,77240.8,77240.8,77240.8,77240.8,0.100306
2026-05-22 16:00:00,77240.8,77240.8,77240.8,77240.8,0.001484
2026-05-22 16:15:00,77240.8,77240.8,77240.8,77240.8,4.8e-05
2026-05-22 16:30:00,77240.8,77240.8,77240.8,77240.8,4.8e-05
2026-05-22 16:45:00,77240.8,77240.8,77240.8,77240.8,4.8e-05
2026-05-22 17:00:00,77240.8,77240.8,77240.8,77240.8,3.6e-05
2026-05-22 17:15:00,77240.8,77240.8,76896.0,77179.7,1.000048
2026-05-22 17:30:00,77179.7,77179.7,76896.0,77179.7,0.000329
2026-05-22 17:45:00,77179.7,77179.7,76896.0,77179.7,0.000148
2026-05-22 18:00:00,77179.7,77179.7,76896.0,77179.7,0.000323
2026-05-22 18:15:00,77179.7,77240.8,76896.0,77240.8,0.003548
2026-05-22 18:30:00,77240.8,77240.8,76896.0,77240.8,0.013032
2026-05-22 18:45:00,77240.8,77240.8,77240.8,77240.8,0.000204
2026-05-22 19:00:00,77240.8,77240.8,77240.8,77240.8,0.000702
2026-05-22 19:15:00,77240.8,77240.8,76896.0,77240.8,0.405712
2026-05-22 19:30:00,77240.8,77240.8,76896.0,76948.6,0.33231
2026-05-22 19:45:00,76948.6,77240.8,76948.6,77240.8,0.056688
2026-05-22 20:00:00,77240.8,77240.8,76896.0,77179.7,0.002936
2026-05-22 20:15:00,77179.7,77240.8,76896.0,77240.8,0.096725
2026-05-22 20:30:00,77240.8,77240.8,76948.6,76948.6,0.00068
2026-05-22 20:45:00,76948.6,77240.8,76948.6,77240.8,0.000148
2026-05-22 21:00:00,77240.8,77240.8,77240.8,77240.8,2.4e-05
2026-05-22 21:15:00,77240.8,77240.8,76896.0,76896.0,0.115286
2026-05-22 21:30:00,76896.0,77240.8,76896.0,77240.8,0.001426
2026-05-22 21:45:00,77240.8,77240.8,77240.8,77240.8,4.8e-05
2026-05-22 22:00:00,77240.8,77240.8,77240.8,77240.8,2.4e-05
2026-05-22 22:15:00,77240.8,77240.8,76896.0,76896.0,0.919424
2026-05-22 22:30:00,76896.0,77179.7,76896.0,77179.7,0.000136
2026-05-22 22:45:00,77179.7,77240.8,77087.8,77100.0,0.133426
2026-05-22 23:00:00,77100.0,77240.8,77100.0,77240.8,2.4e-05
2026-05-22 23:15:00,77240.8,77240.8,77240.8,77240.8,0.002293
2026-05-22 23:30:00,77240.8,77240.8,76896.0,77179.7,0.001165
2026-05-22 23:45:00,77179.7,77179.7,77179.7,77179.7,4.8e-05
2026-05-23 00:00:00,77179.7,77179.7,74827.2,74827.2,244.18134
2026-05-23 00:15:00,74827.2,75172.0,74827.2,75172.0,0.000191
2026-05-23 00:30:00,75172.0,75172.0,74827.2,75172.0,0.000139
2026-05-23 00:45:00,75172.0,75172.0,74827.2,75172.0,0.00215
2026-05-23 01:00:00,75172.0,75172.0,74827.2,75172.0,0.015297
2026-05-23 01:15:00,75172.0,75172.0,74827.2,75172.0,0.000551
2026-05-23 01:30:00,75172.0,75172.0,74827.2,75172.0,0.000937
2026-05-23 01:45:00,75172.0,75172.0,74827.2,75172.0,3.337322
2026-05-23 02:00:00,75172.0,75172.0,74827.2,75172.0,0.000126
2026-05-23 02:15:00,75172.0,75172.0,74827.2,75172.0,0.000152
2026-05-23 02:30:00,75172.0,75172.0,74827.2,75172.0,0.075068
2026-05-23 02:45:00,75172.0,75172.0,74827.2,75172.0,0.117063
2026-05-23 03:00:00,75172.0,75172.0,74827.2,75172.0,0.074916
2026-05-23 03:15:00,75172.0,75172.0,74827.2,75172.0,0.005481
2026-05-23 03:30:00,75172.0,75172.0,74827.2,75172.0,0.000178
2026-05-23 03:45:00,75172.0,75172.0,74827.2,75172.0,0.001152
2026-05-23 04:00:00,75172.0,75172.0,74827.2,75172.0,0.008253
2026-05-23 04:15:00,75172.0,75172.0,74827.2,75172.0,0.006752
2026-05-23 04:30:00,75172.0,75172.0,74827.2,75172.0,0.056127
2026-05-23 04:45:00,75172.0,75172.0,74827.2,75172.0,0.000152
2026-05-23 05:00:00,75172.0,75172.0,74827.2,75172.0,0.004207
2026-05-23 05:15:00,75172.0,75172.0,74827.2,75172.0,0.003577
2026-05-23 05:30:00,75172.0,75172.0,74827.2,75172.0,0.002799
2026-05-23 05:45:00,75172.0,75172.0,74827.2,75172.0,0.013467
2026-05-23 06:00:00,75172.0,75172.0,74827.2,74827.2,0.007913
2026-05-23 06:15:00,74827.2,75172.0,74827.2,75172.0,0.010954
2026-05-23 06:30:00,75172.0,79137.2,74827.2,79137.2,474.854573
2026-05-23 06:45:00,79137.2,79137.2,79137.2,79137.2,0.000502
2026-05-23 07:00:00,79137.2,79137.2,79137.2,79137.2,0.000138
2026-05-23 07:15:00,79137.2,79137.2,79088.6,79088.6,0.0007
2026-05-23 07:30:00,79088.6,79088.6,79088.6,79088.6,0.0
2026-05-23 07:45:00,79088.6,79088.6,79088.6,79088.6,0.0
2026-05-23 08:00:00,79088.6,79088.6,79088.6,79088.6,0.00079
2026-05-23 08:15:00,79088.6,79088.6,79088.6,79088.6,0.0
2026-05-23 08:30:00,79088.6,79088.6,78840.8,78840.8,500.0
2026-05-23 08:45:00,78840.8,78840.8,73620.4,73620.4,2178.164294
2026-05-23 09:00:00,73620.4,78400.0,72930.8,78020.4,9110.565279
2026-05-23 09:15:00,78020.4,78275.2,72758.4,72758.4,5871.937086
2026-05-23 09:30:00,72758.4,73103.2,71896.4,72241.2,101.306166
2026-05-23 09:45:00,72241.2,72241.2,71724.0,71724.0,36.093379
2026-05-23 10:00:00,71724.0,75172.0,71379.2,73620.4,622.116887
2026-05-23 10:15:00,73620.4,73792.8,73275.6,73792.8,36.330221
2026-05-23 10:30:00,73792.8,76378.8,73448.0,76034.0,336.394016
2026-05-23 10:45:00,76034.0,76378.8,76034.0,76034.0,36.079681
2026-05-23 11:00:00,76034.0,76551.2,76034.0,76206.4,35.989577
2026-05-23 11:15:00,76206.4,76896.0,71896.4,74137.6,1107.139218
2026-05-23 11:30:00,74137.6,75689.2,72758.4,72758.4,545.774153
2026-05-23 11:45:00,72758.4,73275.6,72758.4,72930.8,36.042312
2026-05-23 12:00:00,72930.8,73448.0,72930.8,73448.0,36.034133
2026-05-23 12:15:00,73448.0,74137.6,73103.2,74137.6,110.322818
2026-05-23 12:30:00,74137.6,74310.0,73792.8,74310.0,35.784202
2026-05-23 12:45:00,74310.0,74482.4,73965.2,74137.6,35.686105
2026-05-23 13:00:00,74137.6,74654.8,74137.6,74310.0,25.319895
2026-05-23 13:15:00,74310.0,74654.8,74310.0,74654.8,9.1e-05
2026-05-23 13:30:00,74654.8,74654.8,74654.8,74654.8,3.9e-05
2026-05-23 13:45:00,74654.8,74654.8,74654.8,74654.8,0.000199
2026-05-23 14:00:00,74654.8,74654.8,74310.0,74654.8,0.069266
2026-05-23 14:15:00,74654.8,74654.8,74310.0,74654.8,0.028689
2026-05-23 14:30:00,74654.8,74654.8,74654.8,74654.8,0.000172
2026-05-23 14:45:00,74654.8,74654.8,74654.8,74654.8,5.2e-05
2026-05-23 15:00:00,74654.8,74654.8,74310.0,74310.0,0.176542
2026-05-23 15:15:00,74310.0,74654.8,74310.0,74654.8,0.013579
2026-05-23 15:30:00,74654.8,74654.8,74310.0,74654.8,0.163236
2026-05-23 15:45:00,74654.8,74654.8,74654.8,74654.8,0.332436
2026-05-23 16:00:00,74654.8,74654.8,74654.8,74654.8,0.26554
2026-05-23 16:15:00,74654.8,74654.8,74310.0,74310.0,0.00682
2026-05-23 16:30:00,74310.0,74654.8,74310.0,74654.8,5.2e-05
2026-05-23 16:45:00,74654.8,74654.8,74310.0,74310.0,0.03996
2026-05-23 17:00:00,74310.0,74654.8,74310.0,74310.0,0.000435
2026-05-23 17:15:00,74310.0,74654.8,74310.0,74654.8,5.2e-05
2026-05-23 17:30:00,74654.8,74654.8,74654.8,74654.8,0.334038
2026-05-23 17:45:00,74654.8,74654.8,74310.0,74654.8,0.331723
2026-05-23 18:00:00,74654.8,74654.8,74310.0,74654.8,0.004941
2026-05-23 18:15:00,74654.8,74654.8,74310.0,74310.0,0.182682
2026-05-23 18:30:00,74310.0,74654.8,74310.0,74654.8,0.006999
2026-05-23 18:45:00,74654.8,74654.8,74654.8,74654.8,0.001228
2026-05-23 19:00:00,74654.8,74654.8,74310.0,74654.8,0.000289
2026-05-23 19:15:00,74654.8,74654.8,74310.0,74310.0,0.004158
2026-05-23 19:30:00,74310.0,74654.8,74310.0,74654.8,0.040414
2026-05-23 19:45:00,74654.8,74654.8,74310.0,74654.8,0.115584
2026-05-23 20:00:00,74654.8,74654.8,74310.0,74310.0,0.001879
2026-05-23 20:15:00,74310.0,74654.8,74310.0,74654.8,0.001475
2026-05-23 20:30:00,74654.8,74654.8,74310.0,74654.8,0.055239
2026-05-23 20:45:00,74654.8,74654.8,74603.9,74654.8,0.000184
2026-05-23 21:00:00,74654.8,74654.8,74654.8,74654.8,2.6e-05
2026-05-23 21:15:00,74654.8,74654.8,74603.9,74603.9,0.003319
2026-05-23 21:30:00,74603.9,74654.8,74603.9,74654.8,3.9e-05
2026-05-23 21:45:00,74654.8,74654.8,74603.9,74654.8,0.004171
2026-05-23 22:00:00,74654.8,74654.8,74603.9,74654.8,0.023331
2026-05-23 22:15:00,74654.8,74654.8,74654.8,74654.8,5.2e-05
2026-05-23 22:30:00,74654.8,74654.8,74654.8,74654.8,0.000172
2026-05-23 22:45:00,74654.8,74654.8,74603.9,74654.8,0.000445
2026-05-23 23:00:00,74654.8,74654.8,74603.9,74654.8,0.001406
2026-05-23 23:15:00,74654.8,74654.8,74603.9,74654.8,0.004134
2026-05-23 23:30:00,74654.8,74654.8,74654.8,74654.8,3.9e-05
2026-05-23 23:45:00,74654.8,76551.2,74654.8,76551.2,220.000185
2026-05-24 00:00:00,76551.2,78447.6,75344.4,76551.2,2654.379716
2026-05-24 00:15:00,76551.2,78620.0,73620.4,75344.4,3047.329904
2026-05-24 00:30:00,75344.4,80196.0,73275.6,73620.4,3038.28701
2026-05-24 00:45:00,73620.4,80392.0,72920.35,79482.0,3062.584952
2026-05-24 01:00:00,79482.0,80686.4,72939.8,79137.2,2952.612983
2026-05-24 01:15:00,79137.2,80392.0,72978.5,76378.8,3048.024871
2026-05-24 01:30:00,76378.8,80196.0,73051.5,74482.4,3074.511789
2026-05-24 01:45:00,74482.4,80686.4,72978.5,78102.8,3214.084812
2026-05-24 02:00:00,78102.8,80750.0,73075.7,80730.3,3253.645412
2026-05-24 02:15:00,80730.3,80730.3,72905.6,74827.2,3216.752535
2026-05-24 02:30:00,74827.2,79999.2,72978.5,79654.4,3731.373961
2026-05-24 02:45:00,79654.4,80675.85,75000.0,78964.8,3275.049185
2026-05-24 03:00:00,78964.8,80675.85,75000.0,78366.31,3358.526068
2026-05-24 03:15:00,78366.31,80750.0,75000.0,80392.0,3168.375924
2026-05-24 03:30:00,80392.0,80750.0,75000.0,78102.8,3642.915332
2026-05-24 03:45:00,78102.8,80605.3,75000.0,78792.4,3387.308955
2026-05-24 04:00:00,78792.4,80678.8,75000.0,80196.0,3603.702449
2026-05-24 04:15:00,80196.0,80686.4,74827.2,80569.1,3297.625619
2026-05-24 04:30:00,80569.1,80605.3,74654.8,76551.2,3423.503813
2026-05-24 04:45:00,76551.2,80605.3,73965.2,75861.6,3310.995189
2026-05-24 05:00:00,75861.6,80477.17,72905.6,80392.0,3326.665299
2026-05-24 05:15:00,80392.0,80477.17,72905.6,80392.0,3573.879203
2026-05-24 05:30:00,80392.0,80488.6,72866.26,79654.4,3334.973983
2026-05-24 05:45:00,79654.4,80477.17,73000.0,74137.6,3404.399369
2026-05-24 06:00:00,74137.6,80196.0,73000.0,74999.6,3593.673105
2026-05-24 06:15:00,74999.6,77758.0,72918.6,73965.2,3483.569929
2026-05-24 06:30:00,73965.2,75344.4,72920.35,74137.6,3444.599743
2026-05-24 06:45:00,74137.6,75689.2,72978.5,73620.4,3198.027626
2026-05-24 07:00:00,73620.4,76013.0,73100.8,74482.4,3276.1126
2026-05-24 07:15:00,74482.4,76234.6,73051.5,75861.6,3165.154881
2026-05-24 07:30:00,75861.6,76329.6,73051.5,75516.8,3204.518926
2026-05-24 07:45:00,75516.8,76432.8,72978.5,75861.6,3203.431241
2026-05-24 08:00:00,75861.6,76456.2,72905.6,76206.4,3295.875652
2026-05-24 08:15:00,76206.4,76578.4,72930.8,76378.8,3158.468362
2026-05-24 08:30:00,76378.8,76756.3,72978.5,76034.0,3138.912789
2026-05-24 08:45:00,76034.0,76853.4,72978.5,73051.5,3245.579283
2026-05-24 09:00:00,73051.5,76901.9,72978.5,74310.0,3358.609551
2026-05-24 09:15:00,74310.0,77068.4,73091.5,74137.6,3286.507366
2026-05-24 09:30:00,74137.6,80829.81,74137.6,75344.4,3587.480553
2026-05-24 09:45:00,75344.4,80864.5,73129.3,80686.4,3359.857909
2026-05-24 10:00:00,80686.4,80829.81,73157.88,76551.2,3458.949179
2026-05-24 10:15:00,76551.2,80829.81,73124.5,74137.6,3485.472447
2026-05-24 10:30:00,74137.6,81031.2,73275.6,75689.2,3280.024547
2026-05-24 10:45:00,75689.2,81000.0,73344.1,79137.2,3377.978595
2026-05-24 11:00:00,79137.2,81160.0,73417.5,80588.0,3353.22979
2026-05-24 11:15:00,80588.0,81187.1,73428.55,80588.0,3479.376996
2026-05-24 11:30:00,80588.0,81134.8,73394.4,75172.0,3353.741239
2026-05-24 11:45:00,75172.0,81099.53,73417.5,74482.4,3346.381248
2026-05-24 12:00:00,74482.4,81052.58,73394.4,80090.76,3770.054701
2026-05-24 12:15:00,80090.76,80929.8,77930.4,80588.0,3199.196243
2026-05-24 12:30:00,80588.0,80980.0,75861.6,79826.8,3485.536686
2026-05-24 12:45:00,79826.8,80929.8,74482.4,76034.0,3537.946649
2026-05-24 13:00:00,76034.0,80929.8,73448.0,78612.66,3467.300253
2026-05-24 13:15:00,78612.66,80909.08,73234.6,79137.2,3388.174641
2026-05-24 13:30:00,79137.2,79826.8,73100.8,74482.4,3518.418052
2026-05-24 13:45:00,74482.4,80736.84,72866.26,77068.4,3263.339225
2026-05-24 14:00:00,77068.4,80678.8,72920.35,74999.6,3457.125752
2026-05-24 14:15:00,74999.6,78102.8,72498.9,72758.4,2873.59702
2026-05-24 14:30:00,72758.4,72758.4,72670.0,72670.0,0.749589
2026-05-24 14:45:00,72670.0,72758.4,72670.0,72758.4,0.057393
2026-05-24 15:00:00,72758.4,72758.4,72758.4,72758.4,0.129878
2026-05-24 15:15:00,72758.4,72758.4,72680.5,72758.4,0.12238
2026-05-24 15:30:00,72758.4,72758.4,72758.4,72758.4,0.074081
2026-05-24 15:45:00,72758.4,72758.4,72685.6,72758.4,0.252135
2026-05-24 16:00:00,72758.4,72758.4,72758.4,72758.4,0.116214
2026-05-24 16:15:00,72758.4,72758.4,72758.4,72758.4,0.007142
2026-05-24 16:30:00,72758.4,72758.4,72758.4,72758.4,1.296074
2026-05-24 16:45:00,72758.4,72758.4,72758.4,72758.4,0.035467
2026-05-24 17:00:00,72758.4,72758.4,72758.4,72758.4,0.003013
2026-05-24 17:15:00,72758.4,72758.4,72758.4,72758.4,0.001534
2026-05-24 17:30:00,72758.4,72758.4,72758.4,72758.4,0.051378
2026-05-24 17:45:00,72758.4,78620.0,72758.4,77758.0,2325.387899
2026-05-24 18:00:00,77758.0,80477.17,74482.4,77758.0,7263.022842
2026-05-24 18:15:00,77758.0,79137.2,72930.8,77068.4,6300.090857
2026-05-24 18:30:00,77068.4,77068.4,76723.6,77068.4,1.358433
2026-05-24 18:45:00,77068.4,77068.4,76723.6,77068.4,0.00625
2026-05-24 19:00:00,77068.4,77068.4,76723.6,77068.4,0.001637
2026-05-24 19:15:00,77068.4,77068.4,76723.6,77068.4,0.009562
2026-05-24 19:30:00,77068.4,77068.4,76723.6,76723.6,0.00632
2026-05-24 19:45:00,76723.6,77068.4,76723.6,77068.4,0.000558
2026-05-24 20:00:00,77068.4,77068.4,76723.6,77068.4,0.008606
2026-05-24 20:15:00,77068.4,77068.4,76551.2,76677.1,57.397199
2026-05-24 20:30:00,76677.1,77068.4,76206.4,76723.6,135.902429
2026-05-24 20:45:00,76723.6,77068.4,76206.4,76664.7,132.911347
2026-05-24 21:00:00,76664.7,77068.4,76206.4,76551.2,112.836752
2026-05-24 21:15:00,76551.2,77068.4,76378.8,76378.8,105.867572
2026-05-24 21:30:00,76378.8,76723.6,75689.2,76127.8,113.532019
2026-05-24 21:45:00,76127.8,76723.6,75861.6,76141.6,136.875302
2026-05-24 22:00:00,76141.6,77240.8,75861.6,76980.5,125.829032
2026-05-24 22:15:00,76980.5,79654.4,73100.8,73620.4,959.167547
2026-05-24 22:30:00,73620.4,73792.8,73275.6,73792.8,103.739476
2026-05-24 22:45:00,73792.8,73792.8,73620.4,73792.8,105.990983
2026-05-24 23:00:00,73792.8,73792.8,73620.4,73792.8,107.246715
2026-05-24 23:15:00,73792.8,73792.8,73620.4,73792.8,85.667411
2026-05-24 23:30:00,73792.8,73965.2,73620.4,73965.2,137.9699
2026-05-24 23:45:00,73965.2,75172.0,73620.4,75172.0,141.887115
2026-05-25 00:00:00,75172.0,77413.2,75172.0,77188.7,356.786141
2026-05-25 00:15:00,77188.7,77585.6,76896.0,77068.4,125.023387
2026-05-25 00:30:00,77068.4,77585.6,76723.6,77127.6,129.072187
2026-05-25 00:45:00,77127.6,77585.6,76896.0,77240.8,113.338506
2026-05-25 01:00:00,77240.8,77585.6,76723.6,77172.9,114.230987
2026-05-25 01:15:00,77172.9,77585.6,76723.6,77240.8,130.591166
2026-05-25 01:30:00,77240.8,77585.6,76723.6,77240.8,137.571992
2026-05-25 01:45:00,77240.8,77585.6,76723.6,76941.1,93.567262
2026-05-25 02:00:00,76941.1,77758.0,76723.6,77413.2,120.145678
2026-05-25 02:15:00,77413.2,79482.0,76896.0,78447.6,476.518679
2026-05-25 02:30:00,78447.6,79482.0,74482.4,75689.2,1156.47642
2026-05-25 02:45:00,75689.2,76896.0,75516.8,76896.0,147.218235
2026-05-25 03:00:00,76896.0,77585.6,76551.2,77096.6,132.746479
2026-05-25 03:15:00,77096.6,77585.6,76723.6,77240.8,128.414854
2026-05-25 03:30:00,77240.8,77585.6,76723.6,77083.5,116.157794
2026-05-25 03:45:00,77083.5,77413.2,76551.2,76896.0,115.238673
2026-05-25 04:00:00,76896.0,77413.2,76723.6,76723.6,111.93661
2026-05-25 04:15:00,76723.6,77413.2,76723.6,77240.8,102.665254
2026-05-25 04:30:00,77240.8,77585.6,77041.4,77413.2,81.303677
2026-05-25 04:45:00,77413.2,77585.6,77041.4,77585.6,74.228652
2026-05-25 05:00:00,77585.6,77758.0,77068.4,77758.0,71.037342
2026-05-25 05:15:00,77758.0,77758.0,77041.4,77041.4,76.421486
2026-05-25 05:30:00,77041.4,77585.6,77041.4,77240.8,75.033511
2026-05-25 05:45:00,77240.8,77758.0,77240.8,77585.6,51.919051
2026-05-25 06:00:00,77585.6,77585.6,77068.4,77585.6,67.229218
2026-05-25 06:15:00,77585.6,77758.0,77041.4,77280.1,77.061723
2026-05-25 06:30:00,77280.1,77585.6,77041.4,77585.6,84.745357
2026-05-25 06:45:00,77585.6,77930.4,77068.4,77585.6,75.36782
2026-05-25 07:00:00,77585.6,77930.4,77068.4,77413.2,74.193801
2026-05-25 07:15:00,77413.2,77585.6,77068.4,77240.8,73.884941
2026-05-25 07:30:00,77240.8,77585.6,77068.4,77413.2,103.281916
2026-05-25 07:45:00,77413.2,77585.6,77413.2,77413.2,77.023385
2026-05-25 08:00:00,77413.2,77612.5,77413.2,77413.2,84.665533
2026-05-25 08:15:00,77413.2,77612.5,77413.2,77413.2,86.066449
2026-05-25 08:30:00,77413.2,77612.8,77413.2,77413.2,87.220772
2026-05-25 08:45:00,77413.2,77930.4,77413.2,77758.0,97.006049
2026-05-25 09:00:00,77758.0,80663.9,75128.1,77469.0,5597.550286
2026-05-25 09:15:00,77469.0,81322.51,73600.0,80196.0,1453.644396
2026-05-25 09:30:00,80196.0,80588.0,79482.0,79482.0,144.512659
2026-05-25 09:45:00,79482.0,79654.4,79204.0,79204.0,148.150873
2026-05-25 10:00:00,79204.0,79482.0,79000.0,79000.0,146.707606
2026-05-25 10:15:00,79000.0,79309.6,78102.8,78102.8,141.979836
2026-05-25 10:30:00,78102.8,78366.31,77413.2,77526.6,120.626615
2026-05-25 10:45:00,77526.6,77930.4,77068.4,77549.4,128.943068
2026-05-25 11:00:00,77549.4,77758.0,77240.8,77456.4,95.937144
2026-05-25 11:15:00,77456.4,77930.4,77068.4,77425.8,108.611169
2026-05-25 11:30:00,77425.8,77930.4,77240.8,77585.6,85.246307
2026-05-25 11:45:00,77585.6,77758.0,77068.4,77068.4,165.786498
2026-05-25 12:00:00,77068.4,77758.0,76896.0,77240.8,170.743157
2026-05-25 12:15:00,77240.8,77758.0,76896.0,77413.2,156.200309
2026-05-25 12:30:00,77413.2,77758.0,77068.4,77240.8,157.302887
2026-05-25 12:45:00,77240.8,77930.4,76896.0,77240.8,170.888471
2026-05-25 13:00:00,77240.8,80980.0,77068.4,80196.0,554.889165
2026-05-25 13:15:00,80196.0,81200.0,78964.8,80784.0,422.897372
2026-05-25 13:30:00,80784.0,80980.0,79654.4,79654.4,142.191135
2026-05-25 13:45:00,79654.4,81200.0,79654.4,81000.0,173.52809
2026-05-25 14:00:00,81000.0,81237.05,81000.0,81000.0,6.802805
2026-05-25 14:15:00,81000.0,81250.0,81000.0,81000.0,7.790736
2026-05-25 14:30:00,81000.0,81081.0,81000.0,81000.0,7.269085
2026-05-25 14:45:00,81000.0,81081.0,81000.0,81000.0,6.768992
2026-05-25 15:00:00,81000.0,81372.0,81000.0,81000.0,6.883469
2026-05-25 15:15:00,81000.0,81081.0,81000.0,81000.0,7.777796
2026-05-25 15:30:00,81000.0,81081.0,81000.0,81000.0,6.818458
2026-05-25 15:45:00,81000.0,81081.0,80980.0,80980.0,6.844161
2026-05-25 16:00:00,80980.0,81081.0,80980.0,80980.0,6.840745
2026-05-25 16:15:00,80980.0,81061.0,80980.0,80980.0,6.78188
2026-05-25 16:30:00,80980.0,81061.0,80784.0,80784.0,7.816692
2026-05-25 16:45:00,80784.0,81061.0,80784.0,80784.0,6.784966
2026-05-25 17:00:00,80784.0,81061.0,80784.0,80784.0,6.795985
2026-05-25 17:15:00,80784.0,81081.0,80784.0,80784.0,6.787834
2026-05-25 17:30:00,80784.0,81076.16,80588.0,80588.0,6.255181
2026-05-25 17:45:00,80588.0,80900.93,80588.0,80588.0,5.695524
2026-05-25 18:00:00,80588.0,81176.0,73775.1,74654.8,7833.825589
2026-05-25 18:15:00,74654.8,79309.6,73732.92,73965.2,3498.625766
2026-05-25 18:30:00,73965.2,77585.6,73732.92,76034.0,3719.138692
2026-05-25 18:45:00,76034.0,78964.8,73697.2,73965.2,3863.352679
2026-05-25 19:00:00,73965.2,75516.8,73585.8,74137.6,1151.513342
2026-05-25 19:15:00,74137.6,74137.6,73815.8,74137.6,9.69835
2026-05-25 19:30:00,74137.6,74310.0,73815.8,74310.0,9.785153
2026-05-25 19:45:00,74310.0,74482.4,74235.7,74482.4,9.856089
2026-05-25 20:00:00,74482.4,74654.8,74229.1,74654.8,9.141187
2026-05-25 20:15:00,74654.8,74654.8,74310.0,74654.8,9.61391
2026-05-25 20:30:00,74654.8,74827.2,74482.4,74827.2,8.647826
2026-05-25 20:45:00,74827.2,75172.0,74482.4,75172.0,10.361977
2026-05-25 21:00:00,75172.0,75172.0,74899.8,75172.0,9.208023
2026-05-25 21:15:00,75172.0,75344.4,75049.7,75344.4,8.646788
2026-05-25 21:30:00,75344.4,75516.8,75049.7,75516.8,10.012429
2026-05-25 21:45:00,75516.8,75861.6,75172.0,75861.6,10.360681
2026-05-25 22:00:00,75861.6,76034.0,75576.6,76034.0,11.182486
2026-05-25 22:15:00,76034.0,76034.0,76034.0,76034.0,9.910483
2026-05-25 22:30:00,76034.0,76378.8,76034.0,76378.8,7.766426
2026-05-25 22:45:00,76378.8,76378.8,76378.8,76378.8,4.56416
2026-05-25 23:00:00,76378.8,76378.8,76378.8,76378.8,5.506792
2026-05-25 23:15:00,76378.8,76378.8,76302.4,76378.8,4.551195
2026-05-25 23:30:00,76378.8,76551.2,76259.6,76551.2,4.178841
2026-05-25 23:45:00,76551.2,76551.2,76551.2,76551.2,4.828564
2026-05-26 00:00:00,76551.2,77413.2,76551.2,77234.2,52.55008
2026-05-26 00:15:00,77234.2,77413.2,77068.4,77068.4,3.812937
2026-05-26 00:30:00,77068.4,77413.2,77068.4,77068.4,4.901734
2026-05-26 00:45:00,77068.4,77413.2,77068.4,77068.4,4.544871
2026-05-26 01:00:00,77068.4,77413.2,77068.4,77068.4,4.20098
2026-05-26 01:15:00,77068.4,77413.2,77068.4,77068.4,5.230506
2026-05-26 01:30:00,77068.4,77413.2,76896.0,76896.0,6.292309
2026-05-26 01:45:00,76896.0,77240.8,76896.0,76896.0,5.455275
2026-05-26 02:00:00,76896.0,77240.8,76896.0,76896.0,6.534564
2026-05-26 02:15:00,76896.0,77413.2,76206.4,77068.4,223.086978
2026-05-26 02:30:00,77068.4,77930.4,77068.4,77585.6,47.238189
2026-05-26 02:45:00,77585.6,77930.4,77585.6,77585.6,8.467509
2026-05-26 03:00:00,77585.6,77930.4,77585.6,77585.6,6.052834
2026-05-26 03:15:00,77585.6,77930.4,77585.6,77585.6,5.426822
2026-05-26 03:30:00,77585.6,77758.0,77413.2,77413.2,5.650121
2026-05-26 03:45:00,77413.2,77758.0,77413.2,77413.2,4.4461
2026-05-26 04:00:00,77413.2,77758.0,77240.8,77585.6,5.334305
2026-05-26 04:15:00,77585.6,77585.6,77240.8,77240.8,4.326805
2026-05-26 04:30:00,77240.8,77585.6,77240.8,77240.8,6.114481
2026-05-26 04:45:00,77240.8,77585.6,77240.8,77240.8,3.914814
2026-05-26 05:00:00,77240.8,77515.5,77240.8,77240.8,4.341423
2026-05-26 05:15:00,77240.8,77515.5,77068.4,77068.4,5.021698
2026-05-26 05:30:00,77068.4,77411.5,76896.0,76915.3,5.307424
2026-05-26 05:45:00,76915.3,77240.8,76723.6,76919.9,4.23838
2026-05-26 06:00:00,76919.9,77068.4,76723.6,76874.2,4.734885
2026-05-26 06:15:00,76874.2,77068.4,76723.6,76838.0,4.397336
2026-05-26 06:30:00,76838.0,77068.4,76723.6,76983.4,2.828017
2026-05-26 06:45:00,76983.4,77068.4,76723.6,76903.5,4.318321
2026-05-26 07:00:00,76903.5,77068.4,76723.6,76723.6,4.289169
2026-05-26 07:15:00,76723.6,77068.4,76723.6,76723.6,5.390032
2026-05-26 07:30:00,76723.6,77068.4,76723.6,76723.6,4.532323
2026-05-26 07:45:00,76723.6,77068.4,76723.6,76731.8,4.523722
2026-05-26 08:00:00,76731.8,77068.4,76723.6,77068.4,0.208331
2026-05-26 08:15:00,77068.4,77068.4,76723.6,77068.4,0.015619
2026-05-26 08:30:00,77068.4,77068.4,76723.6,77068.4,0.131303
2026-05-26 08:45:00,77068.4,77068.4,76723.6,76723.6,0.007782
2026-05-26 09:00:00,76723.6,77068.4,76723.6,77068.4,0.005081
2026-05-26 09:15:00,77068.4,77068.4,76723.6,77068.4,0.011041
2026-05-26 09:30:00,77068.4,77068.4,76723.6,76896.0,0.01374
2026-05-26 09:45:00,76896.0,77068.4,76896.0,77068.4,0.013333
2026-05-26 10:00:00,77068.4,77240.8,76723.6,77240.8,14.34563
2026-05-26 10:15:00,77240.8,77240.8,77240.0,77240.8,0.00753
2026-05-26 10:30:00,77240.8,77240.8,77240.8,77240.8,0.000229
2026-05-26 10:45:00,77240.8,77240.8,77240.0,77240.8,0.00915
2026-05-26 11:00:00,77240.8,77240.8,77240.0,77240.8,0.018731
2026-05-26 11:15:00,77240.8,81102.8,73965.2,81102.8,1246.92762
2026-05-26 11:30:00,81102.8,81126.01,74227.8,74227.8,1454.423506
2026-05-26 11:45:00,74227.8,74482.4,73365.2,73620.4,77.120113
2026-05-26 12:00:00,73620.4,73620.4,73275.6,73620.4,0.006144
2026-05-26 12:15:00,73620.4,73620.4,73275.6,73275.6,0.026955
2026-05-26 12:30:00,73275.6,73620.4,73275.6,73620.4,1.103604
2026-05-26 12:45:00,73620.4,73620.4,73275.6,73620.4,0.011095
2026-05-26 13:00:00,73620.4,73620.4,73275.6,73275.6,0.00462
2026-05-26 13:15:00,73275.6,73620.4,73275.6,73620.4,0.016761
2026-05-26 13:30:00,73620.4,73620.4,73275.6,73620.4,0.001828
2026-05-26 13:45:00,73620.4,73620.4,73546.8,73546.8,0.002216
2026-05-26 14:00:00,73546.8,73620.4,73510.0,73620.4,0.031139
2026-05-26 14:15:00,73620.4,73620.4,73509.2,73620.4,0.027961
2026-05-26 14:30:00,73620.4,73620.4,73620.4,73620.4,0.000853
2026-05-26 14:45:00,73620.4,73620.4,73509.2,73620.4,0.007622
2026-05-26 15:00:00,73620.4,73620.4,73275.6,73275.6,0.030626
2026-05-26 15:15:00,73275.6,73620.4,73275.6,73620.4,0.000287
2026-05-26 15:30:00,73620.4,73620.4,73275.6,73620.4,0.002139
2026-05-26 15:45:00,73620.4,73620.4,73275.6,73620.4,0.000422
2026-05-26 16:00:00,73620.4,73620.4,73275.6,73620.4,0.000301
2026-05-26 16:15:00,73620.4,73620.4,73275.6,73620.4,0.008016
2026-05-26 16:30:00,73620.4,73620.4,73275.6,73275.6,0.005692
2026-05-26 16:45:00,73275.6,73620.4,73275.6,73275.6,0.015866
2026-05-26 17:00:00,73275.6,73620.4,73275.6,73275.6,0.00034
2026-05-26 17:15:00,73275.6,73620.4,73275.6,73620.4,0.010684
2026-05-26 17:30:00,73620.4,73620.4,73275.6,73620.4,0.000471
2026-05-26 17:45:00,73620.4,73620.4,73275.6,73403.8,0.000152
2026-05-26 18:00:00,73403.8,73620.4,73275.6,73620.4,0.002165
2026-05-26 18:15:00,73620.4,73620.4,73275.6,73275.6,1.002436
2026-05-26 18:30:00,73275.6,73620.4,73275.6,73620.4,0.009064
2026-05-26 18:45:00,73620.4,73620.4,73275.6,73620.4,0.001475
2026-05-26 19:00:00,73620.4,73620.4,73546.8,73620.4,0.002224
2026-05-26 19:15:00,73620.4,73620.4,73275.6,73620.4,0.007323
2026-05-26 19:30:00,73620.4,73620.4,73275.6,73386.7,0.005233
2026-05-26 19:45:00,73386.7,73509.2,73386.7,73509.1,0.001734
2026-05-26 20:00:00,73509.1,73509.1,73386.7,73386.7,0.000307
2026-05-26 20:15:00,73386.7,73620.4,73386.7,73620.4,0.011653
2026-05-26 20:30:00,73620.4,73620.4,73509.1,73509.1,0.000845
2026-05-26 20:45:00,73509.1,73620.4,73509.1,73620.4,0.000152
2026-05-26 21:00:00,73620.4,73620.4,73509.1,73509.1,0.000406
2026-05-26 21:15:00,73509.1,73620.4,73509.1,73509.1,0.002152
2026-05-26 21:30:00,73509.1,73620.4,73509.1,73620.4,0.002921
2026-05-26 21:45:00,73620.4,73620.4,73620.4,73620.4,0.005367
2026-05-26 22:00:00,73620.4,73620.4,73620.4,73620.4,2.6e-05
2026-05-26 22:15:00,73620.4,73620.4,73275.6,73620.4,0.056077
2026-05-26 22:30:00,73620.4,73620.4,73275.6,73620.4,0.008848
2026-05-26 22:45:00,73620.4,73620.4,73275.6,73620.4,0.021869
2026-05-26 23:00:00,73620.4,73620.4,73275.6,73620.4,0.033567
2026-05-26 23:15:00,73620.4,73620.4,73503.4,73503.4,0.001543
2026-05-26 23:30:00,73503.4,73620.4,73503.4,73620.4,0.000139
2026-05-26 23:45:00,73620.4,73620.4,73380.8,73503.4,0.001322
2026-05-27 00:00:00,73503.4,76000.0,73503.4,76000.0,299.442928
2026-05-27 00:15:00,76000.0,76034.0,76000.0,76034.0,0.001542
2026-05-27 00:30:00,76034.0,76034.0,76032.2,76034.0,0.004511
2026-05-27 00:45:00,76034.0,76034.0,76034.0,76034.0,0.00059
2026-05-27 01:00:00,76034.0,76034.0,75689.2,76034.0,0.023144
2026-05-27 01:15:00,76034.0,76034.0,75689.2,76034.0,0.000675
2026-05-27 01:30:00,76034.0,76034.0,75689.2,76034.0,1.004479
2026-05-27 01:45:00,76034.0,76034.0,75689.2,76034.0,0.000975
2026-05-27 02:00:00,76034.0,76034.0,75689.2,76034.0,0.003447
2026-05-27 02:15:00,76034.0,76034.0,76034.0,76034.0,0.000183
2026-05-27 02:30:00,76034.0,76034.0,76034.0,76034.0,0.001485
2026-05-27 02:45:00,76034.0,76034.0,76034.0,76034.0,0.000235
2026-05-27 03:00:00,76034.0,76034.0,76034.0,76034.0,0.001603
2026-05-27 03:15:00,76034.0,76034.0,75689.2,76034.0,0.0054
2026-05-27 03:30:00,76034.0,76034.0,76034.0,76034.0,0.002683
2026-05-27 03:45:00,76034.0,76034.0,76034.0,76034.0,0.000183
2026-05-27 04:00:00,76034.0,76034.0,76034.0,76034.0,0.000301
2026-05-27 04:15:00,76034.0,76034.0,76034.0,76034.0,0.006759
2026-05-27 04:30:00,76034.0,76034.0,75689.2,76034.0,0.035904
2026-05-27 04:45:00,76034.0,76034.0,76034.0,76034.0,0.000183
2026-05-27 05:00:00,76034.0,76034.0,76034.0,76034.0,0.009816
2026-05-27 05:15:00,76034.0,76034.0,75689.2,76034.0,0.003587
2026-05-27 05:30:00,76034.0,76034.0,76034.0,76034.0,0.00017
2026-05-27 05:45:00,76034.0,76034.0,75689.2,76034.0,0.01812
2026-05-27 06:00:00,76034.0,76034.0,75689.2,76034.0,0.003329
2026-05-27 06:15:00,76034.0,76034.0,75516.8,75861.6,43.225118
2026-05-27 06:30:00,75861.6,76551.2,74827.2,76551.2,402.634865
2026-05-27 06:45:00,76551.2,77930.4,76034.0,76378.8,533.551064
2026-05-27 07:00:00,76378.8,77585.6,75344.4,76551.2,919.154386
2026-05-27 07:15:00,76551.2,77758.0,76378.8,76641.6,713.880227
2026-05-27 07:30:00,76641.6,76896.0,76551.2,76896.0,6.628392
2026-05-27 07:45:00,76896.0,77585.6,76206.4,76551.2,219.390095
2026-05-27 08:00:00,76551.2,76896.0,76259.6,76896.0,69.049893
2026-05-27 08:15:00,76896.0,76896.0,76378.8,76723.6,8.213703
2026-05-27 08:30:00,76723.6,76723.6,76488.6,76723.6,20.231871
2026-05-27 08:45:00,76723.6,76723.6,76378.8,76718.3,0.011455
2026-05-27 09:00:00,76718.3,76723.6,76378.8,76718.3,0.014001
2026-05-27 09:15:00,76718.3,76723.6,76412.2,76723.6,0.011854
2026-05-27 09:30:00,76723.6,76723.6,76378.8,76723.6,0.015935
2026-05-27 09:45:00,76723.6,76723.6,76378.8,76412.2,0.0076
2026-05-27 10:00:00,76412.2,76723.6,76378.8,76723.6,0.021831
2026-05-27 10:15:00,76723.6,76723.6,76378.8,76718.3,0.004952
2026-05-27 10:30:00,76718.3,76718.3,76412.2,76718.3,0.001205
2026-05-27 10:45:00,76718.3,76723.6,76646.9,76723.6,0.00694
2026-05-27 11:00:00,76723.6,76723.6,76723.6,76723.6,0.000286
2026-05-27 11:15:00,76723.6,76723.6,76723.6,76723.6,0.000208
2026-05-27 11:30:00,76723.6,76723.6,76378.8,76723.6,1.403337
2026-05-27 11:45:00,76723.6,76723.6,76378.8,76646.9,0.016649
2026-05-27 12:00:00,76646.9,76718.3,76646.9,76718.3,0.000156
2026-05-27 12:15:00,76718.3,76723.6,76378.8,76723.6,0.117913
2026-05-27 12:30:00,76723.6,76723.6,76412.2,76718.3,0.001943
2026-05-27 12:45:00,76718.3,78102.8,76718.3,77411.5,335.828394
2026-05-27 13:00:00,77411.5,77413.2,77068.4,77321.4,0.006742
2026-05-27 13:15:00,77321.4,77321.4,76896.0,76948.6,8.372977
2026-05-27 13:30:00,76948.6,77223.1,76896.0,77179.7,0.01383
2026-05-27 13:45:00,77179.7,77179.7,76896.0,76896.0,2.000319
2026-05-27 14:00:00,76896.0,77240.8,76896.0,77240.8,0.00542
2026-05-27 14:15:00,77240.8,77240.8,76896.0,76948.6,0.024452
2026-05-27 14:30:00,76948.6,77240.8,76896.0,77240.8,0.037016
2026-05-27 14:45:00,77240.8,77240.8,76896.0,76896.0,12.028284
2026-05-27 15:00:00,76896.0,77240.8,76896.0,77240.8,0.034269
2026-05-27 15:15:00,77240.8,77240.8,76896.0,77240.8,0.044577
2026-05-27 15:30:00,77240.8,77240.8,76896.0,76896.0,0.077422
2026-05-27 15:45:00,76896.0,77240.8,76896.0,76896.0,0.143176
2026-05-27 16:00:00,76896.0,79000.0,76896.0,78792.4,204.077739
2026-05-27 16:15:00,78792.4,78859.01,78792.4,78792.4,0.064395
2026-05-27 16:30:00,78792.4,78860.85,76034.0,76034.0,310.255378
2026-05-27 16:45:00,76034.0,76378.8,76034.0,76378.8,0.281412
2026-05-27 17:00:00,76378.8,76378.8,76034.0,76378.8,0.214134
2026-05-27 17:15:00,76378.8,78792.4,76378.8,78620.0,321.077263
2026-05-27 17:30:00,78620.0,78620.0,78620.0,78620.0,0.0
2026-05-27 17:45:00,78620.0,78620.0,78620.0,78620.0,0.0
2026-05-27 18:00:00,78620.0,78620.0,78620.0,78620.0,0.0
2026-05-27 18:15:00,78620.0,78620.0,78620.0,78620.0,0.0
2026-05-27 18:30:00,78620.0,78620.0,78620.0,78620.0,0.001
2026-05-27 18:45:00,78620.0,78620.0,78620.0,78620.0,0.0
2026-05-27 19:00:00,78620.0,78620.0,78620.0,78620.0,0.0
2026-05-27 19:15:00,78620.0,78808.7,78620.0,78808.7,0.00054
2026-05-27 19:30:00,78808.7,78816.8,78620.0,78620.0,0.004074
2026-05-27 19:45:00,78620.0,78816.8,78620.0,78620.0,0.000551
2026-05-27 20:00:00,78620.0,78816.8,78620.0,78816.8,0.012105
2026-05-27 20:15:00,78816.8,78859.01,78816.8,78859.01,0.000427
2026-05-27 20:30:00,78859.01,78860.85,78787.6,78860.85,0.001366
2026-05-27 20:45:00,78860.85,79000.0,78620.0,79000.0,41.59103
2026-05-27 21:00:00,79000.0,79006.6,78792.4,78792.4,15.741656
2026-05-27 21:15:00,78792.4,78793.5,78792.4,78792.4,0.002
2026-05-27 21:30:00,78792.4,78792.4,78792.4,78792.4,0.0
2026-05-27 21:45:00,78792.4,78792.5,78792.4,78792.4,0.003
2026-05-27 22:00:00,78792.4,78792.4,78792.4,78792.4,0.003
2026-05-27 22:15:00,78792.4,78792.4,78792.4,78792.4,0.0
2026-05-27 22:30:00,78792.4,78792.4,78792.4,78792.4,0.0
2026-05-27 22:45:00,78792.4,78792.4,78792.4,78792.4,0.0
2026-05-27 23:00:00,78792.4,78792.4,78792.4,78792.4,0.0
2026-05-27 23:15:00,78792.4,78792.4,78792.4,78792.4,0.0
2026-05-27 23:30:00,78792.4,78792.4,78792.4,78792.4,0.001
2026-05-27 23:45:00,78792.4,78792.4,78792.4,78792.4,0.0
2026-05-28 00:00:00,78792.4,78792.4,74482.4,74827.2,460.47084
2026-05-28 00:15:00,74827.2,74827.2,74482.4,74827.2,0.14012
2026-05-28 00:30:00,74827.2,74827.2,74482.4,74827.2,0.000139
2026-05-28 00:45:00,74827.2,74827.2,74482.4,74827.2,0.872607
2026-05-28 01:00:00,74827.2,74827.2,74482.4,74827.2,0.017167
2026-05-28 01:15:00,74827.2,74827.2,74482.4,74827.2,0.000152
2026-05-28 01:30:00,74827.2,74827.2,74482.4,74827.2,1.000139
2026-05-28 01:45:00,74827.2,74827.2,74482.4,74482.4,0.01294
2026-05-28 02:00:00,74482.4,74827.2,74482.4,74827.2,0.000794
2026-05-28 02:15:00,74827.2,74827.2,74482.4,74827.2,0.004151
2026-05-28 02:30:00,74827.2,74827.2,74482.4,74827.2,0.010134
2026-05-28 02:45:00,74827.2,74827.2,74482.4,74482.4,5.42428
2026-05-28 03:00:00,74482.4,74827.2,74482.4,74482.4,7.109722
2026-05-28 03:15:00,74482.4,74827.2,74310.0,74310.0,7.16614
2026-05-28 03:30:00,74310.0,74654.8,74310.0,74310.0,7.188866
2026-05-28 03:45:00,74310.0,74654.8,74310.0,74310.0,7.199827
2026-05-28 04:00:00,74310.0,74654.8,74137.6,74137.6,7.339236
2026-05-28 04:15:00,74137.6,74482.4,74137.6,74137.6,7.254232
2026-05-28 04:30:00,74137.6,74482.4,74137.6,74137.6,7.184548
2026-05-28 04:45:00,74137.6,74482.4,73965.2,73965.2,7.202765
2026-05-28 05:00:00,73965.2,74229.1,73965.2,73965.2,7.239533
2026-05-28 05:15:00,73965.2,74229.1,73965.2,73965.2,7.248947
2026-05-28 05:30:00,73965.2,74229.1,73792.8,73792.8,7.232317
2026-05-28 05:45:00,73792.8,74137.6,73792.8,73792.8,7.249552
2026-05-28 06:00:00,73792.8,74137.6,73792.8,73792.8,7.252987
2026-05-28 06:15:00,73792.8,74137.6,73620.4,73620.4,7.199039
2026-05-28 06:30:00,73620.4,73965.2,73620.4,73620.4,7.251208
2026-05-28 06:45:00,73620.4,73961.0,73620.4,73620.4,7.228352
2026-05-28 07:00:00,73620.4,73965.2,73448.0,73448.0,7.206235
2026-05-28 07:15:00,73448.0,73785.3,73448.0,73448.0,7.200396
2026-05-28 07:30:00,73448.0,73792.8,73275.6,73620.4,45.364284
2026-05-28 07:45:00,73620.4,73965.2,73103.2,73620.4,167.079699
2026-05-28 08:00:00,73620.4,73792.8,73275.6,73275.6,61.303149
2026-05-28 08:15:00,73275.6,73792.8,73275.6,73448.0,42.621891
2026-05-28 08:30:00,73448.0,74137.6,73448.0,73792.8,43.1835
2026-05-28 08:45:00,73792.8,74600.0,73792.8,74310.0,81.350868
2026-05-28 09:00:00,74310.0,74654.8,74310.0,74310.0,7.243167
2026-05-28 09:15:00,74310.0,74601.0,74310.0,74310.0,5.703564
2026-05-28 09:30:00,74310.0,74654.8,74310.0,74310.0,7.179458
2026-05-28 09:45:00,74310.0,74482.4,74137.6,74137.6,7.185925
2026-05-28 10:00:00,74137.6,74482.4,73965.2,73965.2,7.021793
2026-05-28 10:15:00,73965.2,74229.1,73965.2,73965.2,0.006472
2026-05-28 10:30:00,73965.2,74158.8,73965.2,74158.8,0.000139
2026-05-28 10:45:00,74158.8,74310.0,74158.8,74310.0,0.007673
2026-05-28 11:00:00,74310.0,74310.0,73965.2,74229.1,1.226731
2026-05-28 11:15:00,74229.1,74310.0,74229.1,74310.0,0.010078
2026-05-28 11:30:00,74310.0,74310.0,74310.0,74310.0,6.5e-05
2026-05-28 11:45:00,74310.0,74310.0,73965.2,74229.1,0.008711
2026-05-28 12:00:00,74229.1,74229.1,73965.2,74158.8,0.000126
2026-05-28 12:15:00,74158.8,74158.8,74158.8,74158.8,0.000334
2026-05-28 12:30:00,74158.8,74158.8,74158.8,74158.8,3.9e-05
2026-05-28 12:45:00,74158.8,74310.0,74158.8,74310.0,0.339295
2026-05-28 13:00:00,74310.0,74310.0,74220.2,74220.2,0.000496
2026-05-28 13:15:00,74220.2,74310.0,73965.2,73965.2,0.340946
2026-05-28 13:30:00,73965.2,74229.1,73965.2,74229.1,0.000173
2026-05-28 13:45:00,74229.1,74310.0,73965.2,74310.0,0.040661
2026-05-28 14:00:00,74310.0,74310.0,73965.2,74229.1,0.082906
2026-05-28 14:15:00,74229.1,74229.1,74229.1,74229.1,0.00032
2026-05-28 14:30:00,74229.1,74310.0,73965.2,74310.0,0.000957
2026-05-28 14:45:00,74310.0,74310.0,74310.0,74310.0,0.009875
2026-05-28 15:00:00,74310.0,74310.0,73965.2,73965.2,0.05036
2026-05-28 15:15:00,73965.2,74310.0,73965.2,73965.2,0.236333
2026-05-28 15:30:00,73965.2,74229.1,73965.2,74229.1,3.9e-05
2026-05-28 15:45:00,74229.1,74310.0,74229.1,74310.0,0.000993
2026-05-28 16:00:00,74310.0,74310.0,73965.2,74310.0,0.041897
2026-05-28 16:15:00,74310.0,74310.0,74310.0,74310.0,5.2e-05
2026-05-28 16:30:00,74310.0,74310.0,73965.2,74229.1,0.002724
2026-05-28 16:45:00,74229.1,74310.0,73965.2,74229.1,0.352928
2026-05-28 17:00:00,74229.1,74229.1,73965.2,74229.1,0.001039
2026-05-28 17:15:00,74229.1,74310.0,73965.2,74229.1,2.078936
2026-05-28 17:30:00,74229.1,74310.0,74229.1,74310.0,0.000913
2026-05-28 17:45:00,74310.0,74310.0,74006.9,74310.0,0.03042
2026-05-28 18:00:00,74310.0,74310.0,73965.2,73965.2,0.057342
2026-05-28 18:15:00,73965.2,74310.0,73965.2,74310.0,0.001334
2026-05-28 18:30:00,74310.0,74310.0,73965.2,74229.1,0.068286
2026-05-28 18:45:00,74229.1,74229.1,73965.2,74229.1,0.001327
2026-05-28 19:00:00,74229.1,74310.0,73965.2,74310.0,0.386185
2026-05-28 19:15:00,74310.0,74310.0,73965.2,73965.2,0.16864
2026-05-28 19:30:00,73965.2,74310.0,73965.2,74310.0,0.012756
2026-05-28 19:45:00,74310.0,74310.0,73965.2,73965.2,0.039824
2026-05-28 20:00:00,73965.2,74229.1,73965.2,74229.1,0.043885
2026-05-28 20:15:00,74229.1,74229.1,74229.1,74229.1,5.2e-05
2026-05-28 20:30:00,74229.1,74229.1,73965.2,73965.2,1.000441
2026-05-28 20:45:00,73965.2,74158.8,73965.2,74158.8,0.000185
2026-05-28 21:00:00,74158.8,74158.8,74158.8,74158.8,0.000187
2026-05-28 21:15:00,74158.8,74221.4,73965.2,73965.2,0.01935
2026-05-28 21:30:00,73965.2,74221.4,73965.2,74221.4,0.000139
2026-05-28 21:45:00,74221.4,74310.0,74221.4,74310.0,0.001052
2026-05-28 22:00:00,74310.0,74310.0,74310.0,74310.0,2.6e-05
2026-05-28 22:15:00,74310.0,74310.0,74310.0,74310.0,0.013781
2026-05-28 22:30:00,74310.0,74310.0,74310.0,74310.0,3.9e-05
2026-05-28 22:45:00,74310.0,74310.0,74310.0,74310.0,5.2e-05
2026-05-28 23:00:00,74310.0,74310.0,74087.1,74087.1,0.009985
2026-05-28 23:15:00,74087.1,74310.0,74087.1,74087.1,0.008546
2026-05-28 23:30:00,74087.1,74310.0,74087.1,74310.0,3.9e-05
2026-05-28 23:45:00,74310.0,74310.0,73965.2,74229.1,0.123252
2026-05-29 00:00:00,74229.1,74229.1,73103.2,73103.2,73.038804
2026-05-29 00:15:00,73103.2,73448.0,73103.2,73448.0,0.000191
2026-05-29 00:30:00,73448.0,73448.0,73412.0,73448.0,0.000424
2026-05-29 00:45:00,73448.0,73448.0,73412.0,73448.0,0.012311
2026-05-29 01:00:00,73448.0,73448.0,73103.2,73448.0,0.018968
2026-05-29 01:15:00,73448.0,73448.0,73103.2,73448.0,0.003032
2026-05-29 01:30:00,73448.0,73448.0,73103.2,73448.0,0.000139
2026-05-29 01:45:00,73448.0,73448.0,73103.2,73448.0,0.002878
2026-05-29 02:00:00,73448.0,73448.0,73103.2,73448.0,0.000398
2026-05-29 02:15:00,73448.0,73448.0,73103.2,73448.0,0.000424
2026-05-29 02:30:00,73448.0,73448.0,73103.2,73448.0,0.000411
2026-05-29 02:45:00,73448.0,73448.0,73103.2,73448.0,0.000477
2026-05-29 03:00:00,73448.0,73448.0,73103.2,73448.0,0.001895
2026-05-29 03:15:00,73448.0,73448.0,73103.2,73448.0,0.002873
2026-05-29 03:30:00,73448.0,73448.0,73103.2,73448.0,0.002919
2026-05-29 03:45:00,73448.0,73448.0,73103.2,73448.0,0.004502
2026-05-29 04:00:00,73448.0,73448.0,73103.2,73448.0,0.003506
2026-05-29 04:15:00,73448.0,73448.0,72930.8,72930.8,1.010571
2026-05-29 04:30:00,72930.8,73275.6,72930.8,73275.6,0.001423
2026-05-29 04:45:00,73275.6,73275.6,72930.8,73275.6,0.003113
2026-05-29 05:00:00,73275.6,73275.6,72930.8,73275.6,0.012587
2026-05-29 05:15:00,73275.6,73275.6,72930.8,73275.6,0.00186
2026-05-29 05:30:00,73275.6,73275.6,73000.0,73275.6,0.001586
2026-05-29 05:45:00,73275.6,73275.6,73219.0,73275.6,0.014057
2026-05-29 06:00:00,73275.6,73275.6,72930.8,73275.6,0.006277
2026-05-29 06:15:00,73275.6,73275.6,73270.8,73275.6,0.536601
2026-05-29 06:30:00,73275.6,73275.6,73270.8,73275.6,0.007548
2026-05-29 06:45:00,73275.6,73792.8,73212.1,73783.9,98.966455
2026-05-29 07:00:00,73783.9,73965.2,73620.4,73761.6,39.929469
2026-05-29 07:15:00,73761.6,73766.1,73761.6,73765.8,0.714084
2026-05-29 07:30:00,73765.8,73765.8,73760.5,73760.5,1.193022
2026-05-29 07:45:00,73760.5,73760.5,73754.4,73754.4,0.721556
2026-05-29 08:00:00,73754.4,73754.4,73747.1,73747.1,0.728182
2026-05-29 08:15:00,73747.1,73749.2,73744.6,73749.2,0.71628
2026-05-29 08:30:00,73749.2,73756.9,73749.2,73756.9,0.857137
2026-05-29 08:45:00,73756.9,73759.0,73753.5,73753.5,0.916073
2026-05-29 09:00:00,73753.5,73753.6,73748.8,73750.8,0.83442
2026-05-29 09:15:00,73750.8,73756.0,73750.8,73756.0,1.630218
2026-05-29 09:30:00,73756.0,73763.1,73756.0,73763.1,0.746283
2026-05-29 09:45:00,73763.1,73765.0,73760.1,73760.1,0.837514
2026-05-29 10:00:00,73760.1,73760.1,73752.8,73752.8,0.728355
2026-05-29 10:15:00,73752.8,73752.8,73746.7,73746.7,1.422847
2026-05-29 10:30:00,73746.7,73746.7,73741.7,73741.8,0.717675
2026-05-29 10:45:00,73741.8,73741.8,73734.4,73734.4,0.727836
2026-05-29 11:00:00,73734.4,73734.4,73727.3,73727.3,0.722949
2026-05-29 11:15:00,73727.3,73727.3,73722.1,73722.1,0.720482
2026-05-29 11:30:00,73722.1,73722.1,73715.0,73715.0,0.716412
2026-05-29 11:45:00,73715.0,73715.0,73706.9,73706.9,1.601705
2026-05-29 12:00:00,73706.9,73706.9,73690.4,73690.4,2.081463
2026-05-29 12:15:00,73690.4,73690.4,73679.7,73679.7,0.720957
2026-05-29 12:30:00,73679.7,73679.7,73672.9,73672.9,0.742957
2026-05-29 12:45:00,73672.9,73672.9,73629.3,73629.3,1.249054
2026-05-29 13:00:00,73629.3,73629.3,73623.1,73623.1,0.718132
2026-05-29 13:15:00,73623.1,73623.2,73620.4,73620.4,0.72138
2026-05-29 13:30:00,73620.4,73620.7,73620.4,73620.5,0.719232
2026-05-29 13:45:00,73620.5,73620.5,73620.4,73620.4,0.721489
2026-05-29 14:00:00,73620.4,73620.4,72468.0,72474.7,128.503444
2026-05-29 14:15:00,72474.7,72481.2,72474.7,72481.2,0.750805
2026-05-29 14:30:00,72481.2,72488.2,72481.2,72488.2,0.735251
2026-05-29 14:45:00,72488.2,72494.8,72488.2,72494.8,0.778629
2026-05-29 15:00:00,72494.8,72501.6,72494.8,72501.6,0.735996
2026-05-29 15:15:00,72501.6,72508.0,72501.6,72508.0,0.728453
2026-05-29 15:30:00,72508.0,72515.2,72508.0,72515.2,0.732591
2026-05-29 15:45:00,72515.2,72522.7,72515.2,72522.7,0.739704
2026-05-29 16:00:00,72522.7,72529.6,72522.7,72529.6,0.732578
2026-05-29 16:15:00,72529.6,72536.7,72529.6,72536.7,0.728751
2026-05-29 16:30:00,72536.7,72543.2,72536.7,72543.2,0.764002
2026-05-29 16:45:00,72543.2,72549.3,72543.2,72549.3,0.728681
2026-05-29 17:00:00,72549.3,72556.5,72549.3,72556.5,1.307331
2026-05-29 17:15:00,72556.5,72563.2,72556.5,72563.2,0.728475
2026-05-29 17:30:00,72563.2,72570.0,72563.2,72570.0,0.732228
2026-05-29 17:45:00,72570.0,72577.1,72570.0,72577.1,0.728299
2026-05-29 18:00:00,72577.1,72583.9,72577.1,72583.9,0.727736
2026-05-29 18:15:00,72583.9,72591.9,72583.9,72591.9,0.734051
2026-05-29 18:30:00,72591.9,72599.1,72591.9,72599.1,0.736941
2026-05-29 18:45:00,72599.1,72605.1,72599.1,72605.1,0.731725
2026-05-29 19:00:00,72605.1,72611.9,72605.1,72611.9,0.727384
2026-05-29 19:15:00,72611.9,72617.4,72611.9,72617.4,0.733529
2026-05-29 19:30:00,72617.4,72622.5,72617.3,72622.5,0.740221
2026-05-29 19:45:00,72622.5,72628.2,72622.5,72628.2,0.732852
2026-05-29 20:00:00,72628.2,72758.4,72413.6,72758.4,17.196954
2026-05-29 20:15:00,72758.4,72758.4,71896.4,71903.2,69.013553
2026-05-29 20:30:00,71903.2,71909.6,71903.2,71909.6,0.736788
2026-05-29 20:45:00,71909.6,71916.0,71909.5,71916.0,0.782203
2026-05-29 21:00:00,71916.0,71922.6,71916.0,71922.6,0.756419
2026-05-29 21:15:00,71922.6,71928.6,71922.6,71928.6,0.879937
2026-05-29 21:30:00,71928.6,71934.7,71928.6,71934.7,1.011192
2026-05-29 21:45:00,71934.7,71942.7,71934.7,71942.7,0.877919
2026-05-29 22:00:00,71942.7,71950.9,71942.7,71950.9,0.873284
2026-05-29 22:15:00,71950.9,77122.4,71950.9,77120.9,627.20211
2026-05-29 22:30:00,77120.9,77120.9,76896.0,76896.0,1.91229
2026-05-29 22:45:00,76896.0,76896.3,76896.0,76896.0,0.705703
2026-05-29 23:00:00,76896.0,76896.2,76896.0,76896.0,0.690836
2026-05-29 23:15:00,76896.0,76896.2,76896.0,76896.0,0.968349
2026-05-29 23:30:00,76896.0,76896.2,76896.0,76896.0,0.692109
2026-05-29 23:45:00,76896.0,76896.1,76896.0,76896.0,0.686947
2026-05-30 00:00:00,76896.0,76896.1,74855.8,74855.8,254.139513
2026-05-30 00:15:00,74855.8,74855.8,74849.7,74849.7,0.705659
2026-05-30 00:30:00,74849.7,74849.7,74843.3,74843.3,0.711058
2026-05-30 00:45:00,74843.3,74843.3,74838.2,74838.2,0.706648
2026-05-30 01:00:00,74838.2,74838.4,74832.8,74833.0,0.721576
2026-05-30 01:15:00,74833.0,74833.0,74827.2,74827.2,0.709775
2026-05-30 01:30:00,74827.2,74827.3,74827.2,74827.2,0.705799
2026-05-30 01:45:00,74827.2,74827.4,74827.2,74827.2,0.709822
2026-05-30 02:00:00,74827.2,74827.3,74827.2,74827.2,0.705786
2026-05-30 02:15:00,74827.2,74827.4,74827.2,74827.2,0.86632
2026-05-30 02:30:00,74827.2,74827.3,74827.2,74827.2,0.830905
2026-05-30 02:45:00,74827.2,74827.4,74827.2,74827.2,0.906189
2026-05-30 03:00:00,74827.2,74827.3,74827.2,74827.2,0.941413
2026-05-30 03:15:00,74827.2,74827.3,74827.2,74827.2,0.827924
2026-05-30 03:30:00,74827.2,74827.3,74827.2,74827.2,0.697951
2026-05-30 03:45:00,74827.2,74827.5,74827.2,74827.2,0.703935
2026-05-30 04:00:00,74827.2,74827.4,74827.2,74827.2,0.839276
2026-05-30 04:15:00,74827.2,74827.5,74827.2,74827.2,0.711954
2026-05-30 04:30:00,74827.2,74827.3,74827.2,74827.2,0.709931
2026-05-30 04:45:00,74827.2,74827.5,74827.2,74827.2,0.709955
2026-05-30 05:00:00,74827.2,74827.3,74827.2,74827.2,0.705919
2026-05-30 05:15:00,74827.2,74827.3,74827.2,74827.2,0.693915
2026-05-30 05:30:00,74827.2,74827.3,74827.2,74827.2,0.709942
2026-05-30 05:45:00,74827.2,74827.4,74827.2,74827.2,0.720662
2026-05-30 06:00:00,74827.2,74827.4,74827.2,74827.2,0.709929
2026-05-30 06:15:00,74827.2,74827.3,74827.2,74827.2,0.705985
2026-05-30 06:30:00,74827.2,74827.3,74827.2,74827.2,0.719745
2026-05-30 06:45:00,74827.2,74827.3,74827.2,74827.2,0.705825
2026-05-30 07:00:00,74827.2,75689.2,73792.8,74137.6,1036.18644
2026-05-30 07:15:00,74137.6,77240.8,74137.6,76948.6,1790.589914
2026-05-30 07:30:00,76948.6,77223.1,73965.2,76378.7,1969.436632
2026-05-30 07:45:00,76378.7,77200.0,72240.9,72240.9,2376.517115
2026-05-30 08:00:00,72240.9,72241.0,72068.8,72076.2,19.568935
2026-05-30 08:15:00,72076.2,72083.5,72076.2,72083.5,0.732825
2026-05-30 08:30:00,72083.5,72089.5,72083.5,72089.5,0.732651
2026-05-30 08:45:00,72089.5,72096.6,72089.5,72096.6,0.739639
2026-05-30 09:00:00,72096.6,72413.6,72096.6,72413.6,2.136782
2026-05-30 09:15:00,72413.6,72413.6,72413.5,72413.6,0.73349
2026-05-30 09:30:00,72413.6,72413.6,72413.5,72413.6,0.743129
2026-05-30 09:45:00,72413.6,72413.6,72413.5,72413.6,0.734884
2026-05-30 10:00:00,72413.6,72413.6,72413.4,72413.6,0.731074
2026-05-30 10:15:00,72413.6,72413.6,72413.5,72413.6,0.733463
2026-05-30 10:30:00,72413.6,77304.2,72068.8,76896.0,709.522646
2026-05-30 10:45:00,76896.0,76896.4,76896.0,76896.0,1.337277
2026-05-30 11:00:00,76896.0,76896.3,76896.0,76896.0,1.972529
2026-05-30 11:15:00,76896.0,76896.3,76896.0,76896.0,0.690732
2026-05-30 11:30:00,76896.0,76896.2,76892.3,76892.3,1.329834
2026-05-30 11:45:00,76892.3,76892.3,76885.8,76885.8,1.330408
2026-05-30 12:00:00,76885.8,77068.4,72776.04,72781.3,386.031523
2026-05-30 12:15:00,72781.3,72789.5,72781.3,72789.5,1.406698
2026-05-30 12:30:00,72789.5,72797.0,72789.4,72797.0,0.744662
2026-05-30 12:45:00,72797.0,72804.5,72797.0,72804.5,4.84456
2026-05-30 13:00:00,72804.5,72809.3,72804.5,72809.3,0.730349
2026-05-30 13:15:00,72809.3,72814.6,72809.3,72814.6,0.731659
2026-05-30 13:30:00,72814.6,72822.2,72814.6,72822.2,1.413641
2026-05-30 13:45:00,72822.2,72830.0,72822.2,72830.0,1.428099
2026-05-30 14:00:00,72830.0,72836.4,72830.0,72836.4,0.735604
2026-05-30 14:15:00,72836.4,72842.7,72836.4,72842.7,0.730584
2026-05-30 14:30:00,72842.7,72850.4,72842.7,72850.4,0.73537
2026-05-30 14:45:00,72850.4,72857.6,72850.4,72857.6,1.409863
2026-05-30 15:00:00,72857.6,72863.6,72857.6,72863.6,1.810974
2026-05-30 15:15:00,72863.6,72870.5,72863.6,72870.5,1.476048
2026-05-30 15:30:00,72870.5,72878.8,72870.5,72878.8,0.728848
2026-05-30 15:45:00,72878.8,72886.6,72878.8,72886.6,2.783186
2026-05-30 16:00:00,72886.6,72893.5,72886.6,72893.5,2.085742
2026-05-30 16:15:00,72893.5,72900.0,72893.5,72900.0,1.420115
2026-05-30 16:30:00,72900.0,72906.3,72900.0,72906.3,1.410227
2026-05-30 16:45:00,72906.3,72911.2,72906.3,72911.2,1.37503
2026-05-30 17:00:00,72911.2,72918.1,72911.2,72918.1,2.080702
2026-05-30 17:15:00,72918.1,72926.7,72918.1,72926.7,1.405817
2026-05-30 17:30:00,72926.7,72933.2,72926.7,72933.2,2.109045
2026-05-30 17:45:00,72933.2,72940.2,72933.2,72940.2,0.813779
2026-05-30 18:00:00,72940.2,72946.8,72940.2,72946.8,0.871853
2026-05-30 18:15:00,72946.8,72954.5,72946.8,72954.5,1.476303
2026-05-30 18:30:00,72954.5,72961.4,72954.5,72961.4,1.391221
2026-05-30 18:45:00,72961.4,72965.9,72961.4,72965.9,2.077992
2026-05-30 19:00:00,72965.9,72973.2,72965.9,72973.2,1.398361
2026-05-30 19:15:00,72973.2,72979.6,72973.2,72979.6,2.074969
2026-05-30 19:30:00,72979.6,72984.5,72979.6,72984.5,1.407716
2026-05-30 19:45:00,72984.5,72990.7,72984.5,72990.7,1.496521
2026-05-30 20:00:00,72990.7,72997.9,72990.6,72997.9,0.72785
2026-05-30 20:15:00,72997.9,73004.7,72997.9,73004.7,0.723412
2026-05-30 20:30:00,73004.7,73011.7,73004.7,73011.7,0.727689
2026-05-30 20:45:00,73011.7,73020.4,73011.6,73020.4,1.394999
2026-05-30 21:00:00,73020.4,73026.1,73020.4,73026.1,0.727509
2026-05-30 21:15:00,73026.1,73033.7,73026.1,73033.7,0.72578
2026-05-30 21:30:00,73033.7,73042.0,73033.7,73042.0,2.067782
2026-05-30 21:45:00,73042.0,73047.4,73041.8,73047.4,1.39376
2026-05-30 22:00:00,73047.4,73053.1,73047.4,73053.1,0.726965
2026-05-30 22:15:00,73053.1,73059.5,73053.1,73059.5,0.723453
2026-05-30 22:30:00,73059.5,73065.2,73059.5,73065.2,0.729107
2026-05-30 22:45:00,73065.2,73073.1,73065.2,73073.1,1.392429
2026-05-30 23:00:00,73073.1,73080.1,73073.1,73080.1,1.389987
2026-05-30 23:15:00,73080.1,73087.3,73080.1,73087.3,0.729304
2026-05-30 23:30:00,73087.3,73095.7,73087.3,73095.7,0.722687
2026-05-30 23:45:00,73095.7,73103.0,73095.7,73103.0,1.393958
2026-05-31 00:00:00,73103.0,73932.6,73103.0,73927.3,109.588123
2026-05-31 00:15:00,73927.3,73928.6,73924.6,73928.6,0.75392
2026-05-31 00:30:00,73928.6,73934.4,73928.6,73934.4,1.374111
2026-05-31 00:45:00,73934.4,73938.4,73934.4,73938.4,1.377458
2026-05-31 01:00:00,73938.4,73945.7,73938.4,73945.7,0.730511
2026-05-31 01:15:00,73945.7,73950.6,73945.7,73950.6,0.718315
2026-05-31 01:30:00,73950.6,73958.3,73950.6,73958.3,2.691537
2026-05-31 01:45:00,73958.3,73964.2,73958.1,73964.2,0.718546
2026-05-31 02:00:00,73964.2,73965.2,73964.2,73965.2,1.37267
2026-05-31 02:15:00,73965.2,73965.2,73964.9,73965.2,1.38078
2026-05-31 02:30:00,73965.2,73965.2,73960.8,73961.2,0.722226
2026-05-31 02:45:00,73961.2,73965.2,73960.5,73965.2,1.389703
2026-05-31 03:00:00,73965.2,73965.2,73965.2,73965.2,0.715503
2026-05-31 03:15:00,73965.2,73965.2,73620.4,73965.2,1.72301
2026-05-31 03:30:00,73965.2,73965.2,73964.9,73965.2,1.460494
2026-05-31 03:45:00,73965.2,73965.2,73964.9,73965.2,3.339904
2026-05-31 04:00:00,73965.2,77799.3,73620.4,77412.0,995.091333
2026-05-31 04:15:00,77412.0,77412.0,77404.9,77404.9,1.310177
2026-05-31 04:30:00,77404.9,77404.9,77399.7,77399.7,0.686862
2026-05-31 04:45:00,77399.7,77399.7,77392.4,77392.4,0.682516
2026-05-31 05:00:00,77392.4,77454.8,77386.7,77386.7,0.688243
2026-05-31 05:15:00,77386.7,77386.7,77240.8,77240.8,1.685374
2026-05-31 05:30:00,77240.8,77240.9,77240.8,77240.8,0.688197
2026-05-31 05:45:00,77240.8,77240.9,77240.8,77240.8,0.705629
2026-05-31 06:00:00,77240.8,77241.1,77240.8,77240.8,0.687621
2026-05-31 06:15:00,77240.8,77241.0,77240.8,77240.8,0.685222
2026-05-31 06:30:00,77240.8,77241.0,77240.8,77240.8,0.694658
2026-05-31 06:45:00,77240.8,77242.0,77240.8,77240.8,0.696507
2026-05-31 07:00:00,77240.8,77241.2,77240.8,77240.8,0.712208
2026-05-31 07:15:00,77240.8,77241.1,77240.8,77240.8,0.683786
2026-05-31 07:30:00,77240.8,77241.2,77240.8,77240.9,0.694931
2026-05-31 07:45:00,77240.9,77241.1,77240.8,77240.8,0.689874
2026-05-31 08:00:00,77240.8,77241.0,77240.8,77240.8,0.689893
2026-05-31 08:15:00,77240.8,77240.9,77240.8,77240.8,0.794804
2026-05-31 08:30:00,77240.8,77241.0,77240.8,77240.8,0.696098
2026-05-31 08:45:00,77240.8,77241.0,77240.8,77240.8,0.696924
2026-05-31 09:00:00,77240.8,77241.1,77240.8,77240.8,0.777133
2026-05-31 09:15:00,77240.8,77241.0,77234.9,77234.9,0.78228
2026-05-31 09:30:00,77234.9,77235.4,77227.9,77227.9,1.353484
2026-05-31 09:45:00,77227.9,77227.9,77222.7,77222.7,0.689438
2026-05-31 10:00:00,77222.7,77222.7,77216.8,77216.8,0.692066
2026-05-31 10:15:00,77216.8,77216.8,77068.4,77068.4,1.694476
2026-05-31 10:30:00,77068.4,77068.8,77068.4,77068.4,0.685333
2026-05-31 10:45:00,77068.4,77068.8,77068.4,77068.4,0.696373
2026-05-31 11:00:00,77068.4,77068.6,77068.4,77068.4,0.948978
2026-05-31 11:15:00,77068.4,77068.6,77068.4,77068.4,0.690557
2026-05-31 11:30:00,77068.4,77068.5,77068.4,77068.4,0.685358
2026-05-31 11:45:00,77068.4,77068.6,77068.4,77068.4,0.683786
2026-05-31 12:00:00,77068.4,77068.7,77068.4,77068.4,0.69564
2026-05-31 12:15:00,77068.4,77068.7,77068.4,77068.4,0.69184
2026-05-31 12:30:00,77068.4,77068.8,77068.4,77068.4,0.703271
2026-05-31 12:45:00,77068.4,77068.8,77068.4,77068.4,0.699612
2026-05-31 13:00:00,77068.4,77068.7,77068.4,77068.4,0.784398
2026-05-31 13:15:00,77068.4,77068.8,77068.4,77068.4,0.695746
2026-05-31 13:30:00,77068.4,77068.7,77068.4,77068.4,1.02154
2026-05-31 13:45:00,77068.4,77068.8,77068.4,77068.4,0.668616
2026-05-31 14:00:00,77068.4,77068.6,77068.4,77068.4,0.831938
2026-05-31 14:15:00,77068.4,77068.7,77068.4,77068.5,0.691868
2026-05-31 14:30:00,77068.5,77068.5,77068.4,77068.4,0.690685
2026-05-31 14:45:00,77068.4,77068.6,77061.6,77061.6,0.69183
2026-05-31 15:00:00,77061.6,77061.6,77055.3,77055.3,0.722149
2026-05-31 15:15:00,77055.3,77055.4,76896.0,76896.0,0.703519
2026-05-31 15:30:00,76896.0,76896.3,76896.0,76896.0,0.93755
2026-05-31 15:45:00,76896.0,76896.2,76896.0,76896.0,0.817109
2026-05-31 16:00:00,76896.0,76896.5,76896.0,76896.0,0.683045
2026-05-31 16:15:00,76896.0,76896.7,76896.0,76896.0,1.757192
2026-05-31 16:30:00,76896.0,76896.2,76896.0,76896.0,0.739706
2026-05-31 16:45:00,76896.0,76896.2,76896.0,76896.0,0.699906
2026-05-31 17:00:00,76896.0,76896.2,76896.0,76896.0,0.694687
2026-05-31 17:15:00,76896.0,76896.2,76896.0,76896.0,0.697302
2026-05-31 17:30:00,76896.0,76896.2,76896.0,76896.0,3.697484
2026-05-31 17:45:00,76896.0,76896.2,76896.0,76896.0,0.701204
2026-05-31 18:00:00,76896.0,76896.1,76896.0,76896.0,0.705128
2026-05-31 18:15:00,76896.0,76896.2,76896.0,76896.0,0.70731
2026-05-31 18:30:00,76896.0,76896.3,76896.0,76896.0,0.732063
2026-05-31 18:45:00,76896.0,76896.3,76896.0,76896.0,0.710299
2026-05-31 19:00:00,76896.0,76896.2,76896.0,76896.0,0.703418
2026-05-31 19:15:00,76896.0,76896.2,76896.0,76896.0,0.702204
2026-05-31 19:30:00,76896.0,76896.4,76894.3,76894.3,0.650756
2026-05-31 19:45:00,76894.3,76894.3,76887.8,76887.8,0.688933
2026-05-31 20:00:00,76887.8,76887.8,76881.4,76881.4,0.695162
2026-05-31 20:15:00,76881.4,76881.4,76876.0,76876.0,0.776285
2026-05-31 20:30:00,76876.0,76876.0,76867.9,76867.9,0.689797
2026-05-31 20:45:00,76867.9,76867.9,76860.1,76860.1,0.692476
2026-05-31 21:00:00,76860.1,76860.1,76853.4,76853.4,0.691229
2026-05-31 21:15:00,76853.4,76853.4,76847.9,76847.9,0.697159
2026-05-31 21:30:00,76847.9,76847.9,76839.8,76839.8,0.691307
2026-05-31 21:45:00,76839.8,76839.8,76832.7,76832.7,0.695986
2026-05-31 22:00:00,76832.7,76832.7,76825.9,76825.9,0.687406
2026-05-31 22:15:00,76825.9,76825.9,76819.3,76819.3,0.695467
2026-05-31 22:30:00,76819.3,76819.3,76813.0,76813.0,0.712595
2026-05-31 22:45:00,76813.0,76813.0,76723.6,76723.6,2.801638
2026-05-31 23:00:00,76723.6,76723.7,76723.6,76723.6,0.690425
2026-05-31 23:15:00,76723.6,76723.8,76723.6,76723.6,0.693516
2026-05-31 23:30:00,76723.6,76723.7,76723.6,76723.6,0.686824
2026-05-31 23:45:00,76723.6,76723.7,76723.6,76723.6,0.688488
2026-06-01 00:00:00,76723.6,76723.6,73004.6,73275.6,306.698412
2026-06-01 00:15:00,73275.6,73275.6,73275.0,73275.6,0.321106
2026-06-01 00:30:00,73275.6,73275.6,73183.9,73184.9,0.259124
2026-06-01 00:45:00,73184.9,73188.4,73184.9,73188.4,0.295252
2026-06-01 01:00:00,73188.4,73193.2,73188.4,73193.2,0.412778
2026-06-01 01:15:00,73193.2,73198.2,73183.9,73198.2,0.328481
2026-06-01 01:30:00,73198.2,73199.6,73183.9,73184.9,0.2961
2026-06-01 01:45:00,73184.9,73189.3,72930.8,73189.3,1.461354
2026-06-01 02:00:00,73189.3,73193.0,73188.8,73193.0,0.348541
2026-06-01 02:15:00,73193.0,73198.1,73192.6,73198.1,0.462342
2026-06-01 02:30:00,73198.1,73202.1,73197.8,73202.1,0.401841
2026-06-01 02:45:00,73202.1,73206.9,73201.7,73206.9,0.467482
2026-06-01 03:00:00,73206.9,73211.4,73206.8,73210.9,0.321172
2026-06-01 03:15:00,73210.9,73215.7,73210.6,73215.7,0.423611
2026-06-01 03:30:00,73215.7,73217.3,73174.2,73176.0,0.276525
2026-06-01 03:45:00,73176.0,73178.4,73174.2,73178.4,0.205288
2026-06-01 04:00:00,73178.4,73178.4,73039.3,73040.0,0.334742
2026-06-01 04:15:00,73040.0,73042.4,73033.0,73033.1,0.242415
2026-06-01 04:30:00,73033.1,73034.9,73020.6,73021.6,0.271183
2026-06-01 04:45:00,73021.6,73023.9,73019.8,73023.9,0.283669
2026-06-01 05:00:00,73023.9,73026.6,72930.8,73026.6,0.761225
2026-06-01 05:15:00,73026.6,73029.4,73025.8,73029.4,0.531119
2026-06-01 05:30:00,73029.4,73029.4,73025.8,73029.3,0.313193
2026-06-01 05:45:00,73029.3,73032.7,72930.8,72931.3,1.107099
2026-06-01 06:00:00,72931.3,72936.2,72931.2,72936.2,0.476666
2026-06-01 06:15:00,72936.2,72936.2,72930.8,72935.3,0.440883
2026-06-01 06:30:00,72935.3,72936.1,72930.8,72932.7,0.336232
2026-06-01 06:45:00,72932.7,72936.4,72932.6,72936.4,0.297509
2026-06-01 07:00:00,72936.4,72937.2,72930.8,72937.2,0.551534
2026-06-01 07:15:00,72937.2,72939.4,72930.8,72932.3,0.405123
2026-06-01 07:30:00,72932.3,72934.2,72930.8,72934.2,0.603427
2026-06-01 07:45:00,72934.2,72934.2,72930.8,72930.8,0.724881
2026-06-01 08:00:00,72930.8,72931.0,72930.8,72930.8,0.731439
2026-06-01 08:15:00,72930.8,72931.1,72930.8,72930.8,0.726078
2026-06-01 08:30:00,72930.8,72930.9,72930.8,72930.8,0.729587
2026-06-01 08:45:00,72930.8,72930.9,72930.8,72930.8,0.707937
2026-06-01 09:00:00,72930.8,72936.2,72930.8,72936.2,0.418213
2026-06-01 09:15:00,72936.2,72936.2,72933.7,72935.4,0.354339
2026-06-01 09:30:00,72935.4,72938.0,72934.8,72937.9,0.477552
2026-06-01 09:45:00,72937.9,72939.3,72930.8,72930.8,0.526416
2026-06-01 10:00:00,72930.8,72930.9,72930.8,72930.8,0.730503
2026-06-01 10:15:00,72930.8,72931.0,72930.8,72930.8,0.725451
2026-06-01 10:30:00,72930.8,72931.2,72930.8,72930.8,0.73055
2026-06-01 10:45:00,72930.8,72931.3,72930.8,72930.8,0.734567
2026-06-01 11:00:00,72930.8,72931.0,72930.8,72930.8,1.716298
2026-06-01 11:15:00,72930.8,72931.0,72930.8,72930.8,0.720529
2026-06-01 11:30:00,72930.8,72931.0,72930.8,72930.8,0.72094
2026-06-01 11:45:00,72930.8,73275.6,72930.8,72930.8,2.065693
2026-06-01 12:00:00,72930.8,74999.6,72930.8,74654.8,221.283286
2026-06-01 12:15:00,74654.8,74655.3,74654.8,74654.8,1.545773
2026-06-01 12:30:00,74654.8,74655.2,74654.8,74654.8,0.703977
2026-06-01 12:45:00,74654.8,74655.0,74654.8,74654.8,1.3016
2026-06-01 13:00:00,74654.8,74654.9,74654.8,74654.9,0.699756
2026-06-01 13:15:00,74654.9,74655.1,74654.8,74654.8,1.306473
2026-06-01 13:30:00,74654.8,74999.6,74654.8,74654.8,1.959073
2026-06-01 13:45:00,74654.8,74655.1,74654.8,74654.8,1.726785
2026-06-01 14:00:00,74654.8,74999.6,72758.4,72930.8,368.78436
2026-06-01 14:15:00,72930.8,73275.6,71890.9,71890.9,123.330351
2026-06-01 14:30:00,71890.9,71890.9,71883.3,71883.3,0.739524
2026-06-01 14:45:00,71883.3,71883.3,71724.0,71876.5,2.0341
2026-06-01 15:00:00,71876.5,71876.5,71869.8,71869.8,2.038896
2026-06-01 15:15:00,71869.8,71869.8,71862.6,71862.6,0.753989
2026-06-01 15:30:00,71862.6,72068.8,71724.0,71724.0,2.247863
2026-06-01 15:45:00,71724.0,74736.82,71724.0,74482.4,262.843587
2026-06-01 16:00:00,74482.4,74482.5,74482.4,74482.4,3.55324
2026-06-01 16:15:00,74482.4,74483.1,74482.4,74482.4,4.36881
2026-06-01 16:30:00,74482.4,74482.6,74482.4,74482.4,0.735782
2026-06-01 16:45:00,74482.4,74482.8,74482.4,74482.4,0.689893
2026-06-01 17:00:00,74482.4,74482.5,74482.4,74482.4,1.197688
2026-06-01 17:15:00,74482.4,74482.8,74482.4,74482.4,1.90076
2026-06-01 17:30:00,74482.4,74482.6,74482.4,74482.4,0.730874
2026-06-01 17:45:00,74482.4,74482.8,74482.4,74482.4,2.02415
2026-06-01 18:00:00,74482.4,74482.8,74482.4,74482.4,0.727878
2026-06-01 18:15:00,74482.4,74482.7,74482.4,74482.4,0.708575
2026-06-01 18:30:00,74482.4,74482.6,74482.4,74482.4,0.715391
2026-06-01 18:45:00,74482.4,74482.7,74482.4,74482.4,0.741483
2026-06-01 19:00:00,74482.4,74482.7,74482.4,74482.4,0.717136
2026-06-01 19:15:00,74482.4,74482.7,74482.4,74482.4,0.726813
2026-06-01 19:30:00,74482.4,74482.7,74482.4,74482.4,0.728394
2026-06-01 19:45:00,74482.4,74482.7,74482.4,74482.4,0.711129
2026-06-01 20:00:00,74482.4,74482.8,74482.4,74482.4,0.706396
2026-06-01 20:15:00,74482.4,74482.5,74477.9,74477.9,1.855349
2026-06-01 20:30:00,74477.9,74478.1,74471.6,74471.6,0.709544
2026-06-01 20:45:00,74471.6,74471.7,74465.6,74465.6,0.897153
2026-06-01 21:00:00,74465.6,74465.7,74458.8,74458.8,0.706615
2026-06-01 21:15:00,74458.8,74459.0,74453.5,74453.5,0.719324
2026-06-01 21:30:00,74453.5,74453.6,74447.1,74447.1,0.712019
2026-06-01 21:45:00,74447.1,74447.3,74441.2,74441.2,0.793851
2026-06-01 22:00:00,74441.2,74441.3,74310.0,74310.0,2.818713
2026-06-01 22:15:00,74310.0,74310.2,74310.0,74310.0,0.800179
2026-06-01 22:30:00,74310.0,74310.1,74310.0,74310.0,0.694709
2026-06-01 22:45:00,74310.0,74310.1,74310.0,74310.0,0.682608
2026-06-01 23:00:00,74310.0,74310.2,74310.0,74310.0,0.711548
2026-06-01 23:15:00,74310.0,74310.4,74310.0,74310.0,0.694073
2026-06-01 23:30:00,74310.0,74310.2,74310.0,74310.0,0.700092
2026-06-01 23:45:00,74310.0,74310.3,74310.0,74310.0,0.696737
2026-06-02 00:00:00,74310.0,74310.1,71206.8,71548.6,372.509525
2026-06-02 00:15:00,71548.6,71548.6,71543.5,71543.5,0.740019
2026-06-02 00:30:00,71543.5,71543.5,71538.0,71538.0,0.742477
2026-06-02 00:45:00,71538.0,71538.0,71530.1,71530.1,0.738311
2026-06-02 01:00:00,71530.1,71530.2,71523.6,71523.6,0.807972
2026-06-02 01:15:00,71523.6,71523.7,71517.8,71517.8,0.738891
2026-06-02 01:30:00,71517.8,71517.8,71510.1,71510.1,0.734332
2026-06-02 01:45:00,71510.1,71510.1,71502.8,71502.8,0.738648
2026-06-02 02:00:00,71502.8,71502.8,71496.8,71496.8,0.75612
2026-06-02 02:15:00,71496.8,71496.8,71487.8,71487.8,0.73882
2026-06-02 02:30:00,71487.8,71487.8,71480.0,71480.0,0.76191
2026-06-02 02:45:00,71480.0,71480.0,71473.6,71473.6,0.739041
2026-06-02 03:00:00,71473.6,71473.7,71467.6,71467.6,1.016034
2026-06-02 03:15:00,71467.6,71467.6,71459.6,71459.6,0.753141
2026-06-02 03:30:00,71459.6,71459.6,71450.4,71450.4,0.740602
2026-06-02 03:45:00,71450.4,71450.4,71443.6,71443.6,0.743425
2026-06-02 04:00:00,71443.6,71443.6,71437.4,71437.4,0.666029
2026-06-02 04:15:00,71437.4,71437.7,71429.4,71429.4,0.845297
2026-06-02 04:30:00,71429.4,71429.4,71422.6,71422.6,0.74178
2026-06-02 04:45:00,71422.6,71422.6,71414.9,71414.9,0.824395
2026-06-02 05:00:00,71414.9,71414.9,71407.4,71407.4,0.748205
2026-06-02 05:15:00,71407.4,71407.4,71401.6,71401.6,0.74411
2026-06-02 05:30:00,71401.6,71401.6,71396.6,71396.6,0.74682
2026-06-02 05:45:00,71396.6,71396.8,71389.1,71389.1,0.794166
2026-06-02 06:00:00,71389.1,71389.1,71379.3,71379.3,0.920695
2026-06-02 06:15:00,71379.3,71379.3,71372.0,71372.0,0.744592
2026-06-02 06:30:00,71372.0,71372.0,71366.1,71366.1,0.747853
2026-06-02 06:45:00,71366.1,71366.1,71359.1,71359.1,0.744503
2026-06-02 07:00:00,71359.1,71359.1,71353.7,71353.7,0.744124
2026-06-02 07:15:00,71353.7,71353.7,71346.4,71346.4,0.741643
2026-06-02 07:30:00,71346.4,71346.5,71206.8,71206.8,0.782465
2026-06-02 07:45:00,71206.8,71206.9,71206.8,71206.8,0.881898
2026-06-02 08:00:00,71206.8,71207.0,71206.8,71206.8,0.714969
2026-06-02 08:15:00,71206.8,71207.2,71206.8,71206.8,0.700827
2026-06-02 08:30:00,71206.8,71207.1,71206.8,71206.8,0.806389
2026-06-02 08:45:00,71206.8,71207.3,71206.8,71206.8,0.691294
2026-06-02 09:00:00,71206.8,71207.0,71206.8,71206.8,0.678737
2026-06-02 09:15:00,71206.8,71207.0,71206.8,71206.8,0.69734
2026-06-02 09:30:00,71206.8,71207.2,71206.8,71206.8,0.747759
2026-06-02 09:45:00,71206.8,71207.1,71206.8,71206.8,0.71662
2026-06-02 10:00:00,71206.8,71207.1,71206.8,71206.8,0.744476
2026-06-02 10:15:00,71206.8,71207.0,71206.8,71206.8,0.703894
2026-06-02 10:30:00,71206.8,71207.0,71206.8,71206.8,0.656113
2026-06-02 10:45:00,71206.8,71210.4,71206.8,71206.8,0.643221
2026-06-02 11:00:00,71206.8,71210.4,71206.8,71207.3,0.81031
2026-06-02 11:15:00,71207.3,71340.6,71206.8,71206.8,0.653617
2026-06-02 11:30:00,71206.8,71551.6,71206.8,71547.9,0.553526
2026-06-02 11:45:00,71547.9,71548.1,71541.9,71541.9,0.630206
2026-06-02 12:00:00,71541.9,71541.9,71535.4,71535.4,0.799992
2026-06-02 12:15:00,71535.4,71535.4,71530.1,71530.2,0.721577
2026-06-02 12:30:00,71530.2,71530.6,71522.7,71522.7,0.71235
2026-06-02 12:45:00,71522.7,71522.7,71515.7,71515.7,0.709007
2026-06-02 13:00:00,71515.7,71515.7,71509.1,71509.1,0.727276
2026-06-02 13:15:00,71509.1,71509.3,71500.9,71500.9,0.743481
2026-06-02 13:30:00,71500.9,71501.0,65968.0,66266.4,1074.355163
2026-06-02 13:45:00,66266.4,66266.4,65479.1,65669.6,84.77523
2026-06-02 14:00:00,65669.6,65669.6,65669.4,65669.6,0.806164
2026-06-02 14:15:00,65669.6,65669.6,65669.5,65669.6,0.825863
2026-06-02 14:30:00,65669.6,65669.6,65669.4,65669.6,0.821341
2026-06-02 14:45:00,65669.6,65669.6,65669.1,65669.6,0.237791
2026-06-02 15:00:00,65669.6,65669.6,65669.2,65669.6,0.471337
2026-06-02 15:15:00,65669.6,65669.6,65669.4,65669.6,0.809686
2026-06-02 15:30:00,65669.6,65669.6,65669.4,65669.6,0.39851
2026-06-02 15:45:00,65669.6,65669.6,65669.2,65669.6,0.686534
2026-06-02 16:00:00,65669.6,65669.6,65669.4,65669.6,0.830512
2026-06-02 16:15:00,65669.6,65669.6,65669.2,65669.6,0.80438
2026-06-02 16:30:00,65669.6,65669.6,65669.5,65669.6,0.810249
2026-06-02 16:45:00,65669.6,65669.6,65669.2,65669.6,1.804531
2026-06-02 17:00:00,65669.6,65669.6,65669.1,65669.6,0.81899
2026-06-02 17:15:00,65669.6,65669.6,65669.4,65669.6,0.818868
2026-06-02 17:30:00,65669.6,65669.6,65669.4,65669.6,0.811368
2026-06-02 17:45:00,65669.6,65669.6,65669.4,65669.6,0.807195
2026-06-02 18:00:00,65669.6,65669.6,65669.4,65669.6,0.542316
2026-06-02 18:15:00,65669.6,65669.6,65669.3,65669.6,0.771056
2026-06-02 18:30:00,65669.6,65669.6,65669.5,65669.6,0.817483
2026-06-02 18:45:00,65669.6,65669.6,65669.5,65669.6,0.968996
2026-06-02 19:00:00,65669.6,65669.6,65669.5,65669.6,0.804426
2026-06-02 19:15:00,65669.6,65669.6,65669.3,65669.6,0.810011
2026-06-02 19:30:00,65669.6,65669.6,65669.4,65669.6,0.826878
2026-06-02 19:45:00,65669.6,65669.6,63887.5,64027.4,261.244956
2026-06-02 20:00:00,64027.4,64177.6,64027.2,64177.6,8.819406
2026-06-02 20:15:00,64177.6,64177.6,64177.4,64177.6,0.827635
2026-06-02 20:30:00,64177.6,64177.6,64177.3,64177.6,0.826158
2026-06-02 20:45:00,64177.6,64326.8,64177.3,64326.8,13.500752
2026-06-02 21:00:00,64326.8,64476.0,64326.7,64476.0,22.423188
2026-06-02 21:15:00,64476.0,64625.2,64475.8,64625.2,22.260706
2026-06-02 21:30:00,64625.2,64625.2,64625.1,64625.2,0.818055
2026-06-02 21:45:00,64625.2,64625.2,64625.1,64625.2,0.821971
2026-06-02 22:00:00,64625.2,64625.2,64625.0,64625.2,0.817298
2026-06-02 22:15:00,64625.2,64625.2,64625.1,64625.2,0.841782
2026-06-02 22:30:00,64625.2,64625.2,64625.0,64625.2,0.825749
2026-06-02 22:45:00,64625.2,64625.2,64624.9,64625.2,0.838915
2026-06-02 23:00:00,64625.2,64625.2,64625.1,64625.2,0.880517
2026-06-02 23:15:00,64625.2,64625.2,64625.0,64625.2,0.818621
2026-06-02 23:30:00,64625.2,64625.2,64625.0,64625.2,0.82411
2026-06-02 23:45:00,64625.2,64625.2,64625.1,64625.2,0.817328
2026-06-03 00:00:00,64625.2,66863.2,64624.9,66857.2,301.579173
2026-06-03 00:15:00,66857.2,66861.7,66857.1,66860.5,0.793325
2026-06-03 00:30:00,66860.5,66863.2,66859.5,66863.2,0.799937
2026-06-03 00:45:00,66863.2,66863.2,66863.2,66863.2,0.789768
2026-06-03 01:00:00,66863.2,66863.2,66860.5,66860.5,0.81172
2026-06-03 01:15:00,66860.5,66863.2,66860.4,66863.2,0.790216
2026-06-03 01:30:00,66863.2,66863.2,66858.9,66858.9,0.794425
2026-06-03 01:45:00,66858.9,66859.5,66856.4,66859.5,0.790093
2026-06-03 02:00:00,66859.5,66860.0,66857.9,66858.8,0.765511
2026-06-03 02:15:00,66858.8,66859.9,66855.7,66855.7,0.790092
2026-06-03 02:30:00,66855.7,66855.8,66849.3,66849.3,0.791079
2026-06-03 02:45:00,66849.3,66849.5,66842.2,66842.2,0.794672
2026-06-03 03:00:00,66842.2,66842.4,66836.0,66836.0,0.791986
2026-06-03 03:15:00,66836.0,66836.2,66829.1,66829.1,0.800724
2026-06-03 03:30:00,66829.1,66829.2,66821.0,66821.0,0.799211
2026-06-03 03:45:00,66821.0,66821.2,66564.8,66564.8,11.460757
2026-06-03 04:00:00,66564.8,66565.1,66564.8,66564.8,0.784
2026-06-03 04:15:00,66564.8,66566.3,66564.8,66566.3,0.805619
2026-06-03 04:30:00,66566.3,66566.3,65899.1,65906.4,100.276596
2026-06-03 04:45:00,65906.4,65913.3,65906.4,65913.3,0.835535
2026-06-03 05:00:00,65913.3,65921.1,65913.3,65921.1,0.802947
2026-06-03 05:15:00,65921.1,65929.0,65921.1,65929.0,0.805587
2026-06-03 05:30:00,65929.0,65935.5,65929.0,65935.5,0.946709
2026-06-03 05:45:00,65935.5,65941.3,65935.5,65941.3,0.821348
2026-06-03 06:00:00,65941.3,65947.5,63862.1,63862.4,322.067764
2026-06-03 06:15:00,63862.4,64028.4,63862.2,64028.4,4.862142
2026-06-03 06:30:00,64028.4,64177.6,64028.4,64177.6,21.124451
2026-06-03 06:45:00,64177.6,64177.6,64177.5,64177.6,0.865832
2026-06-03 07:00:00,64177.6,64177.6,64177.5,64177.6,0.608752
2026-06-03 07:15:00,64177.6,64177.6,64176.9,64177.6,2.790626
2026-06-03 07:30:00,64177.6,64177.6,64177.5,64177.6,0.873225
2026-06-03 07:45:00,64177.6,64326.8,64177.5,64326.8,20.040338
2026-06-03 08:00:00,64326.8,64326.8,64326.7,64326.8,0.828996
2026-06-03 08:15:00,64326.8,64326.8,64326.6,64326.8,0.865445
2026-06-03 08:30:00,64326.8,64326.8,64326.7,64326.8,0.98181
2026-06-03 08:45:00,64326.8,64326.8,64028.4,64030.5,1.477487
2026-06-03 09:00:00,64030.5,64038.0,64030.4,64038.0,0.898821
2026-06-03 09:15:00,64038.0,64045.8,64037.7,64045.8,0.962949
2026-06-03 09:30:00,64045.8,64052.8,64045.7,64052.8,0.868553
2026-06-03 09:45:00,64052.8,64326.8,64052.7,64326.8,1.533148
2026-06-03 10:00:00,64326.8,64326.8,64326.3,64326.8,1.50873
2026-06-03 10:15:00,64326.8,64326.8,64326.7,64326.8,0.823836
2026-06-03 10:30:00,64326.8,64326.8,64326.2,64326.8,1.321009
2026-06-03 10:45:00,64326.8,64326.8,64326.7,64326.8,0.837366
2026-06-03 11:00:00,64326.8,64326.8,64326.7,64326.8,0.821737
2026-06-03 11:15:00,64326.8,64326.8,64326.5,64326.8,0.859611
2026-06-03 11:30:00,64326.8,64326.8,64326.6,64326.8,0.862882
2026-06-03 11:45:00,64326.8,64326.8,64326.3,64326.8,0.876576
2026-06-03 12:00:00,64326.8,64326.8,64326.7,64326.8,1.148659
2026-06-03 12:15:00,64326.8,64326.8,64326.7,64326.8,0.827257
2026-06-03 12:30:00,64326.8,64326.8,64326.6,64326.8,0.821009
2026-06-03 12:45:00,64326.8,64326.8,64326.6,64326.8,2.833187
2026-06-03 13:00:00,64326.8,64326.8,64326.6,64326.8,0.990101
2026-06-03 13:15:00,64326.8,64326.8,64326.7,64326.8,0.827039
2026-06-03 13:30:00,64326.8,64326.8,64326.6,64326.8,0.821388
2026-06-03 13:45:00,64326.8,64326.8,64326.7,64326.8,0.847317
2026-06-03 14:00:00,64326.8,64326.8,64326.7,64326.8,0.778468
2026-06-03 14:15:00,64326.8,64326.8,64028.4,64326.8,0.401658
2026-06-03 14:30:00,64326.8,64328.8,64326.6,64328.8,0.365548
2026-06-03 14:45:00,64328.8,64333.4,64328.4,64333.4,0.392935
2026-06-03 15:00:00,64333.4,64476.0,64177.6,64476.0,0.1867
2026-06-03 15:15:00,64476.0,64476.0,63133.2,63431.6,164.957017
2026-06-03 15:30:00,63431.6,63431.6,63431.6,63431.6,0.038278
2026-06-03 15:45:00,63431.6,63431.6,63431.1,63431.6,0.060387
2026-06-03 16:00:00,63431.6,63431.6,63133.2,63431.6,0.10356
2026-06-03 16:15:00,63431.6,63431.6,63322.6,63431.6,0.053026
2026-06-03 16:30:00,63431.6,63431.6,63322.6,63431.6,0.04273
2026-06-03 16:45:00,63431.6,63431.6,63133.2,63431.6,0.072796
2026-06-03 17:00:00,63431.6,63431.6,63133.2,63431.6,0.042737
2026-06-03 17:15:00,63431.6,63431.6,63322.6,63431.6,0.056936
2026-06-03 17:30:00,63431.6,63431.6,63322.6,63431.6,0.047689
2026-06-03 17:45:00,63431.6,63431.6,63431.1,63431.6,0.062279
2026-06-03 18:00:00,63431.6,63431.6,63133.2,63431.6,0.110315
2026-06-03 18:15:00,63431.6,63431.6,63431.5,63431.6,0.135481
2026-06-03 18:30:00,63431.6,63431.6,63323.0,63431.6,0.280209
2026-06-03 18:45:00,63431.6,63431.6,63323.0,63431.6,0.066441
2026-06-03 19:00:00,63431.6,63431.6,63323.0,63431.6,1.043329
2026-06-03 19:15:00,63431.6,63431.6,63323.0,63431.6,0.108487
2026-06-03 19:30:00,63431.6,63431.6,63323.0,63431.6,0.135863
2026-06-03 19:45:00,63431.6,63431.6,63431.5,63431.6,0.167717
2026-06-03 20:00:00,63431.6,63431.6,63431.5,63431.6,0.00959
2026-06-03 20:15:00,63431.6,63431.6,63431.5,63431.6,0.07314
2026-06-03 20:30:00,63431.6,63431.6,63133.2,63431.6,0.054913
2026-06-03 20:45:00,63431.6,63431.6,63431.3,63431.6,0.02381
2026-06-03 21:00:00,63431.6,63431.6,63133.2,63431.6,0.049425
2026-06-03 21:15:00,63431.6,63431.6,63323.0,63431.1,0.012628
2026-06-03 21:30:00,63431.1,63431.6,63323.0,63431.6,0.082147
2026-06-03 21:45:00,63431.6,63431.6,63323.0,63431.6,0.084164
2026-06-03 22:00:00,63431.6,63431.6,63399.8,63431.6,0.079002
2026-06-03 22:15:00,63431.6,63431.6,63133.2,63431.6,0.14452
2026-06-03 22:30:00,63431.6,63431.6,63322.7,63431.6,0.05717
2026-06-03 22:45:00,63431.6,63431.6,63322.7,63431.6,0.061658
2026-06-03 23:00:00,63431.6,63431.6,63322.7,63431.6,0.015896
2026-06-03 23:15:00,63431.6,63431.6,63322.7,63322.7,0.107675
2026-06-03 23:30:00,63322.7,63431.6,63322.7,63431.6,0.087582
2026-06-03 23:45:00,63431.6,63431.6,63431.1,63431.6,0.038
2026-06-04 00:00:00,63431.6,64476.0,63322.7,64177.6,152.870506
2026-06-04 00:15:00,64177.6,64476.0,64177.6,64177.6,0.065269
2026-06-04 00:30:00,64177.6,64476.0,64177.6,64177.6,0.149337
2026-06-04 00:45:00,64177.6,64476.0,64177.6,64475.5,0.051309
2026-06-04 01:00:00,64475.5,64476.0,64475.5,64475.6,0.041204
2026-06-04 01:15:00,64475.6,64476.0,64475.3,64476.0,0.019292
2026-06-04 01:30:00,64476.0,64476.0,64475.7,64476.0,0.014159
2026-06-04 01:45:00,64476.0,64476.0,64475.2,64475.7,0.089389
2026-06-04 02:00:00,64475.7,64476.0,64475.6,64475.6,0.093664
2026-06-04 02:15:00,64475.6,64476.0,64475.6,64475.8,0.048295
2026-06-04 02:30:00,64475.8,64476.0,62689.4,62984.0,215.979954
2026-06-04 02:45:00,62984.0,62984.0,62983.7,62984.0,1.688688
2026-06-04 03:00:00,62984.0,62984.0,62984.0,62984.0,0.358145
2026-06-04 03:15:00,62984.0,62984.0,62984.0,62984.0,0.507835
2026-06-04 03:30:00,62984.0,62984.0,62685.6,62687.5,0.29287
2026-06-04 03:45:00,62687.5,62689.0,62685.6,62688.9,0.734027
2026-06-04 04:00:00,62688.9,62695.6,62688.8,62695.6,0.837808
2026-06-04 04:15:00,62695.6,62701.5,62695.4,62701.5,0.860094
2026-06-04 04:30:00,62701.5,62708.9,62701.4,62708.9,0.844805
2026-06-04 04:45:00,62708.9,62715.8,62708.8,62715.8,0.856725
2026-06-04 05:00:00,62715.8,62984.0,62715.7,62984.0,0.840714
2026-06-04 05:15:00,62984.0,62984.0,62983.9,62984.0,0.867203
2026-06-04 05:30:00,62984.0,62984.0,62983.9,62984.0,0.838609
2026-06-04 05:45:00,62984.0,62984.0,62983.6,62984.0,0.886147
2026-06-04 06:00:00,62984.0,62984.0,62983.9,62984.0,0.848594
2026-06-04 06:15:00,62984.0,62984.0,62983.8,62984.0,0.845068
2026-06-04 06:30:00,62984.0,62984.0,62983.9,62984.0,0.847882
2026-06-04 06:45:00,62984.0,62984.0,62983.8,62984.0,0.848403
2026-06-04 07:00:00,62984.0,62984.0,62983.9,62984.0,0.840354
2026-06-04 07:15:00,62984.0,62984.0,62983.6,62984.0,0.871832
2026-06-04 07:30:00,62984.0,62984.0,62983.9,62984.0,0.846832
2026-06-04 07:45:00,62984.0,62984.0,62983.8,62984.0,0.849743
2026-06-04 08:00:00,62984.0,62984.0,62983.9,62984.0,0.845456
2026-06-04 08:15:00,62984.0,62984.0,62983.9,62984.0,0.838686
2026-06-04 08:30:00,62984.0,62984.0,62983.9,62984.0,1.002143
2026-06-04 08:45:00,62984.0,62984.0,62983.9,62984.0,0.838955
2026-06-04 09:00:00,62984.0,62984.0,62983.9,62984.0,0.865187
2026-06-04 09:15:00,62984.0,62984.0,62983.3,62983.3,0.890907
2026-06-04 09:30:00,62983.3,62983.4,62685.6,62688.1,0.777089
2026-06-04 09:45:00,62688.1,62694.3,62687.4,62694.3,0.719535
2026-06-04 10:00:00,62694.3,62701.5,62694.2,62701.5,0.878714
2026-06-04 10:15:00,62701.5,62706.7,62701.4,62705.8,0.84232
2026-06-04 10:30:00,62705.8,62706.2,62702.9,62705.9,0.852074
2026-06-04 10:45:00,62705.9,62706.3,62685.6,62685.6,0.882478
2026-06-04 11:00:00,62685.6,62685.7,62685.6,62685.6,0.868907
2026-06-04 11:15:00,62685.6,62685.7,62685.6,62685.6,0.871255
2026-06-04 11:30:00,62685.6,62686.0,62685.6,62685.6,0.892893
2026-06-04 11:45:00,62685.6,62685.9,62685.6,62685.6,0.923566
2026-06-04 12:00:00,62685.6,62685.8,62685.6,62685.6,1.856044
2026-06-04 12:15:00,62685.6,62690.7,62685.6,62690.7,0.852854
2026-06-04 12:30:00,62690.7,62696.0,62690.6,62696.0,0.889068
2026-06-04 12:45:00,62696.0,62703.3,62695.9,62703.3,0.853486
2026-06-04 13:00:00,62703.3,62709.0,62703.2,62709.0,0.722014
2026-06-04 13:15:00,62709.0,62715.6,62708.9,62715.6,0.846982
2026-06-04 13:30:00,62715.6,62717.6,62715.5,62717.6,0.842447
2026-06-04 13:45:00,62717.6,62722.2,62717.5,62722.2,0.880946
2026-06-04 14:00:00,62722.2,62729.6,62722.1,62729.6,1.90388
2026-06-04 14:15:00,62729.6,62984.0,62729.5,62984.0,0.835672
2026-06-04 14:30:00,62984.0,62984.0,62984.0,62984.0,0.857718
2026-06-04 14:45:00,62984.0,62984.0,62983.8,62984.0,0.839158
2026-06-04 15:00:00,62984.0,62984.0,62983.9,62984.0,0.844605
2026-06-04 15:15:00,62984.0,62984.0,62984.0,62984.0,0.85916
2026-06-04 15:30:00,62984.0,62985.2,62983.7,62985.2,0.84454
2026-06-04 15:45:00,62985.2,62991.6,62985.2,62991.6,0.83883
2026-06-04 16:00:00,62991.6,62998.0,62991.6,62998.0,1.851459
2026-06-04 16:15:00,62998.0,63006.6,62998.0,63006.6,0.838445
2026-06-04 16:30:00,63006.6,63014.0,63006.5,63014.0,0.870199
2026-06-04 16:45:00,63014.0,63019.6,63014.0,63019.6,0.870129
2026-06-04 17:00:00,63019.6,63027.7,63019.6,63027.7,0.842837
2026-06-04 17:15:00,63027.7,63035.1,63027.7,63035.1,0.839564
2026-06-04 17:30:00,63035.1,63038.5,63035.1,63036.1,0.840577
2026-06-04 17:45:00,63036.1,63041.2,63035.8,63041.2,0.837933
2026-06-04 18:00:00,63041.2,63048.2,63041.2,63048.2,0.917038
2026-06-04 18:15:00,63048.2,63054.8,63048.2,63054.8,0.844797
2026-06-04 18:30:00,63054.8,63060.8,63054.8,63060.8,0.873741
2026-06-04 18:45:00,63060.8,63067.6,63060.8,63067.6,0.843009
2026-06-04 19:00:00,63067.6,63072.6,63067.6,63072.6,0.948953
2026-06-04 19:15:00,63072.6,63080.0,63072.6,63080.0,1.847402
2026-06-04 19:30:00,63080.0,63087.5,63080.0,63087.5,0.844341
2026-06-04 19:45:00,63087.5,63094.5,63087.5,63094.5,0.871401
2026-06-04 20:00:00,63094.5,63101.9,63094.5,63101.9,0.837068
2026-06-04 20:15:00,63101.9,63110.4,63101.9,63110.4,0.845327
2026-06-04 20:30:00,63110.4,63116.5,63110.4,63116.5,0.866525
2026-06-04 20:45:00,63116.5,63123.2,63116.4,63123.2,0.846452
2026-06-04 21:00:00,63123.2,63128.1,63123.2,63128.1,0.728213
2026-06-04 21:15:00,63128.1,63128.1,63127.9,63128.1,0.003218
2026-06-04 21:30:00,63128.1,63128.1,63128.1,63128.1,0.000203
2026-06-04 21:45:00,63128.1,63128.1,63128.1,63128.1,0.000218
2026-06-04 22:00:00,63128.1,63128.1,62238.0,62238.0,100.125174
2026-06-04 22:15:00,62238.0,62536.4,60188.4,60447.6,288.906657
2026-06-04 22:30:00,60447.6,60447.6,60447.6,60447.6,4.8e-05
2026-06-04 22:45:00,60447.6,60447.6,60447.6,60447.6,0.000695
2026-06-04 23:00:00,60447.6,60447.6,60447.6,60447.6,0.001024
2026-06-04 23:15:00,60447.6,60447.6,60447.6,60447.6,0.083093
2026-06-04 23:30:00,60447.6,60447.6,60447.6,60447.6,0.000213
2026-06-04 23:45:00,60447.6,60447.6,60447.6,60447.6,6.4e-05
2026-06-05 00:00:00,60447.6,63879.2,60447.6,63580.8,503.274395
2026-06-05 00:15:00,63580.8,63879.2,63580.8,63879.2,0.000105
2026-06-05 00:30:00,63879.2,63879.2,63879.2,63879.2,4.5e-05
2026-06-05 00:45:00,63879.2,63879.2,63879.2,63879.2,6e-05
2026-06-05 01:00:00,63879.2,63879.2,63580.8,63879.2,0.043567
2026-06-05 01:15:00,63879.2,63879.2,63580.8,63580.8,0.07506
2026-06-05 01:30:00,63580.8,63879.2,63580.8,63879.2,4.5e-05
2026-06-05 01:45:00,63879.2,63879.2,63879.2,63879.2,0.000216
2026-06-05 02:00:00,63879.2,63879.2,63580.8,63879.2,0.000419
2026-06-05 02:15:00,63879.2,63879.2,63879.2,63879.2,0.000216
2026-06-05 02:30:00,63879.2,63879.2,63879.2,63879.2,0.000201
2026-06-05 02:45:00,63879.2,63879.2,63879.2,63879.2,0.000417
2026-06-05 03:00:00,63879.2,63879.2,63879.2,63879.2,0.001969
2026-06-05 03:15:00,63879.2,63879.2,63879.2,63879.2,0.001967
2026-06-05 03:30:00,63879.2,63879.2,63879.2,63879.2,0.000247
2026-06-05 03:45:00,63879.2,63879.2,63879.2,63879.2,0.000216
2026-06-05 04:00:00,63879.2,63879.2,63580.8,63879.2,1.012881
2026-06-05 04:15:00,63879.2,63879.2,63580.8,63879.2,0.005694
2026-06-05 04:30:00,63879.2,63879.2,63879.2,63879.2,0.000201
2026-06-05 04:45:00,63879.2,63879.2,63879.2,63879.2,0.000216
2026-06-05 05:00:00,63879.2,63879.2,63580.8,63879.2,0.001498
2026-06-05 05:15:00,63879.2,63879.2,63580.8,63879.2,1.000216
2026-06-05 05:30:00,63879.2,63879.2,63580.8,63879.2,0.009671
2026-06-05 05:45:00,63879.2,63879.2,63879.2,63879.2,0.015885
2026-06-05 06:00:00,63879.2,63879.2,63879.2,63879.2,0.001751
2026-06-05 06:15:00,63879.2,63879.2,63580.8,63879.2,0.025118
2026-06-05 06:30:00,63879.2,63879.2,63580.8,63879.2,0.008951
2026-06-05 06:45:00,63879.2,63879.2,63580.8,63879.2,0.005123
2026-06-05 07:00:00,63879.2,63879.2,63580.8,63580.8,0.009037
2026-06-05 07:15:00,63580.8,63879.2,63580.8,63879.2,0.000868
2026-06-05 07:30:00,63879.2,63879.2,63580.8,63879.2,0.02094
2026-06-05 07:45:00,63879.2,63879.2,63879.2,63879.2,0.016041
2026-06-05 08:00:00,63879.2,63879.2,63580.8,63879.2,1.947467
2026-06-05 08:15:00,63879.2,63879.2,63580.8,63879.2,0.31218
2026-06-05 08:30:00,63879.2,63879.2,63879.2,63879.2,0.156761
2026-06-05 08:45:00,63879.2,63879.2,63879.2,63879.2,0.000262
2026-06-05 09:00:00,63879.2,63879.2,63580.8,63879.2,0.000275
2026-06-05 09:15:00,63879.2,63879.2,63580.8,63879.2,0.004351
2026-06-05 09:30:00,63879.2,63879.2,63580.8,63879.2,1.138053
2026-06-05 09:45:00,63879.2,63879.2,63879.2,63879.2,0.000106
2026-06-05 10:00:00,63879.2,63879.2,63580.8,63879.2,0.017887
2026-06-05 10:15:00,63879.2,63879.2,63580.8,63580.8,10.118721
2026-06-05 10:30:00,63580.8,63879.2,63580.8,63879.2,0.007864
2026-06-05 10:45:00,63879.2,63879.2,63879.2,63879.2,0.008981
2026-06-05 11:00:00,63879.2,63879.2,63580.8,63879.2,0.200498
2026-06-05 11:15:00,63879.2,63879.2,63879.2,63879.2,1.000247
2026-06-05 11:30:00,63879.2,63879.2,63580.8,63879.2,0.006179
2026-06-05 11:45:00,63879.2,63879.2,63879.2,63879.2,0.000529
2026-06-05 12:00:00,63879.2,63879.2,63580.8,63879.2,0.39203
2026-06-05 12:15:00,63879.2,63879.2,63580.8,63879.2,0.00337
2026-06-05 12:30:00,63879.2,63879.2,63580.8,63879.2,0.003279
2026-06-05 12:45:00,63879.2,63879.2,63879.2,63879.2,6e-05
2026-06-05 13:00:00,63879.2,63879.2,63580.8,63879.2,0.002386
2026-06-05 13:15:00,63879.2,63879.2,63879.2,63879.2,0.000137
2026-06-05 13:30:00,63879.2,63879.2,63580.8,63879.2,0.000672
2026-06-05 13:45:00,63879.2,63879.2,63879.2,63879.2,0.000232
2026-06-05 14:00:00,63879.2,63879.2,63580.8,63879.2,0.084328
2026-06-05 14:15:00,63879.2,63879.2,63879.2,63879.2,3e-05
2026-06-05 14:30:00,63879.2,63879.2,63879.2,63879.2,0.000123
2026-06-05 14:45:00,63879.2,63879.2,63580.8,63879.2,0.000905
2026-06-05 15:00:00,63879.2,63879.2,63879.2,63879.2,0.000342
2026-06-05 15:15:00,63879.2,63879.2,63879.2,63879.2,6e-05
2026-06-05 15:30:00,63879.2,63879.2,63580.8,63580.8,0.003307
2026-06-05 15:45:00,63580.8,63580.8,63580.8,63580.8,0.0001
2026-06-05 16:00:00,63580.8,63879.2,63580.8,63879.2,0.000272
2026-06-05 16:15:00,63879.2,63879.2,63879.2,63879.2,6e-05
2026-06-05 16:30:00,63879.2,63879.2,63879.2,63879.2,6e-05
2026-06-05 16:45:00,63879.2,63879.2,63580.8,63879.2,0.015765
2026-06-05 17:00:00,63879.2,63879.2,63580.8,63580.8,0.001138
2026-06-05 17:15:00,63580.8,63879.2,63580.8,63580.8,0.004757
2026-06-05 17:30:00,63580.8,63879.2,63580.8,63879.2,0.000379
2026-06-05 17:45:00,63879.2,63879.2,63580.8,63580.8,0.655856
2026-06-05 18:00:00,63580.8,63879.2,63580.8,63580.8,0.015628
2026-06-05 18:15:00,63580.8,63580.8,63580.8,63580.8,0.016414
2026-06-05 18:30:00,63580.8,63580.8,63580.8,63580.8,0.0011
2026-06-05 18:45:00,63580.8,63580.8,63580.8,63580.8,0.0001
2026-06-05 19:00:00,63580.8,63580.8,63580.8,63580.8,0.0001
2026-06-05 19:15:00,63580.8,63580.8,63580.8,63580.8,0.0011
2026-06-05 19:30:00,63580.8,63580.8,63580.8,63580.8,0.000404
2026-06-05 19:45:00,63580.8,63580.8,63580.8,63580.8,0.000916
2026-06-05 20:00:00,63580.8,63879.2,63580.8,63580.8,2.00013
2026-06-05 20:15:00,63580.8,63879.2,63580.8,63879.2,0.00016
2026-06-05 20:30:00,63879.2,63879.2,63879.2,63879.2,0.000201
2026-06-05 20:45:00,63879.2,63879.2,63580.8,63879.2,0.000683
2026-06-05 21:00:00,63879.2,63879.2,63879.2,63879.2,0.007855
2026-06-05 21:15:00,63879.2,63879.2,63431.6,63431.6,25.469912
2026-06-05 21:30:00,63431.6,63580.8,63282.4,63580.8,23.70285
2026-06-05 21:45:00,63580.8,63580.8,63282.4,63580.8,0.00019
2026-06-05 22:00:00,63580.8,63580.8,63282.4,63580.8,0.005992
2026-06-05 22:15:00,63580.8,63580.8,63282.4,63580.8,0.00016
2026-06-05 22:30:00,63580.8,63580.8,59358.6,59358.6,589.02786
2026-06-05 22:45:00,59358.6,59615.0,58556.9,58717.6,144.964387
2026-06-05 23:00:00,58717.6,58717.6,58717.6,58717.6,0.102389
2026-06-05 23:15:00,58717.6,58717.6,58500.0,58675.5,0.004534
2026-06-05 23:30:00,58675.5,58717.6,58675.5,58717.6,0.001002
2026-06-05 23:45:00,58717.6,58717.6,58675.5,58717.6,0.000594
2026-06-06 00:00:00,58717.6,61449.6,58675.5,61193.6,441.36841
2026-06-06 00:15:00,61193.6,61492.0,61193.6,61492.0,0.001823
2026-06-06 00:30:00,61492.0,61492.0,61461.2,61492.0,0.005358
2026-06-06 00:45:00,61492.0,61492.0,61461.2,61492.0,0.000869
2026-06-06 01:00:00,61492.0,61492.0,61492.0,61492.0,0.018639
2026-06-06 01:15:00,61492.0,61492.0,61461.2,61461.2,0.008685
2026-06-06 01:30:00,61461.2,61492.0,61461.2,61492.0,4.8e-05
2026-06-06 01:45:00,61492.0,61492.0,61492.0,61492.0,6.4e-05
2026-06-06 02:00:00,61492.0,61492.0,61193.6,61492.0,0.019265
2026-06-06 02:15:00,61492.0,61492.0,61193.6,61193.6,0.000195
2026-06-06 02:30:00,61193.6,61492.0,61193.6,61492.0,0.000466
2026-06-06 02:45:00,61492.0,61492.0,61193.6,61492.0,0.042708
2026-06-06 03:00:00,61492.0,61492.0,61492.0,61492.0,0.003446
2026-06-06 03:15:00,61492.0,61492.0,61492.0,61492.0,0.003316
2026-06-06 03:30:00,61492.0,61492.0,61492.0,61492.0,0.001722
2026-06-06 03:45:00,61492.0,61492.0,61492.0,61492.0,6.4e-05
2026-06-06 04:00:00,61492.0,61492.0,61193.6,61193.6,0.04618
2026-06-06 04:15:00,61193.6,61492.0,61193.6,61492.0,0.008295
2026-06-06 04:30:00,61492.0,61492.0,61193.6,61193.6,0.004739
2026-06-06 04:45:00,61193.6,61492.0,58717.6,58717.6,418.015868
2026-06-06 05:00:00,58717.6,58845.8,56794.6,57051.0,322.144128
2026-06-06 05:15:00,57051.0,57051.0,57051.0,57051.0,6.8e-05
2026-06-06 05:30:00,57051.0,57051.0,57051.0,57051.0,5.1e-05
2026-06-06 05:45:00,57051.0,57051.0,57051.0,57051.0,0.017613
2026-06-06 06:00:00,57051.0,57051.0,57051.0,57051.0,0.000472
2026-06-06 06:15:00,57051.0,57051.0,57051.0,57051.0,0.000295
2026-06-06 06:30:00,57051.0,57051.0,57051.0,57051.0,0.009568
2026-06-06 06:45:00,57051.0,57051.0,57051.0,57051.0,8.5e-05
2026-06-06 07:00:00,57051.0,57051.0,57051.0,57051.0,0.001803
2026-06-06 07:15:00,57051.0,57051.0,57051.0,57051.0,0.000715
2026-06-06 07:30:00,57051.0,57051.0,57051.0,57051.0,0.003555
2026-06-06 07:45:00,57051.0,57051.0,57051.0,57051.0,8.5e-05
2026-06-06 08:00:00,57051.0,57051.0,57051.0,57051.0,0.007997
2026-06-06 08:15:00,57051.0,57051.0,57051.0,57051.0,0.000137
2026-06-06 08:30:00,57051.0,57051.0,57051.0,57051.0,0.175332
2026-06-06 08:45:00,57051.0,57051.0,57051.0,57051.0,0.01012
2026-06-06 09:00:00,57051.0,57051.0,57051.0,57051.0,8.5e-05
2026-06-06 09:15:00,57051.0,57051.0,57051.0,57051.0,0.000103
2026-06-06 09:30:00,57051.0,57051.0,57051.0,57051.0,0.01777
2026-06-06 09:45:00,57051.0,57051.0,57051.0,57051.0,0.002222
2026-06-06 10:00:00,57051.0,57051.0,57051.0,57051.0,0.005249
2026-06-06 10:15:00,57051.0,57051.0,57051.0,57051.0,6.8e-05
2026-06-06 10:30:00,57051.0,57051.0,57051.0,57051.0,5.1e-05
2026-06-06 10:45:00,57051.0,57051.0,57051.0,57051.0,0.009706
2026-06-06 11:00:00,57051.0,57051.0,57051.0,57051.0,0.004479
2026-06-06 11:15:00,57051.0,57051.0,57051.0,57051.0,0.000207
2026-06-06 11:30:00,57051.0,57051.0,57051.0,57051.0,0.00019
2026-06-06 11:45:00,57051.0,57051.0,57051.0,57051.0,0.000418
2026-06-06 12:00:00,57051.0,57051.0,57051.0,57051.0,3.4e-05
2026-06-06 12:15:00,57051.0,57051.0,57051.0,57051.0,0.006497
2026-06-06 12:30:00,57051.0,57051.0,57051.0,57051.0,5.1e-05
2026-06-06 12:45:00,57051.0,57051.0,57051.0,57051.0,6.8e-05
2026-06-06 13:00:00,57051.0,57051.0,57051.0,57051.0,3.4e-05
2026-06-06 13:15:00,57051.0,57051.0,57051.0,57051.0,0.00012
2026-06-06 13:30:00,57051.0,57051.0,57051.0,57051.0,0.005246
2026-06-06 13:45:00,57051.0,57051.0,57051.0,57051.0,0.00026
2026-06-06 14:00:00,57051.0,57051.0,57051.0,57051.0,0.000243
2026-06-06 14:15:00,57051.0,57051.0,57051.0,57051.0,6.8e-05
2026-06-06 14:30:00,57051.0,57051.0,57051.0,57051.0,5.1e-05
2026-06-06 14:45:00,57051.0,57051.0,57051.0,57051.0,6.8e-05
2026-06-06 15:00:00,57051.0,57051.0,57051.0,57051.0,3.4e-05
2026-06-06 15:15:00,57051.0,57051.0,57051.0,57051.0,0.000936
2026-06-06 15:30:00,57051.0,57051.0,57051.0,57051.0,0.000151
2026-06-06 15:45:00,57051.0,57051.0,57051.0,57051.0,0.002257
2026-06-06 16:00:00,57051.0,57051.0,57051.0,57051.0,0.00026
2026-06-06 16:15:00,57051.0,57051.0,57051.0,57051.0,0.000437
2026-06-06 16:30:00,57051.0,57051.0,57051.0,57051.0,0.000942
2026-06-06 16:45:00,57051.0,57051.0,57051.0,57051.0,6.8e-05
2026-06-06 17:00:00,57051.0,57051.0,57051.0,57051.0,5.1e-05
2026-06-06 17:15:00,57051.0,57051.0,57051.0,57051.0,6.8e-05
2026-06-06 17:30:00,57051.0,57051.0,57051.0,57051.0,0.032229
2026-06-06 17:45:00,57051.0,57051.0,57051.0,57051.0,6.8e-05
2026-06-06 18:00:00,57051.0,57051.0,57051.0,57051.0,3.4e-05
2026-06-06 18:15:00,57051.0,57051.0,57051.0,57051.0,0.00161
2026-06-06 18:30:00,57051.0,57051.0,57051.0,57051.0,0.014058
2026-06-06 18:45:00,57051.0,57051.0,57051.0,57051.0,0.000905
2026-06-06 19:00:00,57051.0,57051.0,57051.0,57051.0,0.001085
2026-06-06 19:15:00,57051.0,57051.0,57051.0,57051.0,0.005743
2026-06-06 19:30:00,57051.0,57051.0,57051.0,57051.0,0.014793
2026-06-06 19:45:00,57051.0,57051.0,57051.0,57051.0,0.000243
2026-06-06 20:00:00,57051.0,57051.0,57051.0,57051.0,3.4e-05
2026-06-06 20:15:00,57051.0,57051.0,57051.0,57051.0,6.8e-05
2026-06-06 20:30:00,57051.0,57051.0,57051.0,57051.0,0.000209
2026-06-06 20:45:00,57051.0,57051.0,57051.0,57051.0,0.00182
2026-06-06 21:00:00,57051.0,57051.0,57051.0,57051.0,3.4e-05
2026-06-06 21:15:00,57051.0,57051.0,57051.0,57051.0,0.001068
2026-06-06 21:30:00,57051.0,57051.0,57051.0,57051.0,3.4e-05
2026-06-06 21:45:00,57051.0,57051.0,57051.0,57051.0,6.8e-05
2026-06-06 22:00:00,57051.0,57051.0,57051.0,57051.0,0.000384
2026-06-06 22:15:00,57051.0,57051.0,57051.0,57051.0,0.010068
2026-06-06 22:30:00,57051.0,57051.0,57051.0,57051.0,3.4e-05
2026-06-06 22:45:00,57051.0,57051.0,57051.0,57051.0,6.8e-05
2026-06-06 23:00:00,57051.0,57051.0,57051.0,57051.0,3.4e-05
2026-06-06 23:15:00,57051.0,57051.0,57051.0,57051.0,0.013274
2026-06-06 23:30:00,57051.0,57051.0,57051.0,57051.0,0.016873
2026-06-06 23:45:00,57051.0,57051.0,57051.0,57051.0,0.033638
2026-06-07 00:00:00,57051.0,61000.0,57051.0,61000.0,653.482138
2026-06-07 00:15:00,61000.0,61000.0,60746.0,61000.0,0.002342
2026-06-07 00:30:00,61000.0,61000.0,61000.0,61000.0,0.000195
2026-06-07 00:45:00,61000.0,61000.0,60746.0,60746.0,0.123589
2026-06-07 01:00:00,60746.0,61000.0,60746.0,61000.0,0.119611
2026-06-07 01:15:00,61000.0,61000.0,61000.0,61000.0,0.000227
2026-06-07 01:30:00,61000.0,61000.0,61000.0,61000.0,0.000195
2026-06-07 01:45:00,61000.0,61000.0,61000.0,61000.0,0.000985
2026-06-07 02:00:00,61000.0,61000.0,60746.0,61000.0,0.000428
2026-06-07 02:15:00,61000.0,61000.0,61000.0,61000.0,0.000227
2026-06-07 02:30:00,61000.0,61000.0,60746.0,61000.0,0.00183
2026-06-07 02:45:00,61000.0,61000.0,61000.0,61000.0,0.000275
2026-06-07 03:00:00,61000.0,61000.0,61000.0,61000.0,0.001997
2026-06-07 03:15:00,61000.0,61044.4,60746.0,61044.4,0.033472
2026-06-07 03:30:00,61044.4,61044.4,61044.4,61044.4,0.090243
2026-06-07 03:45:00,61044.4,61044.4,61044.4,61044.4,0.000227
2026-06-07 04:00:00,61044.4,61044.4,60746.0,61044.4,1.008565
2026-06-07 04:15:00,61044.4,61044.4,61044.4,61044.4,0.000227
2026-06-07 04:30:00,61044.4,61044.4,61044.4,61044.4,0.000195
2026-06-07 04:45:00,61044.4,61044.4,61044.4,61044.4,0.000227
2026-06-07 05:00:00,61044.4,61044.4,58717.6,58717.6,329.490312
2026-06-07 05:15:00,58717.6,58823.4,58717.6,58823.4,0.000408
2026-06-07 05:30:00,58823.4,58823.4,58717.6,58823.4,0.000714
2026-06-07 05:45:00,58823.4,58823.4,58717.6,58717.6,0.03421
2026-06-07 06:00:00,58717.6,58823.4,58717.6,58717.6,0.000374
2026-06-07 06:15:00,58717.6,58823.4,58717.6,58823.4,0.000289
2026-06-07 06:30:00,58823.4,58823.4,58823.4,58823.4,0.009265
2026-06-07 06:45:00,58823.4,58823.4,58823.4,58823.4,8.5e-05
2026-06-07 07:00:00,58823.4,58974.0,58823.4,58974.0,0.543256
2026-06-07 07:15:00,58974.0,58974.0,58974.0,58974.0,0.000293
2026-06-07 07:30:00,58974.0,58974.0,58974.0,58974.0,1.022311
2026-06-07 07:45:00,58974.0,58974.0,58974.0,58974.0,0.000757
2026-06-07 08:00:00,58974.0,58974.0,58974.0,58974.0,0.002405
2026-06-07 08:15:00,58974.0,58974.0,58974.0,58974.0,0.000299
2026-06-07 08:30:00,58974.0,58974.0,58974.0,58974.0,0.169598
2026-06-07 08:45:00,58974.0,58974.0,58974.0,58974.0,0.000113
2026-06-07 09:00:00,58974.0,58974.0,58974.0,58974.0,8e-05
2026-06-07 09:15:00,58974.0,58974.0,58974.0,58974.0,9.7e-05
2026-06-07 09:30:00,58974.0,58974.0,58974.0,58974.0,0.017004
2026-06-07 09:45:00,58974.0,58974.0,58974.0,58974.0,0.000114
2026-06-07 10:00:00,58974.0,58974.0,58974.0,58974.0,0.001727
2026-06-07 10:15:00,58974.0,58974.0,58974.0,58974.0,6.4e-05
2026-06-07 10:30:00,58974.0,58974.0,58974.0,58974.0,3.2e-05
2026-06-07 10:45:00,58974.0,58974.0,58974.0,58974.0,0.007693
2026-06-07 11:00:00,58974.0,58974.0,58974.0,58974.0,0.000201
2026-06-07 11:15:00,58974.0,58974.0,58974.0,58974.0,9.7e-05
2026-06-07 11:30:00,58974.0,58974.0,58974.0,58974.0,0.008543
2026-06-07 11:45:00,58974.0,58974.0,58974.0,58974.0,0.007403
2026-06-07 12:00:00,58974.0,58974.0,58974.0,58974.0,0.169703
2026-06-07 12:15:00,58974.0,58974.0,58974.0,58974.0,0.00208
2026-06-07 12:30:00,58974.0,58974.0,58717.6,58773.4,0.610996
2026-06-07 12:45:00,58773.4,58974.0,58717.6,58974.0,0.813459
2026-06-07 13:00:00,58974.0,58974.0,58717.6,58974.0,0.716685
2026-06-07 13:15:00,58974.0,58974.0,58717.6,58974.0,0.763217
2026-06-07 13:30:00,58974.0,58974.0,58717.6,58717.6,1.760604
2026-06-07 13:45:00,58717.6,58974.0,58717.6,58974.0,0.749675
2026-06-07 14:00:00,58974.0,58974.0,58717.6,58974.0,1.490805
2026-06-07 14:15:00,58974.0,58974.0,58717.6,58974.0,0.010229
2026-06-07 14:30:00,58974.0,58974.0,58974.0,58974.0,3.2e-05
2026-06-07 14:45:00,58974.0,58974.0,58717.6,58974.0,0.746171
2026-06-07 15:00:00,58974.0,58974.0,58974.0,58974.0,3.2e-05
2026-06-07 15:15:00,58974.0,58974.0,58974.0,58974.0,0.760316
2026-06-07 15:30:00,58974.0,58974.0,58974.0,58974.0,0.001167
2026-06-07 15:45:00,58974.0,58974.0,58974.0,58974.0,0.000402
2026-06-07 16:00:00,58974.0,58974.0,58974.0,58974.0,0.00025
2026-06-07 16:15:00,58974.0,58974.0,58974.0,58974.0,0.004348
2026-06-07 16:30:00,58974.0,58974.0,58974.0,58974.0,4.8e-05
2026-06-07 16:45:00,58974.0,58974.0,58974.0,58974.0,0.060926
2026-06-07 17:00:00,58974.0,64923.6,58974.0,64326.8,1096.297973
2026-06-07 17:15:00,64326.8,64326.8,64326.8,64326.8,0.000215
2026-06-07 17:30:00,64326.8,64326.8,64326.8,64326.8,0.002578
2026-06-07 17:45:00,64326.8,64326.8,64326.8,64326.8,0.000215
2026-06-07 18:00:00,64326.8,64326.8,64028.4,64028.4,0.200185
2026-06-07 18:15:00,64028.4,64326.8,64028.4,64326.8,0.001386
2026-06-07 18:30:00,64326.8,64326.8,64028.4,64028.4,0.009112
2026-06-07 18:45:00,64028.4,64326.8,64028.4,64326.8,0.009418
2026-06-07 19:00:00,64326.8,64326.8,64326.8,64326.8,0.000185
2026-06-07 19:15:00,64326.8,64326.8,64028.4,64326.8,0.004215
2026-06-07 19:30:00,64326.8,64326.8,64028.4,64028.4,0.035162
2026-06-07 19:45:00,64028.4,64326.8,64028.4,64326.8,0.016228
2026-06-07 20:00:00,64326.8,64326.8,64326.8,64326.8,0.00034
2026-06-07 20:15:00,64326.8,64326.8,64326.8,64326.8,0.031275
2026-06-07 20:30:00,64326.8,64326.8,64326.8,64326.8,0.00034
2026-06-07 20:45:00,64326.8,64326.8,64028.4,64326.8,0.000369
2026-06-07 21:00:00,64326.8,64326.8,64326.8,64326.8,0.000278
2026-06-07 21:15:00,64326.8,64326.8,64028.4,64326.8,0.064273
2026-06-07 21:30:00,64326.8,64326.8,64326.8,64326.8,0.000185
2026-06-07 21:45:00,64326.8,64326.8,64326.8,64326.8,0.000215
2026-06-07 22:00:00,64326.8,64326.8,64326.8,64326.8,0.00034
2026-06-07 22:15:00,64326.8,64326.8,64326.8,64326.8,0.000215
2026-06-07 22:30:00,64326.8,64326.8,64326.8,64326.8,0.000495
2026-06-07 22:45:00,64326.8,64326.8,64028.4,64326.8,0.001097
2026-06-07 23:00:00,64326.8,64326.8,64326.8,64326.8,0.01673
2026-06-07 23:15:00,64326.8,64326.8,64028.4,64326.8,0.002664
2026-06-07 23:30:00,64326.8,64326.8,64028.4,64028.4,0.170534
2026-06-07 23:45:00,64028.4,64028.6,64028.4,64028.4,0.830262
2026-06-08 00:00:00,64028.4,64028.5,62685.6,62984.0,181.132548
2026-06-08 00:15:00,62984.0,62984.0,62984.0,62984.0,0.840996
2026-06-08 00:30:00,62984.0,62984.0,62984.0,62984.0,0.843575
2026-06-08 00:45:00,62984.0,62984.0,62984.0,62984.0,0.838524
2026-06-08 01:00:00,62984.0,62984.0,62983.7,62984.0,0.866814
2026-06-08 01:15:00,62984.0,62984.0,62981.1,62981.1,0.842209
2026-06-08 01:30:00,62981.1,62984.0,62979.6,62984.0,0.852158
2026-06-08 01:45:00,62984.0,62984.0,62984.0,62984.0,0.838524
2026-06-08 02:00:00,62984.0,62984.0,62536.4,62541.1,7.680953
2026-06-08 02:15:00,62541.1,62547.3,62541.1,62547.3,0.894556
2026-06-08 02:30:00,62547.3,62555.4,62547.3,62555.4,1.834525
2026-06-08 02:45:00,62555.4,62563.5,62555.4,62563.5,1.033428
2026-06-08 03:00:00,62563.5,62571.6,62563.5,62571.6,0.865902
2026-06-08 03:15:00,62571.6,62577.3,62571.6,62577.3,0.853885
2026-06-08 03:30:00,62577.3,62584.7,62577.3,62584.7,0.853444
2026-06-08 03:45:00,62584.7,62591.7,62584.7,62591.7,0.843897
2026-06-08 04:00:00,62591.7,62597.6,62591.7,62597.6,0.850666
2026-06-08 04:15:00,62597.6,62604.7,62597.6,62604.7,0.850036
2026-06-08 04:30:00,62604.7,62611.8,62604.7,62611.8,0.843709
2026-06-08 04:45:00,62611.8,62618.3,62611.8,62618.3,0.848506
2026-06-08 05:00:00,62618.3,62622.7,62618.3,62620.7,1.238068
2026-06-08 05:15:00,62620.7,62622.4,62620.0,62622.4,0.849985
2026-06-08 05:30:00,62622.4,62623.8,62618.4,62618.4,0.841603
2026-06-08 05:45:00,62618.4,62620.4,62615.9,62620.4,0.861054
2026-06-08 06:00:00,62620.4,62625.3,62620.4,62625.3,1.848137
2026-06-08 06:15:00,62625.3,62632.0,62625.3,62632.0,0.843702
2026-06-08 06:30:00,62632.0,62639.3,62632.0,62639.3,0.856787
2026-06-08 06:45:00,62639.3,62645.0,62639.3,62645.0,0.84319
2026-06-08 07:00:00,62645.0,62650.3,62645.0,62650.3,0.851295
2026-06-08 07:15:00,62650.3,62657.9,62650.3,62657.9,1.128191
2026-06-08 07:30:00,62657.9,62664.6,62657.9,62664.6,2.076215
2026-06-08 07:45:00,62664.6,62670.5,62664.6,62670.5,0.849474
2026-06-08 08:00:00,62670.5,62677.4,62670.5,62677.4,0.878208
2026-06-08 08:15:00,62677.4,62834.8,62536.4,62538.0,11.183652
2026-06-08 08:30:00,62538.0,62544.1,62537.9,62544.1,2.071048
2026-06-08 08:45:00,62544.1,62550.8,62544.0,62550.8,0.85151
2026-06-08 09:00:00,62550.8,62557.8,62550.8,62557.8,0.851442
2026-06-08 09:15:00,62557.8,62567.2,62557.8,62567.2,0.855442
2026-06-08 09:30:00,62567.2,62569.2,60149.2,60447.6,300.313235
2026-06-08 09:45:00,60447.6,60447.6,60447.6,60447.6,0.002526
2026-06-08 10:00:00,60447.6,60447.6,60447.6,60447.6,0.002016
2026-06-08 10:15:00,60447.6,60447.6,60447.6,60447.6,0.000559
2026-06-08 10:30:00,60447.6,60447.6,60149.2,60447.6,0.001867
2026-06-08 10:45:00,60447.6,60447.6,60149.2,60447.6,0.007608
2026-06-08 11:00:00,60447.6,60447.6,60149.2,60447.6,0.009715
2026-06-08 11:15:00,60447.6,60447.6,60447.6,60447.6,0.011038
2026-06-08 11:30:00,60447.6,60447.6,60447.6,60447.6,0.016884
2026-06-08 11:45:00,60447.6,60447.6,60447.6,60447.6,0.000394
2026-06-08 12:00:00,60447.6,60447.6,60149.2,60447.6,0.000412
2026-06-08 12:15:00,60447.6,60447.6,60149.2,60447.6,0.001137
2026-06-08 12:30:00,60447.6,60447.6,60149.2,60447.6,0.001119
2026-06-08 12:45:00,60447.6,60447.6,60447.6,60447.6,6.4e-05
2026-06-08 13:00:00,60447.6,60447.6,60447.6,60447.6,3.2e-05
2026-06-08 13:15:00,60447.6,60447.6,60447.6,60447.6,0.000823
2026-06-08 13:30:00,60447.6,60447.6,60447.6,60447.6,0.000659
2026-06-08 13:45:00,60447.6,60447.6,60447.6,60447.6,0.002064
2026-06-08 14:00:00,60447.6,60447.6,60447.6,60447.6,0.012883
2026-06-08 14:15:00,60447.6,60447.6,60447.6,60447.6,0.001883
2026-06-08 14:30:00,60447.6,60447.6,60447.6,60447.6,3.2e-05
2026-06-08 14:45:00,60447.6,60447.6,60447.6,60447.6,0.000476
2026-06-08 15:00:00,60447.6,60447.6,60447.6,60447.6,0.002548
2026-06-08 15:15:00,60447.6,60447.6,60447.6,60447.6,0.000443
2026-06-08 15:30:00,60447.6,60447.6,60447.6,60447.6,0.000445
2026-06-08 15:45:00,60447.6,60447.6,60447.6,60447.6,0.00213
2026-06-08 16:00:00,60447.6,60447.6,60447.6,60447.6,0.001899
2026-06-08 16:15:00,60447.6,60447.6,60447.6,60447.6,0.000163
2026-06-08 16:30:00,60447.6,60447.6,60447.6,60447.6,0.000495
2026-06-08 16:45:00,60447.6,60447.6,60447.6,60447.6,0.025456
2026-06-08 17:00:00,60447.6,60447.6,60447.6,60447.6,0.000378
2026-06-08 17:15:00,60447.6,60447.6,60447.6,60447.6,0.000146
2026-06-08 17:30:00,60447.6,60447.6,60447.6,60447.6,0.00243
2026-06-08 17:45:00,60447.6,60447.6,60447.6,60447.6,0.013822
2026-06-08 18:00:00,60447.6,60447.6,60447.6,60447.6,0.002052
2026-06-08 18:15:00,60447.6,60447.6,60447.6,60447.6,0.001492
2026-06-08 18:30:00,60447.6,60447.6,60447.6,60447.6,0.008586
2026-06-08 18:45:00,60447.6,60447.6,60447.6,60447.6,0.00056
2026-06-08 19:00:00,60447.6,60447.6,60447.6,60447.6,0.00048
2026-06-08 19:15:00,60447.6,60447.6,60447.6,60447.6,0.003064
2026-06-08 19:30:00,60447.6,60447.6,60447.6,60447.6,0.007381
2026-06-08 19:45:00,60447.6,60447.6,60447.6,60447.6,0.000736
2026-06-08 20:00:00,60447.6,60447.6,60447.6,60447.6,0.001412
2026-06-08 20:15:00,60447.6,60447.6,60188.4,60447.6,0.000164
2026-06-08 20:30:00,60447.6,60447.6,60188.4,60447.6,0.002068
2026-06-08 20:45:00,60447.6,60447.6,60387.2,60387.2,0.000182
2026-06-08 21:00:00,60387.2,60387.2,60326.8,60326.8,0.000149
2026-06-08 21:15:00,60326.8,60447.6,60326.8,60447.6,0.005323
2026-06-08 21:30:00,60447.6,60447.6,60447.6,60447.6,0.000149
2026-06-08 21:45:00,60447.6,60447.6,60447.6,60447.6,0.000891
2026-06-08 22:00:00,60447.6,60447.6,60447.6,60447.6,0.033711
2026-06-08 22:15:00,60447.6,60447.6,60447.6,60447.6,0.026598
2026-06-08 22:30:00,60447.6,60447.6,60149.2,60149.2,0.023816
2026-06-08 22:45:00,60149.2,60447.6,60149.2,60447.6,0.000282
2026-06-08 23:00:00,60447.6,60447.6,60447.6,60447.6,0.00015
2026-06-08 23:15:00,60447.6,60447.6,60149.2,60447.6,0.003439
2026-06-08 23:30:00,60447.6,60447.6,60149.2,60447.6,0.001197
2026-06-08 23:45:00,60447.6,60447.6,60149.2,60149.2,0.001766
2026-06-09 00:00:00,60149.2,63133.2,60149.2,63133.2,385.136331
2026-06-09 00:15:00,63133.2,63133.2,63133.2,63133.2,0.000263
2026-06-09 00:30:00,63133.2,63133.2,63133.2,63133.2,0.000203
2026-06-09 00:45:00,63133.2,63133.2,63119.4,63119.4,0.000415
2026-06-09 01:00:00,63119.4,63133.2,62834.8,63133.2,0.100237
2026-06-09 01:15:00,63133.2,63133.2,63023.3,63133.2,0.003564
2026-06-09 01:30:00,63133.2,63133.2,62834.8,63133.2,0.019425
2026-06-09 01:45:00,63133.2,63133.2,63023.3,63133.2,0.024646
2026-06-09 02:00:00,63133.2,63133.2,63023.3,63133.2,0.046226
2026-06-09 02:15:00,63133.2,63133.2,60895.2,61193.6,300.083189
2026-06-09 02:30:00,61193.6,61193.6,61193.6,61193.6,3.2e-05
2026-06-09 02:45:00,61193.6,61193.6,61193.6,61193.6,0.000112
2026-06-09 03:00:00,61193.6,61193.6,61193.6,61193.6,0.443099
2026-06-09 03:15:00,61193.6,61193.6,61193.6,61193.6,0.866618
2026-06-09 03:30:00,61193.6,61193.6,61193.6,61193.6,1.029229
2026-06-09 03:45:00,61193.6,61193.6,61193.4,61193.6,0.872992
2026-06-09 04:00:00,61193.6,61193.6,61193.5,61193.6,0.875233
2026-06-09 04:15:00,61193.6,61193.6,61193.5,61193.6,0.863223
2026-06-09 04:30:00,61193.6,61193.6,61193.1,61193.6,2.960771
2026-06-09 04:45:00,61193.6,61193.6,61193.3,61193.6,2.724963
2026-06-09 05:00:00,61193.6,61193.6,60895.2,61193.6,2.7184
2026-06-09 05:15:00,61193.6,61193.6,61193.3,61193.6,1.792451
2026-06-09 05:30:00,61193.6,61193.6,61193.6,61193.6,0.863581
2026-06-09 05:45:00,61193.6,61193.6,61193.5,61193.6,0.885252
2026-06-09 06:00:00,61193.6,61193.6,61193.3,61193.6,0.865386
2026-06-09 06:15:00,61193.6,61193.6,61193.3,61193.6,3.640494
2026-06-09 06:30:00,61193.6,61193.6,60895.2,61193.6,0.752704
2026-06-09 06:45:00,61193.6,61193.6,60895.2,61193.6,0.21642
2026-06-09 07:00:00,61193.6,61193.6,60895.2,61193.6,3.033701
2026-06-09 07:15:00,61193.6,61193.6,60895.2,61193.6,0.194397
2026-06-09 07:30:00,61193.6,61193.6,60895.2,60895.2,1.098718
2026-06-09 07:45:00,60895.2,61193.6,60895.2,61193.6,0.001373
2026-06-09 08:00:00,61193.6,61193.6,60895.2,61193.6,2.067049
2026-06-09 08:15:00,61193.6,61193.6,60895.2,60895.2,0.514863
2026-06-09 08:30:00,60895.2,61193.6,60895.2,60895.2,0.011619
2026-06-09 08:45:00,60895.2,61193.6,60895.2,61193.6,0.0016
2026-06-09 09:00:00,61193.6,61193.6,60895.2,60895.2,0.000982
2026-06-09 09:15:00,60895.2,61193.6,60746.0,61044.4,3.000315
2026-06-09 09:30:00,61044.4,61044.4,60746.0,61044.4,0.018925
2026-06-09 09:45:00,61044.4,61044.4,60746.0,60746.0,4.105058
2026-06-09 10:00:00,60746.0,61044.4,60746.0,61044.4,0.187857
2026-06-09 10:15:00,61044.4,61044.4,60746.0,61044.4,1.235636
2026-06-09 10:30:00,61044.4,61044.4,60746.0,61044.4,2.131508
2026-06-09 10:45:00,61044.4,61044.4,60746.0,61044.4,0.012331
2026-06-09 11:00:00,61044.4,61044.4,60746.0,61044.4,0.019936
2026-06-09 11:15:00,61044.4,61044.4,61044.4,61044.4,0.001898
2026-06-09 11:30:00,61044.4,61044.4,60746.0,61044.4,0.972132
2026-06-09 11:45:00,61044.4,61044.4,60746.0,61044.4,0.001491
2026-06-09 12:00:00,61044.4,61044.4,60746.0,61044.4,0.00491
2026-06-09 12:15:00,61044.4,61044.4,60746.0,61044.4,0.003421
2026-06-09 12:30:00,61044.4,61044.4,60788.7,61044.4,0.008405
2026-06-09 12:45:00,61044.4,61044.4,60788.7,61044.4,0.000164
2026-06-09 13:00:00,61044.4,61044.4,60788.7,61044.4,0.000378
2026-06-09 13:15:00,61044.4,61044.4,60788.7,61044.4,0.100495
2026-06-09 13:30:00,61044.4,61044.4,60746.0,60746.0,1.183528
2026-06-09 13:45:00,60746.0,61044.4,60746.0,60746.0,0.070228
2026-06-09 14:00:00,60746.0,61044.4,60746.0,61044.4,0.048789
2026-06-09 14:15:00,61044.4,61044.4,60746.0,61044.4,1.176031
2026-06-09 14:30:00,61044.4,61044.4,60746.0,60746.0,1.054579
2026-06-09 14:45:00,60746.0,61044.4,60746.0,61044.4,0.005075
2026-06-09 15:00:00,61044.4,61044.4,60746.0,61044.4,6.548755
2026-06-09 15:15:00,61044.4,61044.4,60746.0,61044.4,1.00334
2026-06-09 15:30:00,61044.4,61044.4,60746.0,60746.0,0.007552
2026-06-09 15:45:00,60746.0,61044.4,60746.0,61044.4,0.001309
2026-06-09 16:00:00,61044.4,61044.4,60746.0,60746.0,1.157817
2026-06-09 16:15:00,60746.0,61044.4,60746.0,61044.4,0.124763
2026-06-09 16:30:00,61044.4,61044.4,61044.4,61044.4,0.000187
2026-06-09 16:45:00,61044.4,61044.4,61044.4,61044.4,1.041872
2026-06-09 17:00:00,61044.4,61044.4,61044.4,61044.4,0.000952
2026-06-09 17:15:00,61044.4,61044.4,60746.0,61044.4,1.043984
2026-06-09 17:30:00,61044.4,61044.4,61000.0,61044.4,1.035282
2026-06-09 17:45:00,61044.4,61044.4,60746.0,61044.4,0.009188
2026-06-09 18:00:00,61044.4,61044.4,60746.0,60861.3,0.004946
2026-06-09 18:15:00,60861.3,61044.4,60746.0,60952.4,0.014869
2026-06-09 18:30:00,60952.4,61044.4,60746.0,61044.4,0.017479
2026-06-09 18:45:00,61044.4,61044.4,61044.4,61044.4,0.000312
2026-06-09 19:00:00,61044.4,61044.4,60923.5,60923.5,0.000686
2026-06-09 19:15:00,60923.5,61044.4,60746.0,61044.4,2.1002
2026-06-09 19:30:00,61044.4,61044.4,60746.0,60746.0,0.014803
2026-06-09 19:45:00,60746.0,61044.4,60746.0,60746.0,0.011001
2026-06-09 20:00:00,60746.0,61044.4,60746.0,60746.0,0.005128
2026-06-09 20:15:00,60746.0,61044.4,60746.0,60746.0,0.006713
2026-06-09 20:30:00,60746.0,61044.4,60746.0,61044.4,0.000132
2026-06-09 20:45:00,61044.4,61044.4,61044.4,61044.4,0.000184
2026-06-09 21:00:00,61044.4,61044.4,60921.1,60921.8,0.007039
2026-06-09 21:15:00,60921.8,61044.4,60746.0,61044.4,1.031099
2026-06-09 21:30:00,61044.4,61044.4,61044.4,61044.4,1.021557
2026-06-09 21:45:00,61044.4,61044.4,61000.0,61044.4,0.000883
2026-06-09 22:00:00,61044.4,61044.4,60746.0,61044.4,0.094736
2026-06-09 22:15:00,61044.4,61044.4,61044.4,61044.4,0.012977
2026-06-09 22:30:00,61044.4,61044.4,60746.0,61044.4,0.005883
2026-06-09 22:45:00,61044.4,61044.4,61044.4,61044.4,0.004243
2026-06-09 23:00:00,61044.4,61044.4,61044.4,61044.4,0.003429
2026-06-09 23:15:00,61044.4,61044.4,60746.0,60746.0,0.005934
2026-06-09 23:30:00,60746.0,61044.4,60746.0,60746.0,1.038555
2026-06-09 23:45:00,60746.0,61044.4,60746.0,61044.4,0.000983
2026-06-10 00:00:00,61044.4,61790.4,61044.4,61790.4,89.847023
2026-06-10 00:15:00,61790.4,61790.4,61790.4,61790.4,1.603082
2026-06-10 00:30:00,61790.4,61790.4,61790.4,61790.4,1.59951
2026-06-10 00:45:00,61790.4,61790.4,61492.0,61790.4,1.624126
2026-06-10 01:00:00,61790.4,61790.4,61790.4,61790.4,1.735275
2026-06-10 01:15:00,61790.4,61847.5,61492.0,61847.5,4.705249
2026-06-10 01:30:00,61847.5,61939.6,61847.5,61939.6,0.000193
2026-06-10 01:45:00,61939.6,61939.6,61939.6,61939.6,0.001839
2026-06-10 02:00:00,61939.6,61939.6,61641.2,61939.6,0.000426
2026-06-10 02:15:00,61939.6,61939.6,61939.6,61939.6,0.020225
2026-06-10 02:30:00,61939.6,61939.6,61666.8,61851.8,0.022876
2026-06-10 02:45:00,61851.8,61939.6,61851.8,61939.6,0.008343
2026-06-10 03:00:00,61939.6,61939.6,61939.6,61939.6,1.010155
2026-06-10 03:15:00,61939.6,61939.6,61939.6,61939.6,0.006835
2026-06-10 03:30:00,61939.6,61939.6,61939.6,61939.6,0.009941
2026-06-10 03:45:00,61939.6,61939.6,61641.2,61939.6,0.056097
2026-06-10 04:00:00,61939.6,61939.6,61939.6,61939.6,0.001984
2026-06-10 04:15:00,61939.6,61939.6,61939.6,61939.6,0.000225
2026-06-10 04:30:00,61939.6,61939.6,61641.2,61939.6,1.007034
2026-06-10 04:45:00,61939.6,61939.6,61939.6,61939.6,0.000225
2026-06-10 05:00:00,61939.6,61939.6,61939.6,61939.6,0.001807
2026-06-10 05:15:00,61939.6,61939.6,61641.2,61939.6,1.000713
2026-06-10 05:30:00,61939.6,61939.6,61939.6,61939.6,0.001807
2026-06-10 05:45:00,61939.6,61939.6,61939.6,61939.6,0.017999
2026-06-10 06:00:00,61939.6,61939.6,61641.2,61641.2,0.000423
2026-06-10 06:15:00,61641.2,61939.6,61641.2,61641.2,0.167719
2026-06-10 06:30:00,61641.2,61641.4,61641.2,61641.2,0.821629
2026-06-10 06:45:00,61641.2,61641.5,61641.2,61641.2,0.990731
2026-06-10 07:00:00,61641.2,61641.4,61641.2,61641.2,0.862243
2026-06-10 07:15:00,61641.2,61644.3,61641.2,61643.5,0.863871
2026-06-10 07:30:00,61643.5,61645.4,61642.2,61645.4,1.859868
2026-06-10 07:45:00,61645.4,61652.5,61645.4,61652.5,0.864998
2026-06-10 08:00:00,61652.5,61653.2,61641.2,61641.2,1.862352
2026-06-10 08:15:00,61641.2,61642.6,61641.2,61641.2,3.805237
2026-06-10 08:30:00,61641.2,61641.4,61641.2,61641.2,1.034627
2026-06-10 08:45:00,61641.2,61641.3,61641.2,61641.2,0.973094
2026-06-10 09:00:00,61641.2,61641.5,61641.2,61641.2,0.916962
2026-06-10 09:15:00,61641.2,61641.3,61641.2,61641.2,0.856688
2026-06-10 09:30:00,61641.2,61641.4,61641.2,61641.2,0.879902
2026-06-10 09:45:00,61641.2,61641.4,61641.2,61641.2,0.866704
2026-06-10 10:00:00,61641.2,61641.4,61641.2,61641.2,0.864751
2026-06-10 10:15:00,61641.2,61641.5,61641.2,61641.2,0.856656
2026-06-10 10:30:00,61641.2,61641.3,61641.2,61641.2,0.87618
2026-06-10 10:45:00,61641.2,61641.5,61641.2,61641.2,0.897845
2026-06-10 11:00:00,61641.2,61641.5,61641.2,61641.2,0.856786
2026-06-10 11:15:00,61641.2,61641.4,61641.2,61641.2,0.645162
2026-06-10 11:30:00,61641.2,61641.5,61641.2,61641.2,0.112005
2026-06-10 11:45:00,61641.2,61641.6,61641.2,61641.2,0.162426
2026-06-10 12:00:00,61641.2,61641.4,61641.2,61641.2,0.107917
2026-06-10 12:15:00,61641.2,61641.3,61641.2,61641.2,0.161532
2026-06-10 12:30:00,61641.2,61642.1,61641.2,61642.1,0.151807
2026-06-10 12:45:00,61642.1,61645.8,61642.0,61644.7,0.822368
2026-06-10 13:00:00,61644.7,61644.7,61641.2,61641.3,1.35674
2026-06-10 13:15:00,61641.3,61641.6,61641.2,61641.3,2.085969
2026-06-10 13:30:00,61641.3,61645.9,61641.2,61645.9,1.858514
2026-06-10 13:45:00,61645.9,61652.4,61645.9,61652.4,0.862604
2026-06-10 14:00:00,61652.4,61659.6,61652.4,61659.6,1.498807
2026-06-10 14:15:00,61659.6,61666.5,61659.6,61666.5,0.859677
2026-06-10 14:30:00,61666.5,61673.5,61666.5,61673.5,0.863249
2026-06-10 14:45:00,61673.5,61679.3,61673.5,61679.3,0.85626
2026-06-10 15:00:00,61679.3,61686.1,61679.3,61686.1,0.8631
2026-06-10 15:15:00,61686.1,61939.6,61686.1,61939.6,5.709014
2026-06-10 15:30:00,61939.6,61939.6,61939.3,61939.6,4.04704
2026-06-10 15:45:00,61939.6,61939.6,61939.3,61939.6,2.358473
2026-06-10 16:00:00,61939.6,61939.6,61939.0,61939.6,4.878491
2026-06-10 16:15:00,61939.6,61939.6,61939.3,61939.6,3.35951
2026-06-10 16:30:00,61939.6,61939.6,61939.5,61939.6,0.866713
2026-06-10 16:45:00,61939.6,61939.6,61939.5,61939.6,0.852769
2026-06-10 17:00:00,61939.6,61939.6,61939.6,61939.6,0.857597
2026-06-10 17:15:00,61939.6,61939.6,61939.5,61939.5,0.852832
2026-06-10 17:30:00,61939.5,61939.6,61933.1,61933.1,0.853773
2026-06-10 17:45:00,61933.1,61933.1,61930.3,61931.7,0.857825
2026-06-10 18:00:00,61931.7,61939.0,61931.7,61939.0,0.87717
2026-06-10 18:15:00,61939.0,61939.5,61935.4,61935.8,0.860863
2026-06-10 18:30:00,61935.8,61936.7,61931.2,61931.2,0.863179
2026-06-10 18:45:00,61931.2,61931.2,61925.7,61925.7,0.861267
2026-06-10 19:00:00,61925.7,61925.7,61922.5,61922.5,0.854513
2026-06-10 19:15:00,61922.5,61922.5,61916.0,61916.0,0.858555
2026-06-10 19:30:00,61916.0,61917.5,61913.6,61917.3,0.873964
2026-06-10 19:45:00,61917.3,61924.0,61917.3,61924.0,0.860795
2026-06-10 20:00:00,61924.0,61924.0,61917.7,61917.7,0.853805
2026-06-10 20:15:00,61917.7,61920.0,61915.9,61915.9,2.582131
2026-06-10 20:30:00,61915.9,61915.9,61910.4,61910.4,0.934506
2026-06-10 20:45:00,61910.4,61910.4,61903.6,61903.6,0.893556
2026-06-10 21:00:00,61903.6,61903.6,61896.5,61896.5,0.856337
2026-06-10 21:15:00,61896.5,61896.5,61889.8,61889.8,1.911983
2026-06-10 21:30:00,61889.8,61889.8,61882.6,61882.6,0.814756
2026-06-10 21:45:00,61882.6,61882.6,61875.2,61875.2,0.85345
2026-06-10 22:00:00,61875.2,61875.2,61869.2,61869.2,0.858305
2026-06-10 22:15:00,61869.2,61869.2,61862.6,61862.6,0.861116
2026-06-10 22:30:00,61862.6,61862.6,61855.4,61855.4,0.859169
2026-06-10 22:45:00,61855.4,61855.4,61849.8,61849.8,0.857975
2026-06-10 23:00:00,61849.8,61849.8,61843.7,61843.7,0.858659
2026-06-10 23:15:00,61843.7,61843.7,61837.0,61837.0,0.891318
2026-06-10 23:30:00,61837.0,61837.0,61830.6,61830.6,0.856306
2026-06-10 23:45:00,61830.6,61830.6,61824.9,61825.0,0.869744
2026-06-11 00:00:00,61825.0,61825.0,61024.1,61193.6,93.664128
2026-06-11 00:15:00,61193.6,61193.6,61193.5,61193.6,0.868527
2026-06-11 00:30:00,61193.6,61193.6,61193.5,61193.6,0.863302
2026-06-11 00:45:00,61193.6,61193.6,61193.5,61193.6,0.867026
2026-06-11 01:00:00,61193.6,61193.6,61193.5,61193.6,0.877374
2026-06-11 01:15:00,61193.6,61193.6,61193.5,61193.6,0.863582
2026-06-11 01:30:00,61193.6,61193.6,61193.5,61193.6,0.868203
2026-06-11 01:45:00,61193.6,61193.6,61193.5,61193.6,0.868569
2026-06-11 02:00:00,61193.6,61193.6,61193.3,61193.6,0.911937
2026-06-11 02:15:00,61193.6,61193.6,61193.5,61193.6,0.936601
2026-06-11 02:30:00,61193.6,61193.6,61193.5,61193.6,0.87199
2026-06-11 02:45:00,61193.6,61193.6,61193.5,61193.6,0.952223
2026-06-11 03:00:00,61193.6,61193.6,61193.5,61193.6,0.877161
2026-06-11 03:15:00,61193.6,61193.6,61193.5,61193.6,0.869869
2026-06-11 03:30:00,61193.6,61193.6,61193.5,61193.6,0.86384
2026-06-11 03:45:00,61193.6,61193.6,61193.5,61193.6,0.868235
2026-06-11 04:00:00,61193.6,61193.6,61193.5,61193.6,0.945184
2026-06-11 04:15:00,61193.6,61193.6,61193.5,61193.6,0.863092
2026-06-11 04:30:00,61193.6,61193.6,61193.1,61193.2,0.886094
2026-06-11 04:45:00,61193.2,61193.6,61192.3,61193.6,0.954168
2026-06-11 05:00:00,61193.6,61193.6,61192.4,61193.6,0.960461
2026-06-11 05:15:00,61193.6,61193.6,61192.0,61193.6,0.96101
2026-06-11 05:30:00,61193.6,61193.6,61193.4,61193.6,0.894117
2026-06-11 05:45:00,61193.6,61193.6,61193.5,61193.6,0.880509
2026-06-11 06:00:00,61193.6,61193.6,61193.5,61193.6,1.159745
2026-06-11 06:15:00,61193.6,61193.6,61193.5,61193.6,1.162587
2026-06-11 06:30:00,61193.6,61199.4,61193.5,61199.4,0.866299
2026-06-11 06:45:00,61199.4,61206.7,61199.4,61206.7,0.872075
2026-06-11 07:00:00,61206.7,61212.8,61206.7,61212.8,0.873096
2026-06-11 07:15:00,61212.8,61218.4,61212.8,61218.4,0.914008
2026-06-11 07:30:00,61218.4,61225.4,61218.4,61225.4,0.883771
2026-06-11 07:45:00,61225.4,61232.8,61225.4,61232.8,0.970156
2026-06-11 08:00:00,61232.8,61238.5,61232.8,61238.5,1.312358
2026-06-11 08:15:00,61238.5,61245.7,61238.5,61245.7,3.326994
2026-06-11 08:30:00,61245.7,61342.8,61245.7,61342.8,6.75726
2026-06-11 08:45:00,61342.8,61342.8,61342.6,61342.8,0.862526
2026-06-11 09:00:00,61342.8,61342.8,61342.8,61342.8,0.870154
2026-06-11 09:15:00,61342.8,61342.8,61342.6,61342.8,0.964498
2026-06-11 09:30:00,61342.8,61342.8,61342.8,61342.8,0.882056
2026-06-11 09:45:00,61342.8,61342.8,61342.7,61342.8,0.907593
2026-06-11 10:00:00,61342.8,61342.8,61342.6,61342.8,0.973494
2026-06-11 10:15:00,61342.8,61342.8,61342.8,61342.8,0.870139
2026-06-11 10:30:00,61342.8,61342.8,61342.7,61342.8,0.869811
2026-06-11 10:45:00,61342.8,61342.8,61342.8,61342.8,0.876366
2026-06-11 11:00:00,61342.8,61342.8,61341.9,61342.8,4.316529
2026-06-11 11:15:00,61342.8,61492.0,61044.4,61492.0,36.423625
2026-06-11 11:30:00,61492.0,61492.0,61193.6,61492.0,39.265248
2026-06-11 11:45:00,61492.0,61492.0,61492.0,61492.0,0.864525
2026-06-11 12:00:00,61492.0,61492.0,61491.8,61492.0,0.881734
2026-06-11 12:15:00,61492.0,61492.0,61491.9,61492.0,0.878232
2026-06-11 12:30:00,61492.0,61492.0,61491.9,61492.0,0.860072
2026-06-11 12:45:00,61492.0,61492.0,61491.7,61492.0,0.86462
2026-06-11 13:00:00,61492.0,61492.0,61492.0,61492.0,0.860064
2026-06-11 13:15:00,61492.0,61492.0,61491.9,61492.0,0.860866
2026-06-11 13:30:00,61492.0,61641.2,61193.6,61641.2,19.912259
2026-06-11 13:45:00,61641.2,61641.2,61641.1,61641.2,0.85879
2026-06-11 14:00:00,61641.2,61641.2,61641.1,61641.2,0.862658
2026-06-11 14:15:00,61641.2,61641.2,61641.2,61641.2,0.856818
2026-06-11 14:30:00,61641.2,61641.2,61641.0,61641.2,0.865545
2026-06-11 14:45:00,61641.2,61641.2,61641.1,61641.2,0.857628
2026-06-11 15:00:00,61641.2,61641.2,61641.0,61641.2,0.89556
2026-06-11 15:15:00,61641.2,61641.2,61640.8,61641.2,1.981163
2026-06-11 15:30:00,61641.2,61641.2,61641.0,61641.2,0.858231
2026-06-11 15:45:00,61641.2,61641.2,61641.0,61641.2,0.872395
2026-06-11 16:00:00,61641.2,61641.2,61641.2,61641.2,0.856996
2026-06-11 16:15:00,61641.2,61641.2,61641.2,61641.2,0.861685
2026-06-11 16:30:00,61641.2,61641.2,61641.1,61641.2,0.857449
2026-06-11 16:45:00,61641.2,61641.2,61641.2,61641.2,0.861766
2026-06-11 17:00:00,61641.2,61641.2,61640.9,61641.2,0.857128
2026-06-11 17:15:00,61641.2,61641.2,61641.2,61641.2,0.861685
2026-06-11 17:30:00,61641.2,61641.2,61641.2,61641.2,0.857028
2026-06-11 17:45:00,61641.2,61641.2,61641.1,61641.2,1.025894
2026-06-11 18:00:00,61641.2,61641.2,61641.2,61641.2,0.937086
2026-06-11 18:15:00,61641.2,61641.2,61641.2,61641.2,0.923246
2026-06-11 18:30:00,61641.2,61641.2,61641.1,61641.2,0.875739
2026-06-11 18:45:00,61641.2,61641.2,61641.0,61641.2,1.109159
2026-06-11 19:00:00,61641.2,61641.2,61641.2,61641.2,0.862461
2026-06-11 19:15:00,61641.2,61641.2,61641.1,61641.2,0.859917
2026-06-11 19:30:00,61641.2,61641.2,61641.1,61641.2,0.869884
2026-06-11 19:45:00,61641.2,61648.0,61641.2,61648.0,0.858135
2026-06-11 20:00:00,61648.0,61653.7,61648.0,61653.7,0.861609
2026-06-11 20:15:00,61653.7,61660.1,61653.7,61660.1,0.856642
2026-06-11 20:30:00,61660.1,61666.3,61660.1,61666.3,0.861731
2026-06-11 20:45:00,61666.3,61674.2,61666.2,61674.2,0.856821
2026-06-11 21:00:00,61674.2,61680.2,61674.2,61680.2,0.900259
2026-06-11 21:15:00,61680.2,61688.2,61680.2,61688.2,0.863154
2026-06-11 21:30:00,61688.2,61694.8,61688.2,61694.8,0.85613
2026-06-11 21:45:00,61694.8,61701.6,61694.8,61701.6,0.860977
2026-06-11 22:00:00,61701.6,61707.4,61701.6,61707.4,0.859432
2026-06-11 22:15:00,61707.4,61715.0,61707.4,61715.0,0.8608
2026-06-11 22:30:00,61715.0,61722.2,61715.0,61722.2,0.855907
2026-06-11 22:45:00,61722.2,61728.8,61722.2,61728.8,0.860602
2026-06-11 23:00:00,61728.8,61736.3,61728.8,61736.3,1.855553
2026-06-11 23:15:00,61736.3,61741.6,61736.3,61741.6,0.85572
2026-06-11 23:30:00,61741.6,61749.2,61741.6,61749.2,0.862558
2026-06-11 23:45:00,61749.2,61755.8,61749.2,61755.8,1.250537
2026-06-12 00:00:00,61755.8,63659.9,61755.8,63659.9,268.446288
2026-06-12 00:15:00,63659.9,63660.7,63659.9,63660.6,0.830055
2026-06-12 00:30:00,63660.6,63664.9,63660.6,63664.8,0.836508
2026-06-12 00:45:00,63664.8,63670.0,63664.8,63669.9,0.829591
2026-06-12 01:00:00,63669.9,63670.0,63431.6,63664.0,1.232734
2026-06-12 01:15:00,63664.0,63664.0,63658.5,63658.5,0.831275
2026-06-12 01:30:00,63658.5,63658.5,63651.1,63651.1,0.845433
2026-06-12 01:45:00,63651.1,63651.1,63644.5,63644.5,0.836559
2026-06-12 02:00:00,63644.5,63644.5,63639.8,63642.8,0.83143
2026-06-12 02:15:00,63642.8,63643.7,63638.6,63638.6,0.834444
2026-06-12 02:30:00,63638.6,63638.6,63632.0,63632.1,0.831598
2026-06-12 02:45:00,63632.1,63632.3,63625.5,63625.6,0.832499
2026-06-12 03:00:00,63625.6,63626.7,63620.4,63620.4,0.860684
2026-06-12 03:15:00,63620.4,63620.4,63613.9,63613.9,0.84199
2026-06-12 03:30:00,63613.9,63613.9,63607.9,63607.9,0.835113
2026-06-12 03:45:00,63607.9,63607.9,63599.3,63599.3,0.830425
2026-06-12 04:00:00,63599.3,63599.3,63592.5,63592.5,0.838353
2026-06-12 04:15:00,63592.5,63599.0,63591.9,63599.0,1.221964
2026-06-12 04:30:00,63599.0,63606.9,63599.0,63606.9,0.835111
2026-06-12 04:45:00,63606.9,63615.4,63606.9,63615.4,0.830386
2026-06-12 05:00:00,63615.4,63618.9,63614.8,63614.8,1.22317
2026-06-12 05:15:00,63614.8,63614.9,63608.3,63608.3,0.837114
2026-06-12 05:30:00,63608.3,63608.3,63600.0,63600.0,0.830379
2026-06-12 05:45:00,63600.0,63600.1,63592.8,63592.8,0.851386
2026-06-12 06:00:00,63592.8,63592.8,63586.6,63586.6,0.830712
2026-06-12 06:15:00,63586.6,63586.7,63581.4,63581.4,0.899666
2026-06-12 06:30:00,63581.4,63581.5,63576.5,63576.5,1.212505
2026-06-12 06:45:00,63576.5,63576.5,63570.3,63570.3,0.831072
2026-06-12 07:00:00,63570.3,63570.3,63431.6,63431.6,1.846711
2026-06-12 07:15:00,63431.6,63431.7,63431.6,63431.6,1.33764
2026-06-12 07:30:00,63431.6,63432.2,63431.6,63431.6,1.396016
2026-06-12 07:45:00,63431.6,63431.7,63431.6,63431.6,0.847642
2026-06-12 08:00:00,63431.6,63431.8,63431.6,63431.6,0.791673
2026-06-12 08:15:00,63431.6,63435.7,63431.6,63435.7,0.838021
2026-06-12 08:30:00,63435.7,63441.5,63435.7,63439.5,0.992308
2026-06-12 08:45:00,63439.5,63440.4,63436.6,63440.4,0.837374
2026-06-12 09:00:00,63440.4,63446.3,63440.4,63446.3,0.832992
2026-06-12 09:15:00,63446.3,63453.4,63446.3,63453.4,0.832497
2026-06-12 09:30:00,63453.4,63459.5,63453.4,63459.5,0.856116
2026-06-12 09:45:00,63459.5,63465.8,63459.5,63465.8,0.832374
2026-06-12 10:00:00,63465.8,63472.5,63465.8,63472.5,0.838456
2026-06-12 10:15:00,63472.5,63478.2,63472.5,63478.2,0.8684
2026-06-12 10:30:00,63478.2,63483.8,63478.2,63483.8,0.84014
2026-06-12 10:45:00,63483.8,63491.7,63483.8,63491.7,0.875069
2026-06-12 11:00:00,63491.7,63498.7,63491.7,63498.7,0.83668
2026-06-12 11:15:00,63498.7,63505.3,63498.7,63505.3,0.831848
2026-06-12 11:30:00,63505.3,63511.2,63505.3,63511.2,0.836655
2026-06-12 11:45:00,63511.2,63518.1,63511.2,63518.1,0.831955
2026-06-12 12:00:00,63518.1,63524.9,63518.1,63524.9,0.833809
2026-06-12 12:15:00,63524.9,63531.1,63524.9,63529.1,0.846158
2026-06-12 12:30:00,63529.1,63529.2,63524.8,63524.8,0.83477
2026-06-12 12:45:00,63524.8,63524.8,63520.7,63520.7,0.842531
2026-06-12 13:00:00,63520.7,63520.7,63512.7,63512.7,0.835178
2026-06-12 13:15:00,63512.7,63513.0,63506.8,63506.8,0.83153
2026-06-12 13:30:00,63506.8,63506.8,63500.4,63500.4,0.843111
2026-06-12 13:45:00,63500.4,63500.4,63493.7,63493.7,0.842995
2026-06-12 14:00:00,63493.7,63493.7,63487.7,63487.7,0.898352
2026-06-12 14:15:00,63487.7,63489.3,63485.3,63487.8,0.833505
2026-06-12 14:30:00,63487.8,63496.4,63487.8,63496.4,0.851559
2026-06-12 14:45:00,63496.4,63501.9,63496.3,63501.9,0.829554
2026-06-12 15:00:00,63501.9,63508.7,63501.7,63508.7,0.838557
2026-06-12 15:15:00,63508.7,63515.6,63508.7,63515.6,1.331484
2026-06-12 15:30:00,63515.6,63522.3,63515.6,63522.3,0.836091
2026-06-12 15:45:00,63522.3,63529.2,63522.3,63529.2,0.958634
2026-06-12 16:00:00,63529.2,63535.7,63529.2,63535.7,0.84053
2026-06-12 16:15:00,63535.7,63542.4,63535.7,63542.4,0.834433
2026-06-12 16:30:00,63542.4,63550.0,63542.4,63550.0,0.835893
2026-06-12 16:45:00,63550.0,63555.3,63550.0,63555.3,0.834259
2026-06-12 17:00:00,63555.3,63563.4,63555.3,63563.4,0.831028
2026-06-12 17:15:00,63563.4,63569.6,63563.4,63569.6,0.835657
2026-06-12 17:30:00,63569.6,63577.7,63569.6,63577.7,0.831647
2026-06-12 17:45:00,63577.7,63584.5,63577.7,63584.5,0.83548
2026-06-12 18:00:00,63584.5,63730.0,63431.6,63433.7,2.991638
2026-06-12 18:15:00,63433.7,63730.8,63433.7,63581.7,48.83445
2026-06-12 18:30:00,63581.7,63590.3,63581.7,63590.3,0.985053
2026-06-12 18:45:00,63590.3,63596.9,63590.3,63596.9,0.831257
2026-06-12 19:00:00,63596.9,63603.4,63596.9,63603.4,0.936801
2026-06-12 19:15:00,63603.4,63611.5,63603.4,63611.5,0.866695
2026-06-12 19:30:00,63611.5,63619.5,63611.5,63619.5,0.860498
2026-06-12 19:45:00,63619.5,63621.7,63619.4,63619.4,0.841053
2026-06-12 20:00:00,63619.4,63621.5,63618.2,63619.2,0.917275
2026-06-12 20:15:00,63619.2,63619.3,63613.5,63613.5,0.930233
2026-06-12 20:30:00,63613.5,63613.5,63607.6,63607.6,0.897809
2026-06-12 20:45:00,63607.6,63607.6,63602.0,63602.0,0.870529
2026-06-12 21:00:00,63602.0,63602.1,63596.8,63597.0,0.934314
2026-06-12 21:15:00,63597.0,63599.0,63595.5,63595.5,0.834371
2026-06-12 21:30:00,63595.5,63595.5,63589.2,63589.2,0.857059
2026-06-12 21:45:00,63589.2,63589.3,63582.4,63582.4,0.914846
2026-06-12 22:00:00,63582.4,63582.4,63579.7,63579.7,0.910502
2026-06-12 22:15:00,63579.7,63580.3,63576.1,63580.3,0.835574
2026-06-12 22:30:00,63580.3,63581.1,63576.2,63576.2,1.058462
2026-06-12 22:45:00,63576.2,63576.6,63569.6,63569.6,1.059137
2026-06-12 23:00:00,63569.6,63569.6,63563.0,63563.0,0.83192
2026-06-12 23:15:00,63563.0,63563.1,63556.9,63556.9,0.837498
2026-06-12 23:30:00,63556.9,63556.9,63550.3,63550.3,0.831665
2026-06-12 23:45:00,63550.3,63551.2,63548.0,63551.2,0.835677
2026-06-13 00:00:00,63551.2,63703.1,63551.2,63697.4,2.919706
2026-06-13 00:15:00,63697.4,63697.4,63690.2,63690.2,0.834057
2026-06-13 00:30:00,63690.2,63690.2,63684.0,63684.0,0.830297
2026-06-13 00:45:00,63684.0,63684.1,63676.1,63676.1,0.834141
2026-06-13 01:00:00,63676.1,63676.2,63670.0,63670.1,0.833011
2026-06-13 01:15:00,63670.1,63670.3,63664.7,63664.7,0.82959
2026-06-13 01:30:00,63664.7,63666.5,63662.7,63666.5,0.824959
2026-06-13 01:45:00,63666.5,63673.6,63666.5,63673.6,0.835044
2026-06-13 02:00:00,63673.6,63680.3,63673.6,63680.3,0.830284
2026-06-13 02:15:00,63680.3,63687.5,63680.3,63687.5,0.834084
2026-06-13 02:30:00,63687.5,63691.9,63687.5,63689.6,0.830108
2026-06-13 02:45:00,63689.6,63689.6,63683.8,63683.8,0.83411
2026-06-13 03:00:00,63683.8,63685.5,63682.5,63685.1,0.852169
2026-06-13 03:15:00,63685.1,63685.2,63678.4,63678.4,0.886789
2026-06-13 03:30:00,63678.4,63678.4,63672.9,63672.9,0.901393
2026-06-13 03:45:00,63672.9,63672.9,63665.4,63665.4,0.8506
2026-06-13 04:00:00,63665.4,63665.5,63658.7,63658.7,0.833314
2026-06-13 04:15:00,63658.7,63658.7,63651.1,63651.1,0.834311
2026-06-13 04:30:00,63651.1,63651.1,63431.6,63432.4,0.830866
2026-06-13 04:45:00,63432.4,63439.9,63432.4,63439.9,0.8423
2026-06-13 05:00:00,63439.9,63446.5,63439.9,63446.5,0.83401
2026-06-13 05:15:00,63446.5,64177.6,63431.6,63436.7,144.850571
2026-06-13 05:30:00,63436.7,63442.0,63436.6,63442.0,0.833293
2026-06-13 05:45:00,63442.0,63445.7,63442.0,63445.7,0.849816
2026-06-13 06:00:00,63445.7,63453.0,63445.7,63453.0,0.838727
2026-06-13 06:15:00,63453.0,63460.4,63453.0,63460.4,0.840371
2026-06-13 06:30:00,63460.4,63468.2,63460.4,63468.2,0.839179
2026-06-13 06:45:00,63468.2,63475.4,63468.2,63475.4,0.837631
2026-06-13 07:00:00,63475.4,63481.6,63475.3,63481.6,0.843984
2026-06-13 07:15:00,63481.6,63486.9,63481.6,63486.9,0.836209
2026-06-13 07:30:00,63486.9,63493.3,63486.9,63493.3,0.840067
2026-06-13 07:45:00,63493.3,63498.9,63493.3,63498.9,0.834917
2026-06-13 08:00:00,63498.9,63507.2,63498.9,63507.2,0.837997
2026-06-13 08:15:00,63507.2,63512.6,63507.2,63512.6,0.831646
2026-06-13 08:30:00,63512.6,63519.6,63512.6,63519.6,0.988971
2026-06-13 08:45:00,63519.6,63526.2,63519.6,63526.2,0.836077
2026-06-13 09:00:00,63526.2,63534.4,63526.2,63534.4,0.831292
2026-06-13 09:15:00,63534.4,63540.1,63534.4,63540.1,0.835885
2026-06-13 09:30:00,63540.1,63546.4,63540.1,63546.4,0.847322
2026-06-13 09:45:00,63546.4,63553.7,63546.4,63553.7,0.835958
2026-06-13 10:00:00,63553.7,63559.6,63553.7,63559.6,0.832508
2026-06-13 10:15:00,63559.6,63565.0,63559.6,63565.0,0.867655
2026-06-13 10:30:00,63565.0,63571.7,63565.0,63571.7,0.832317
2026-06-13 10:45:00,63571.7,63580.1,63571.7,63580.1,0.843999
2026-06-13 11:00:00,63580.1,63587.5,63580.1,63587.5,0.832274
2026-06-13 11:15:00,63587.5,63593.5,63587.5,63593.5,0.840616
2026-06-13 11:30:00,63593.5,63602.5,63593.5,63602.5,0.842774
2026-06-13 11:45:00,63602.5,63608.0,63602.5,63608.0,0.831509
2026-06-13 12:00:00,63608.0,63615.1,63608.0,63615.1,0.838032
2026-06-13 12:15:00,63615.1,63621.8,63615.1,63621.8,0.831662
2026-06-13 12:30:00,63621.8,63730.4,63580.8,63730.4,47.624076
2026-06-13 12:45:00,63730.4,63737.2,63730.4,63737.2,0.828763
2026-06-13 13:00:00,63737.2,63743.5,63737.2,63743.5,0.83334
2026-06-13 13:15:00,63743.5,63750.5,63743.5,63750.5,0.833331
2026-06-13 13:30:00,63750.5,63756.9,63750.5,63756.9,0.844099
2026-06-13 13:45:00,63756.9,63879.2,63756.9,63879.1,3.227467
2026-06-13 14:00:00,63879.1,63879.1,63879.1,63879.1,0.831742
2026-06-13 14:15:00,63879.1,63879.2,63879.1,63879.2,0.826888
2026-06-13 14:30:00,63879.2,63879.2,63879.2,63879.2,0.831555
2026-06-13 14:45:00,63879.2,63879.2,63879.2,63879.2,0.826888
2026-06-13 15:00:00,63879.2,63879.2,63879.2,63879.2,0.831858
2026-06-13 15:15:00,63879.2,63879.2,63879.2,63879.2,0.831585
2026-06-13 15:30:00,63879.2,63879.2,63879.2,63879.2,0.826858
2026-06-13 15:45:00,63879.2,63879.2,63879.2,63879.2,0.831897
2026-06-13 16:00:00,63879.2,63879.2,63878.8,63879.2,0.44075
2026-06-13 16:15:00,63879.2,63879.2,63879.1,63879.2,0.828546
2026-06-13 16:30:00,63879.2,63879.2,63879.2,63879.2,0.833134
2026-06-13 16:45:00,63879.2,63879.2,63879.2,63879.2,0.826888
2026-06-13 17:00:00,63879.2,63879.2,63879.1,63879.2,0.832362
2026-06-13 17:15:00,63879.2,63879.2,63879.2,63879.2,0.826888
2026-06-13 17:30:00,63879.2,63879.2,63879.2,63879.2,0.962225
2026-06-13 17:45:00,63879.2,63879.2,63879.2,63879.2,0.831585
2026-06-13 18:00:00,63879.2,63879.2,63879.2,63879.2,0.826858
2026-06-13 18:15:00,63879.2,63879.2,63879.2,63879.2,0.833695
2026-06-13 18:30:00,63879.2,63879.2,63879.0,63879.2,1.38965
2026-06-13 18:45:00,63879.2,64625.2,63879.2,64620.8,168.390549
2026-06-13 19:00:00,64620.8,64620.8,64615.0,64615.0,1.840533
2026-06-13 19:15:00,64615.0,64615.0,64608.0,64608.0,0.837644
2026-06-13 19:30:00,64608.0,64608.0,64602.0,64602.0,0.825528
2026-06-13 19:45:00,64602.0,64602.0,64593.5,64593.5,0.818443
2026-06-13 20:00:00,64593.5,64593.5,64588.8,64588.8,0.780544
2026-06-13 20:15:00,64588.8,64588.8,64583.4,64583.4,0.821569
2026-06-13 20:30:00,64583.4,64583.4,64576.4,64576.4,0.822833
2026-06-13 20:45:00,64576.4,64576.4,64568.1,64568.1,0.817974
2026-06-13 21:00:00,64568.1,64568.1,64561.7,64561.7,0.777007
2026-06-13 21:15:00,64561.7,64561.7,64555.2,64555.2,0.820162
2026-06-13 21:30:00,64555.2,64555.2,64551.0,64552.8,0.830666
2026-06-13 21:45:00,64552.8,64552.9,64546.4,64546.4,0.819036
2026-06-13 22:00:00,64546.4,64546.4,64539.0,64539.0,0.831506
2026-06-13 22:15:00,64539.0,64539.0,64531.6,64531.6,0.819212
2026-06-13 22:30:00,64531.6,64531.6,64524.5,64524.5,0.827828
2026-06-13 22:45:00,64524.5,64524.5,64518.0,64518.0,0.824038
2026-06-13 23:00:00,64518.0,64518.0,64510.2,64510.2,0.820278
2026-06-13 23:15:00,64510.2,64512.8,64509.5,64510.3,0.826421
2026-06-13 23:30:00,64510.3,64510.4,64501.7,64501.7,0.822638
2026-06-13 23:45:00,64501.7,64501.7,64495.5,64495.5,0.823619
2026-06-14 00:00:00,64495.5,64495.5,63879.2,64177.6,77.981207
2026-06-14 00:15:00,64177.6,64177.6,64177.6,64177.6,0.82758
2026-06-14 00:30:00,64177.6,64177.6,64177.6,64177.6,0.822845
2026-06-14 00:45:00,64177.6,64177.6,64177.6,64177.6,0.82286
2026-06-14 01:00:00,64177.6,64177.6,64177.6,64177.6,0.77832
2026-06-14 01:15:00,64177.6,64177.6,64177.4,64177.6,0.829776
2026-06-14 01:30:00,64177.6,64177.6,64177.6,64177.6,0.780755
2026-06-14 01:45:00,64177.6,64177.6,64177.5,64177.6,0.830743
2026-06-14 02:00:00,64177.6,64177.6,64177.6,64177.6,0.827505
2026-06-14 02:15:00,64177.6,64177.6,64177.4,64177.6,0.832614
2026-06-14 02:30:00,64177.6,64177.6,64177.6,64177.6,0.830505
2026-06-14 02:45:00,64177.6,64177.6,64177.6,64177.6,0.822906
2026-06-14 03:00:00,64177.6,64177.6,64177.6,64177.6,0.829218
2026-06-14 03:15:00,64177.6,64177.6,64177.4,64177.6,0.826518
2026-06-14 03:30:00,64177.6,64177.6,64177.5,64177.6,0.829651
2026-06-14 03:45:00,64177.6,64177.6,64177.5,64177.6,0.82496
2026-06-14 04:00:00,64177.6,64177.6,64177.4,64177.6,0.829776
2026-06-14 04:15:00,64177.6,64177.6,64177.5,64177.6,0.82496
2026-06-14 04:30:00,64177.6,64177.6,64177.5,64177.6,0.829605
2026-06-14 04:45:00,64177.6,64177.6,64177.4,64177.6,0.957971
2026-06-14 05:00:00,64177.6,64177.6,64177.5,64177.6,0.829605
2026-06-14 05:15:00,64177.6,64177.6,64177.4,64177.6,1.798705
2026-06-14 05:30:00,64177.6,64177.6,64177.5,64177.6,0.824115
2026-06-14 05:45:00,64177.6,64177.6,64177.4,64177.6,0.844231
2026-06-14 06:00:00,64177.6,64177.6,64177.6,64177.6,0.82283
2026-06-14 06:15:00,64177.6,64177.6,64177.6,64177.6,0.835526
2026-06-14 06:30:00,64177.6,64178.6,64177.6,64178.6,0.8235
2026-06-14 06:45:00,64178.6,64184.3,64178.5,64184.3,0.835573
2026-06-14 07:00:00,64184.3,64192.0,64184.3,64192.0,0.960982
2026-06-14 07:15:00,64192.0,64197.5,64192.0,64197.5,0.828889
2026-06-14 07:30:00,64197.5,64203.9,64197.5,64203.9,0.825873
2026-06-14 07:45:00,64203.9,64210.1,64203.9,64210.1,0.827296
2026-06-14 08:00:00,64210.1,64215.2,64209.9,64215.2,5.542212
2026-06-14 08:15:00,64215.2,64222.4,64215.2,64222.4,0.827019
2026-06-14 08:30:00,64222.4,64229.4,64222.4,64229.4,0.977948
2026-06-14 08:45:00,64229.4,64234.8,64229.4,64234.8,0.8273
2026-06-14 09:00:00,64234.8,64237.3,64028.4,64034.0,1.826719
2026-06-14 09:15:00,64034.0,64039.9,64034.0,64039.9,0.835535
2026-06-14 09:30:00,64039.9,64045.9,64039.8,64045.9,0.853787
2026-06-14 09:45:00,64045.9,65520.4,64045.9,65222.0,173.865108
2026-06-14 10:00:00,65222.0,65222.5,65222.0,65222.0,0.817127
2026-06-14 10:15:00,65222.0,65222.1,65222.0,65222.0,0.815096
2026-06-14 10:30:00,65222.0,65222.0,64923.6,64923.6,47.165099
2026-06-14 10:45:00,64923.6,64923.7,64923.6,64923.6,0.835594
2026-06-14 11:00:00,64923.6,64923.9,64923.6,64923.6,1.827828
2026-06-14 11:15:00,64923.6,64923.8,64923.6,64923.6,0.81954
2026-06-14 11:30:00,64923.6,64923.7,64923.6,64923.6,0.820517
2026-06-14 11:45:00,64923.6,64923.9,64923.6,64923.6,0.817818
2026-06-14 12:00:00,64923.6,64923.8,64923.6,64923.6,0.822101
2026-06-14 12:15:00,64923.6,64924.0,64923.6,64923.6,0.819525
2026-06-14 12:30:00,64923.6,64923.7,64923.6,64923.6,0.81748
2026-06-14 12:45:00,64923.6,64923.8,64923.6,64923.6,0.824131
2026-06-14 13:00:00,64923.6,64923.8,64923.6,64923.6,0.81748
2026-06-14 13:15:00,64923.6,64923.7,64923.6,64923.6,0.8318
2026-06-14 13:30:00,64923.6,64923.7,64923.6,64923.6,0.815671
2026-06-14 13:45:00,64923.6,64923.7,64923.6,64923.6,0.820804
2026-06-14 14:00:00,64923.6,64923.7,64923.6,64923.6,0.819664
2026-06-14 14:15:00,64923.6,64923.7,64923.6,64923.6,0.822131
2026-06-14 14:30:00,64923.6,64923.7,64923.6,64923.6,0.821804
2026-06-14 14:45:00,64923.6,64923.7,64923.6,64923.6,0.824131
2026-06-14 15:00:00,64923.6,64923.7,64923.6,64923.6,0.81548
2026-06-14 15:15:00,64923.6,64923.8,64923.6,64923.6,0.824131
2026-06-14 15:30:00,64923.6,64923.8,64923.6,64923.6,0.82548
2026-06-14 15:45:00,64923.6,64923.9,64923.5,64923.5,0.841818
2026-06-14 16:00:00,64923.5,64923.6,64920.0,64920.0,0.849452
2026-06-14 16:15:00,64920.0,64920.0,64912.9,64912.9,0.814334
2026-06-14 16:30:00,64912.9,64912.9,64906.6,64906.6,0.818309
2026-06-14 16:45:00,64906.6,64906.6,64898.1,64898.1,0.813862
2026-06-14 17:00:00,64898.1,64898.1,64891.2,64891.2,0.913521
2026-06-14 17:15:00,64891.2,64891.2,64884.8,64884.8,0.822259
2026-06-14 17:30:00,64884.8,64884.8,64877.5,64877.5,0.819894
2026-06-14 17:45:00,64877.5,64877.5,64871.2,64871.2,0.815214
2026-06-14 18:00:00,64871.2,64871.2,64864.3,64864.3,0.900442
2026-06-14 18:15:00,64864.3,64864.3,64858.6,64858.6,0.818321
2026-06-14 18:30:00,64858.6,64858.6,64850.9,64850.9,0.82214
2026-06-14 18:45:00,64850.9,64850.9,64845.3,64845.3,0.830652
2026-06-14 19:00:00,64845.3,64845.3,64838.9,64838.9,0.814382
2026-06-14 19:15:00,64838.9,64838.9,64832.9,64832.9,0.848207
2026-06-14 19:30:00,64832.9,64833.0,64827.8,64827.8,0.819558
2026-06-14 19:45:00,64827.8,64827.8,64821.1,64821.1,0.823625
2026-06-14 20:00:00,64821.1,64821.2,64819.6,64819.6,0.355141
2026-06-14 20:15:00,64819.6,64819.7,64819.6,64819.7,6e-05
2026-06-14 20:30:00,64819.7,64819.7,64819.6,64819.6,0.000337
2026-06-14 20:45:00,64819.6,64819.7,64819.6,64819.7,0.00106
2026-06-14 21:00:00,64819.7,64819.7,64819.6,64819.7,0.006801
2026-06-14 21:15:00,64819.7,64819.7,64819.6,64819.7,0.00406
2026-06-14 21:30:00,64819.7,64819.7,64819.6,64819.6,0.04148
2026-06-14 21:45:00,64819.6,64819.7,64819.6,64819.7,0.00806
2026-06-14 22:00:00,64819.7,64819.7,64819.6,64819.7,0.081899
2026-06-14 22:15:00,64819.7,64819.7,64819.6,64819.7,0.00216
2026-06-14 22:30:00,64819.7,64819.7,64819.6,64819.7,0.00213
2026-06-14 22:45:00,64819.7,64819.7,64819.2,64819.7,0.75216
2026-06-14 23:00:00,64819.7,64819.9,64774.4,64819.9,0.954901
2026-06-14 23:15:00,64819.9,64819.9,64774.4,64819.9,0.004147
2026-06-14 23:30:00,64819.9,64820.2,64774.4,64774.4,0.505284
2026-06-14 23:45:00,64774.4,64820.2,64774.4,64820.2,0.001931
2026-06-15 00:00:00,64820.2,65773.5,64774.4,65773.5,105.994196
2026-06-15 00:15:00,65773.5,65773.5,65520.4,65773.5,0.001017
2026-06-15 00:30:00,65773.5,65773.5,65773.5,65773.5,3e-05
2026-06-15 00:45:00,65773.5,65791.75,65773.5,65791.75,6e-05
2026-06-15 01:00:00,65791.75,65818.8,65520.4,65818.8,0.011836
2026-06-15 01:15:00,65818.8,65818.8,65818.8,65818.8,0.000211
2026-06-15 01:30:00,65818.8,65818.8,65818.8,65818.8,0.001181
2026-06-15 01:45:00,65818.8,65818.8,65687.1,65818.8,0.00221
2026-06-15 02:00:00,65818.8,65818.8,65818.8,65818.8,0.032285
2026-06-15 02:15:00,65818.8,65818.8,65520.4,65773.5,0.773398
2026-06-15 02:30:00,65773.5,65773.5,65773.5,65773.5,0.000334
2026-06-15 02:45:00,65773.5,65818.8,65773.5,65818.8,0.000257
2026-06-15 03:00:00,65818.8,65818.8,65520.4,65621.3,0.012736
2026-06-15 03:15:00,65621.3,65818.8,65520.4,65818.8,0.065513
2026-06-15 03:30:00,65818.8,65818.8,65621.3,65818.8,0.004785
2026-06-15 03:45:00,65818.8,65818.8,65520.4,65520.4,0.009378
2026-06-15 04:00:00,65520.4,65818.8,65520.4,65520.4,0.042579
2026-06-15 04:15:00,65520.4,65818.8,65520.4,65818.8,0.001135
2026-06-15 04:30:00,65818.8,65818.8,65818.8,65818.8,0.001181
2026-06-15 04:45:00,65818.8,65818.8,65818.8,65818.8,0.000211
2026-06-15 05:00:00,65818.8,65818.8,65520.4,65818.8,1.002498
2026-06-15 05:15:00,65818.8,65818.8,65520.4,65773.5,0.002696
2026-06-15 05:30:00,65773.5,65818.8,65520.4,65520.4,0.002534
2026-06-15 05:45:00,65520.4,65818.8,65520.4,65818.8,0.019055
2026-06-15 06:00:00,65818.8,65818.8,65520.4,65576.6,0.015235
2026-06-15 06:15:00,65576.6,65818.8,65520.4,65818.8,0.011793
2026-06-15 06:30:00,65818.8,65818.8,65520.4,65576.6,0.006053
2026-06-15 06:45:00,65576.6,65773.5,65520.4,65773.5,0.002634
2026-06-15 07:00:00,65773.5,65818.8,65576.6,65576.6,0.003027
2026-06-15 07:15:00,65576.6,65818.8,65520.4,65520.4,0.005445
2026-06-15 07:30:00,65520.4,65818.8,65520.4,65818.8,0.052773
2026-06-15 07:45:00,65818.8,65818.8,65520.4,65773.5,0.002013
2026-06-15 08:00:00,65773.5,65818.8,65520.4,65818.8,0.003349
2026-06-15 08:15:00,65818.8,65818.8,65818.8,65818.8,0.000377
2026-06-15 08:30:00,65818.8,65818.8,65818.8,65818.8,0.152802
2026-06-15 08:45:00,65818.8,65818.8,65818.8,65818.8,0.000407
2026-06-15 09:00:00,65818.8,65818.8,65576.6,65818.8,0.007046
2026-06-15 09:15:00,65818.8,65818.8,65818.8,65818.8,0.000241
2026-06-15 09:30:00,65818.8,65818.8,65818.8,65818.8,0.040562
2026-06-15 09:45:00,65818.8,65818.8,65520.4,65520.4,0.225577
2026-06-15 10:00:00,65520.4,65596.8,65520.4,65596.8,0.017428
2026-06-15 10:15:00,65596.8,65818.8,65520.4,65818.8,0.707529
2026-06-15 10:30:00,65818.8,65818.8,65520.4,65520.4,0.005739
2026-06-15 10:45:00,65520.4,65818.8,65520.4,65818.8,0.138827
2026-06-15 11:00:00,65818.8,65818.8,65520.4,65520.4,5.856272
2026-06-15 11:15:00,65520.4,65818.8,65520.4,65818.8,23.290467
2026-06-15 11:30:00,65818.8,65818.8,65520.4,65669.6,5.50236
2026-06-15 11:45:00,65669.6,65669.6,65371.2,65371.2,0.131254
2026-06-15 12:00:00,65371.2,65669.6,65371.2,65669.6,0.008668
2026-06-15 12:15:00,65669.6,65669.6,65371.2,65669.6,0.085989
2026-06-15 12:30:00,65669.6,65669.6,65380.2,65669.6,0.002786
2026-06-15 12:45:00,65669.6,65669.6,65669.6,65669.6,0.106936
2026-06-15 13:00:00,65669.6,65669.6,65511.2,65669.6,0.002263
2026-06-15 13:15:00,65669.6,65669.6,65511.2,65669.6,0.004459
2026-06-15 13:30:00,65669.6,65669.6,65669.6,65669.6,3e-05
2026-06-15 13:45:00,65669.6,65669.6,65669.6,65669.6,0.000379
2026-06-15 14:00:00,65669.6,65669.6,65371.2,65669.6,0.03378
2026-06-15 14:15:00,65669.6,65669.6,65669.6,65669.6,0.00106
2026-06-15 14:30:00,65669.6,65669.6,65380.2,65669.6,0.00233
2026-06-15 14:45:00,65669.6,66117.2,65669.6,66117.2,51.003729
2026-06-15 15:00:00,66117.2,66117.2,66117.2,66117.2,0.04634
2026-06-15 15:15:00,66117.2,66117.2,65818.8,65818.8,0.020794
2026-06-15 15:30:00,65818.8,66103.0,65818.8,65818.8,0.01814
2026-06-15 15:45:00,65818.8,66117.2,65818.8,66103.0,0.008719
2026-06-15 16:00:00,66103.0,66117.2,65818.8,66117.2,0.014752
2026-06-15 16:15:00,66117.2,66117.2,66117.2,66117.2,0.002211
2026-06-15 16:30:00,66117.2,66117.2,65839.2,65839.2,0.003006
2026-06-15 16:45:00,65839.2,66117.2,65818.8,66117.2,0.038172
2026-06-15 17:00:00,66117.2,66117.2,66117.2,66117.2,0.011196
2026-06-15 17:15:00,66117.2,66117.2,65818.8,65818.8,1.044997
2026-06-15 17:30:00,65818.8,66117.2,65818.8,66117.2,0.021256
2026-06-15 17:45:00,66117.2,66117.2,66117.2,66117.2,0.030149
2026-06-15 18:00:00,66117.2,66117.2,65818.8,66103.0,0.03267
2026-06-15 18:15:00,66103.0,66117.2,65839.2,66117.2,0.020887
2026-06-15 18:30:00,66117.2,66117.2,65945.3,65945.3,0.003881
2026-06-15 18:45:00,65945.3,66117.2,65945.3,66117.2,0.001163
2026-06-15 19:00:00,66117.2,66117.2,66117.2,66117.2,0.003203
2026-06-15 19:15:00,66117.2,66117.2,65945.3,66117.2,0.004711
2026-06-15 19:30:00,66117.2,66117.2,66117.2,66117.2,0.008332
2026-06-15 19:45:00,66117.2,66117.2,65945.3,65945.3,0.001916
2026-06-15 20:00:00,65945.3,66011.2,65945.3,66011.2,0.001178
2026-06-15 20:15:00,66011.2,66117.2,66011.2,66117.2,6e-05
2026-06-15 20:30:00,66117.2,66117.2,65945.3,65945.3,0.007178
2026-06-15 20:45:00,65945.3,66117.2,65945.3,66117.2,0.00121
2026-06-15 21:00:00,66117.2,66117.2,65945.3,66117.2,0.014024
2026-06-15 21:15:00,66117.2,66117.2,65839.2,65945.3,0.007184
2026-06-15 21:30:00,65945.3,65945.3,65818.8,65839.2,0.001803
2026-06-15 21:45:00,65839.2,65945.3,65818.8,65945.3,0.013689
2026-06-15 22:00:00,65945.3,65945.3,65818.8,65818.8,0.45534
2026-06-15 22:15:00,65818.8,65945.3,65818.8,65945.3,0.001155
2026-06-15 22:30:00,65945.3,65945.3,65945.3,65945.3,0.001543
2026-06-15 22:45:00,65945.3,65945.3,65945.3,65945.3,6e-05
2026-06-15 23:00:00,65945.3,65945.3,65945.3,65945.3,3e-05
2026-06-15 23:15:00,65945.3,65945.3,65945.3,65945.3,0.000196
2026-06-15 23:30:00,65945.3,65945.3,65818.8,65818.8,0.506091
2026-06-15 23:45:00,65818.8,65945.3,65818.8,65945.3,1.590804
2026-06-16 00:00:00,65945.3,66366.31,65945.3,66366.31,42.910769
2026-06-16 00:15:00,66366.31,66406.8,66169.1,66406.8,0.008252
2026-06-16 00:30:00,66406.8,66415.6,66406.8,66415.6,0.001683
2026-06-16 00:45:00,66415.6,66415.6,66117.2,66249.5,0.006365
2026-06-16 01:00:00,66249.5,66415.6,66249.5,66415.6,0.003288
2026-06-16 01:15:00,66415.6,66415.6,66415.6,66415.6,0.000661
2026-06-16 01:30:00,66415.6,66415.6,66415.6,66415.6,0.00018
2026-06-16 01:45:00,66415.6,66415.6,66415.6,66415.6,0.01021
2026-06-16 02:00:00,66415.6,66415.6,66117.2,66415.6,0.002932
2026-06-16 02:15:00,66415.6,66415.6,66117.2,66117.2,0.025763
2026-06-16 02:30:00,66117.2,66415.6,66117.2,66117.2,0.963292
2026-06-16 02:45:00,66117.2,66367.8,66117.2,66367.8,0.014165
2026-06-16 03:00:00,66367.8,66415.6,66117.2,66415.6,0.015339
2026-06-16 03:15:00,66415.6,66415.6,66415.6,66415.6,0.001715
2026-06-16 03:30:00,66415.6,66415.6,66117.2,66169.1,0.002403
2026-06-16 03:45:00,66169.1,66415.6,66117.2,66415.6,0.00376
2026-06-16 04:00:00,66415.6,66415.6,66415.6,66415.6,0.02293
2026-06-16 04:15:00,66415.6,66415.6,66415.6,66415.6,0.00021
2026-06-16 04:30:00,66415.6,66415.6,66117.2,66117.2,0.379146
2026-06-16 04:45:00,66117.2,66367.8,66117.2,66117.2,0.00126
2026-06-16 05:00:00,66117.2,66415.6,66117.2,66117.2,0.003893
2026-06-16 05:15:00,66117.2,66415.6,66117.2,66169.1,0.388275
2026-06-16 05:30:00,66169.1,66415.6,66169.1,66415.6,0.00203
2026-06-16 05:45:00,66415.6,66415.6,66117.2,66415.6,0.058199
2026-06-16 06:00:00,66415.6,66415.6,66117.2,66415.6,0.019083
2026-06-16 06:15:00,66415.6,66415.6,66117.2,66415.6,0.012038
2026-06-16 06:30:00,66415.6,66415.6,66117.2,66415.6,0.060823
2026-06-16 06:45:00,66415.6,66415.6,66117.2,66415.6,0.179005
2026-06-16 07:00:00,66415.6,66415.6,66117.2,66117.2,0.328262
2026-06-16 07:15:00,66117.2,66415.6,66117.2,66117.2,0.006554
2026-06-16 07:30:00,66117.2,66415.6,66117.2,66415.6,0.004041
2026-06-16 07:45:00,66415.6,66415.6,66117.2,66169.1,0.122181
2026-06-16 08:00:00,66169.1,66415.6,66169.1,66415.6,0.005271
2026-06-16 08:15:00,66415.6,66415.6,66415.6,66415.6,7.5e-05
2026-06-16 08:30:00,66415.6,66415.6,66117.2,66415.6,20.819657
2026-06-16 08:45:00,66415.6,66415.6,65968.0,66266.4,42.083373
2026-06-16 09:00:00,66266.4,66266.4,65971.0,66235.3,0.005375
2026-06-16 09:15:00,66235.3,66266.4,66235.3,66266.4,0.004074
2026-06-16 09:30:00,66266.4,66266.4,66266.4,66266.4,0.015165
2026-06-16 09:45:00,66266.4,66266.4,65968.0,66235.3,9.05286
2026-06-16 10:00:00,66235.3,66266.4,66235.3,66266.4,0.023083
2026-06-16 10:15:00,66266.4,66266.4,65818.8,66117.2,20.433711
2026-06-16 10:30:00,66117.2,66117.2,66117.2,66117.2,0.075482
2026-06-16 10:45:00,66117.2,66117.2,65818.8,65818.8,0.381777
2026-06-16 11:00:00,65818.8,66103.0,65818.8,66103.0,0.002038
2026-06-16 11:15:00,66103.0,66117.2,66103.0,66117.2,0.008789
2026-06-16 11:30:00,66117.2,66564.8,65520.4,65818.8,204.994579
2026-06-16 11:45:00,65818.8,67460.0,64923.6,65968.0,511.85873
2026-06-16 12:00:00,65968.0,66266.4,65968.0,65968.0,9.647535
2026-06-16 12:15:00,65968.0,66266.4,65968.0,66266.4,9.003262
2026-06-16 12:30:00,66266.4,66266.4,66266.4,66266.4,0.001536
2026-06-16 12:45:00,66266.4,66266.4,65818.8,65905.1,10.229385
2026-06-16 13:00:00,65905.1,66117.2,65818.8,65905.1,1.206004
2026-06-16 13:15:00,65905.1,66117.2,65818.8,65818.8,0.106165
2026-06-16 13:30:00,65818.8,66117.2,65818.8,65818.8,5.156945
2026-06-16 13:45:00,65818.8,66117.2,65818.8,65884.6,0.01586
2026-06-16 14:00:00,65884.6,66117.2,65818.8,65818.8,1.095454
2026-06-16 14:15:00,65818.8,66117.2,65818.8,66117.2,0.032322
2026-06-16 14:30:00,66117.2,66117.2,65818.8,66037.0,0.03673
2026-06-16 14:45:00,66037.0,66037.0,65818.8,65818.8,0.031257
2026-06-16 15:00:00,65818.8,66117.2,65818.8,66117.2,0.040639
2026-06-16 15:15:00,66117.2,66117.2,65818.8,65884.6,0.001665
2026-06-16 15:30:00,65884.6,66016.5,65839.2,65839.2,0.001635
2026-06-16 15:45:00,65839.2,66117.2,65818.8,66117.2,0.006584
2026-06-16 16:00:00,66117.2,66117.2,65818.8,65818.8,0.010858
2026-06-16 16:15:00,65818.8,66037.0,65818.8,66037.0,0.00825
2026-06-16 16:30:00,66037.0,66117.2,66037.0,66117.2,0.001571
2026-06-16 16:45:00,66117.2,66117.2,65818.8,66037.0,0.009615
2026-06-16 17:00:00,66037.0,66117.2,65818.8,66117.2,0.096782
2026-06-16 17:15:00,66117.2,66117.2,66117.2,66117.2,0.000362
2026-06-16 17:30:00,66117.2,66117.2,66117.2,66117.2,0.087619
2026-06-16 17:45:00,66117.2,66117.2,66117.2,66117.2,6e-05
2026-06-16 18:00:00,66117.2,66117.2,65985.0,66117.2,0.002786
2026-06-16 18:15:00,66117.2,66117.2,66117.2,66117.2,0.001377
2026-06-16 18:30:00,66117.2,66117.2,65861.1,65927.0,0.002181
2026-06-16 18:45:00,65927.0,66103.0,65927.0,66103.0,0.000862
2026-06-16 19:00:00,66103.0,66103.0,66103.0,66103.0,3e-05
2026-06-16 19:15:00,66103.0,66103.0,65985.0,66051.0,0.005402
2026-06-16 19:30:00,66051.0,66117.2,65985.0,66117.2,0.01353
2026-06-16 19:45:00,66117.2,66117.2,65985.0,66117.2,0.002814
2026-06-16 20:00:00,66117.2,66117.2,65985.0,66117.2,0.032469
2026-06-16 20:15:00,66117.2,66117.2,66117.2,66117.2,0.003084
2026-06-16 20:30:00,66117.2,66117.2,66117.2,66117.2,0.00184
2026-06-16 20:45:00,66117.2,66117.2,66117.2,66117.2,0.00027
2026-06-16 21:00:00,66117.2,66117.2,66117.2,66117.2,9e-05
2026-06-16 21:15:00,66117.2,66117.2,65985.0,65985.0,0.080967
2026-06-16 21:30:00,65985.0,66117.2,65818.8,65818.8,0.385228
2026-06-16 21:45:00,65818.8,66117.2,65818.8,66117.2,1.147648
2026-06-16 22:00:00,66117.2,66117.2,66117.2,66117.2,1.000058
2026-06-16 22:15:00,66117.2,66117.2,65839.2,65839.2,0.002362
2026-06-16 22:30:00,65839.2,66117.2,65839.2,65905.1,0.02313
2026-06-16 22:45:00,65905.1,66117.2,65905.1,66117.2,0.00116
2026-06-16 23:00:00,66117.2,66117.2,66117.2,66117.2,3e-05
2026-06-16 23:15:00,66117.2,66117.2,65905.1,66117.2,0.002625
2026-06-16 23:30:00,66117.2,66117.2,65905.1,66117.2,0.001313
2026-06-16 23:45:00,66117.2,66117.2,65905.1,66117.2,0.001948
2026-06-17 00:00:00,66117.2,66117.2,65197.7,65371.2,103.773743
2026-06-17 00:15:00,65371.2,65371.2,65197.7,65371.2,0.012969
2026-06-17 00:30:00,65371.2,65371.2,65197.7,65371.2,0.016656
2026-06-17 00:45:00,65371.2,65371.2,65184.5,65371.2,0.02016
2026-06-17 01:00:00,65371.2,65371.2,65184.5,65371.2,0.042097
2026-06-17 01:15:00,65371.2,65371.2,65072.8,65371.2,0.0562
2026-06-17 01:30:00,65371.2,65371.2,65072.8,65371.2,0.046166
2026-06-17 01:45:00,65371.2,65371.2,65119.3,65371.2,0.00016
2026-06-17 02:00:00,65371.2,65371.2,65119.3,65249.6,0.000897
2026-06-17 02:15:00,65249.6,65249.6,65072.8,65137.9,0.500927
2026-06-17 02:30:00,65137.9,65314.9,65072.8,65314.9,0.001276
2026-06-17 02:45:00,65314.9,65314.9,65072.8,65314.9,0.000312
2026-06-17 03:00:00,65314.9,65371.2,65072.8,65371.2,1.007921
2026-06-17 03:15:00,65371.2,65371.2,65119.3,65371.2,0.001689
2026-06-17 03:30:00,65371.2,65371.2,65119.3,65371.2,0.000175
2026-06-17 03:45:00,65371.2,65371.2,65119.3,65371.2,0.00016
2026-06-17 04:00:00,65371.2,65371.2,65119.3,65119.3,0.000524
2026-06-17 04:15:00,65119.3,65371.2,65119.3,65371.2,0.00016
2026-06-17 04:30:00,65371.2,65371.2,65119.3,65371.2,0.004718
2026-06-17 04:45:00,65371.2,65371.2,65119.3,65314.9,0.000386
2026-06-17 05:00:00,65314.9,65314.9,65119.3,65314.9,0.000792
2026-06-17 05:15:00,65314.9,65371.2,65119.3,65371.2,0.001203
2026-06-17 05:30:00,65371.2,65371.2,65119.3,65371.2,0.002695
2026-06-17 05:45:00,65371.2,65371.2,65119.3,65371.2,0.016238
2026-06-17 06:00:00,65371.2,65371.2,65119.3,65371.2,0.002695
2026-06-17 06:15:00,65371.2,65371.2,65119.3,65371.2,0.008772
2026-06-17 06:30:00,65371.2,65371.2,65072.8,65072.8,1.042101
2026-06-17 06:45:00,65072.8,65371.2,65072.8,65371.2,0.003376
2026-06-17 07:00:00,65371.2,65371.2,65371.2,65371.2,0.003115
2026-06-17 07:15:00,65371.2,65371.2,65119.3,65371.2,0.000896
2026-06-17 07:30:00,65371.2,65371.2,65072.8,65072.8,0.235483
2026-06-17 07:45:00,65072.8,65371.2,65072.8,65371.2,0.013404
2026-06-17 08:00:00,65371.2,65371.2,65072.8,65137.9,0.027913
2026-06-17 08:15:00,65137.9,65137.9,65072.8,65137.9,0.000451
2026-06-17 08:30:00,65137.9,65137.9,65072.8,65137.9,0.00033
2026-06-17 08:45:00,65137.9,65137.9,65072.8,65137.9,0.020204
2026-06-17 09:00:00,65137.9,65137.9,65072.8,65137.9,0.006325
2026-06-17 09:15:00,65137.9,65137.9,65072.8,65137.9,0.008315
2026-06-17 09:30:00,65137.9,65371.2,65072.8,65371.2,0.017402
2026-06-17 09:45:00,65371.2,65371.2,65371.2,65371.2,0.001631
2026-06-17 10:00:00,65371.2,65371.2,65119.3,65119.3,0.002338
2026-06-17 10:15:00,65119.3,65184.4,65072.8,65184.4,0.002036
2026-06-17 10:30:00,65184.4,65184.4,65072.8,65137.9,0.005348
2026-06-17 10:45:00,65137.9,65371.2,65072.8,65119.3,0.03239
2026-06-17 11:00:00,65119.3,65137.9,65072.8,65137.9,0.009493
2026-06-17 11:15:00,65137.9,65137.9,65072.8,65137.9,0.001723
2026-06-17 11:30:00,65137.9,65371.2,65072.8,65137.9,0.154208
2026-06-17 11:45:00,65137.9,65137.9,65072.8,65137.9,0.001998
2026-06-17 12:00:00,65137.9,65137.9,65072.8,65072.8,0.00533
2026-06-17 12:15:00,65072.8,65137.9,65072.8,65072.8,0.004844
2026-06-17 12:30:00,65072.8,65137.9,65072.8,65137.9,0.000309
2026-06-17 12:45:00,65137.9,65137.9,65137.9,65137.9,0.011565
2026-06-17 13:00:00,65137.9,65137.9,65137.9,65137.9,0.001949
2026-06-17 13:15:00,65137.9,65137.9,65137.9,65137.9,0.003712
2026-06-17 13:30:00,65137.9,65193.0,65127.9,65193.0,0.003783
2026-06-17 13:45:00,65193.0,65371.2,65072.8,65314.9,0.15741
2026-06-17 14:00:00,65314.9,65314.9,65072.8,65314.9,0.050978
2026-06-17 14:15:00,65314.9,65314.9,65119.3,65314.9,0.000825
2026-06-17 14:30:00,65314.9,65314.9,65072.8,65072.8,0.005705
2026-06-17 14:45:00,65072.8,65314.9,65072.8,65314.9,0.00306
2026-06-17 15:00:00,65314.9,65314.9,65314.9,65314.9,0.001562
2026-06-17 15:15:00,65314.9,65314.9,65314.9,65314.9,6e-05
2026-06-17 15:30:00,65314.9,65314.9,65072.8,65314.9,0.000484
2026-06-17 15:45:00,65314.9,65314.9,65314.9,65314.9,0.000519
2026-06-17 16:00:00,65314.9,65314.9,65314.9,65314.9,0.022121
2026-06-17 16:15:00,65314.9,65371.2,65072.8,65072.8,0.01468
2026-06-17 16:30:00,65072.8,65371.2,65072.8,65371.2,0.038485
2026-06-17 16:45:00,65371.2,65371.2,65371.2,65371.2,0.036632
2026-06-17 17:00:00,65371.2,65371.2,65119.3,65119.3,0.013102
2026-06-17 17:15:00,65119.3,65371.2,65119.3,65371.2,0.000365
2026-06-17 17:30:00,65371.2,65371.2,65072.8,65314.9,0.001793
2026-06-17 17:45:00,65314.9,65314.9,65314.9,65314.9,6e-05
2026-06-17 18:00:00,65314.9,65314.9,65119.3,65119.3,0.000643
2026-06-17 18:15:00,65119.3,65314.9,65072.8,65314.9,0.002634
2026-06-17 18:30:00,65314.9,65314.9,65072.8,65314.9,0.002336
2026-06-17 18:45:00,65314.9,65314.9,65072.8,65314.9,0.001662
2026-06-17 19:00:00,65314.9,65314.9,65072.8,65072.8,0.002555
2026-06-17 19:15:00,65072.8,65314.9,65072.8,65314.9,0.009898
2026-06-17 19:30:00,65314.9,65314.9,65072.8,65072.8,0.005133
2026-06-17 19:45:00,65072.8,65314.9,65072.8,65314.9,0.00082
2026-06-17 20:00:00,65314.9,65314.9,65314.9,65314.9,3e-05
2026-06-17 20:15:00,65314.9,65314.9,65314.9,65314.9,0.002587
2026-06-17 20:30:00,65314.9,65314.9,65314.9,65314.9,0.000825
2026-06-17 20:45:00,65314.9,65314.9,65119.3,65184.4,0.000365
2026-06-17 21:00:00,65184.4,65184.4,65184.4,65184.4,0.000336
2026-06-17 21:15:00,65184.4,65184.4,65119.3,65119.3,0.011879
2026-06-17 21:30:00,65119.3,65184.4,65119.3,65184.4,3e-05
2026-06-17 21:45:00,65184.4,65184.4,65184.4,65184.4,0.000827
2026-06-17 22:00:00,65184.4,65184.4,65184.4,65184.4,3e-05
2026-06-17 22:15:00,65184.4,65184.4,65119.3,65184.4,0.000593
2026-06-17 22:30:00,65184.4,65184.4,65184.4,65184.4,8.6e-05
2026-06-17 22:45:00,65184.4,65184.4,65184.4,65184.4,6e-05
2026-06-17 23:00:00,65184.4,65184.4,65072.8,65072.8,0.012118
2026-06-17 23:15:00,65072.8,65137.9,65072.8,65072.8,0.137409
2026-06-17 23:30:00,65072.8,65137.9,65072.8,65072.8,0.067614
2026-06-17 23:45:00,65072.8,65137.9,65072.8,65072.8,0.072688
2026-06-18 00:00:00,65072.8,65072.8,63913.6,64177.6,171.258819
2026-06-18 00:15:00,64177.6,64177.6,64113.4,64177.6,0.000984
2026-06-18 00:30:00,64177.6,64177.6,64105.3,64169.4,0.00013
2026-06-18 00:45:00,64169.4,64169.4,64105.2,64105.3,0.002352
2026-06-18 01:00:00,64105.3,64177.6,64105.2,64177.6,0.004678
2026-06-18 01:15:00,64177.6,64177.6,64105.2,64177.6,0.000627
2026-06-18 01:30:00,64177.6,64177.6,64105.2,64105.2,0.009325
2026-06-18 01:45:00,64105.2,64177.6,63900.0,64177.6,0.008625
2026-06-18 02:00:00,64177.6,64177.6,64091.7,64177.6,0.001179
2026-06-18 02:15:00,64177.6,64177.6,64091.7,64177.6,0.006704
2026-06-18 02:30:00,64177.6,64177.6,63879.2,64177.6,0.039582
2026-06-18 02:45:00,64177.6,64177.6,64113.4,64177.6,0.014893
2026-06-18 03:00:00,64177.6,64177.6,64113.4,64177.6,0.024223
2026-06-18 03:15:00,64177.6,64177.6,64113.4,64177.6,0.028814
2026-06-18 03:30:00,64177.6,64177.6,64113.4,64177.6,0.025101
2026-06-18 03:45:00,64177.6,64177.6,64113.4,64113.4,0.009736
2026-06-18 04:00:00,64113.4,64177.6,64113.4,64177.6,0.010246
2026-06-18 04:15:00,64177.6,64177.6,64150.3,64177.6,0.011829
2026-06-18 04:30:00,64177.6,64177.6,64150.3,64150.3,0.012894
2026-06-18 04:45:00,64150.3,64177.6,63730.0,63730.0,0.178137
2026-06-18 05:00:00,63730.0,64028.4,63730.0,63998.0,0.018409
2026-06-18 05:15:00,63998.0,63998.0,63830.5,63998.0,0.000943
2026-06-18 05:30:00,63998.0,64177.6,63730.0,63766.8,44.99014
2026-06-18 05:45:00,63766.8,64028.4,63730.0,64028.4,0.027894
2026-06-18 06:00:00,64028.4,64028.4,63831.4,64028.4,0.049035
2026-06-18 06:15:00,64028.4,64028.4,63998.4,64028.4,2.939716
2026-06-18 06:30:00,64028.4,64028.4,63998.4,64028.4,0.001808
2026-06-18 06:45:00,64028.4,64028.4,63998.4,64028.4,0.000175
2026-06-18 07:00:00,64028.4,64028.4,63998.4,64028.4,0.062639
2026-06-18 07:15:00,64028.4,64028.4,64028.3,64028.4,0.829613
2026-06-18 07:30:00,64028.4,64028.4,64028.3,64028.4,0.827019
2026-06-18 07:45:00,64028.4,64028.4,64028.2,64028.4,0.830833
2026-06-18 08:00:00,64028.4,64028.4,64028.3,64028.4,0.832108
2026-06-18 08:15:00,64028.4,64028.4,64028.3,64028.4,0.829597
2026-06-18 08:30:00,64028.4,64028.4,64028.3,64028.4,0.825866
2026-06-18 08:45:00,64028.4,64028.4,64028.1,64028.4,0.836873
2026-06-18 09:00:00,64028.4,64028.4,64028.3,64028.4,0.824696
2026-06-18 09:15:00,64028.4,64177.6,64028.3,64177.6,17.129213
2026-06-18 09:30:00,64177.6,64177.6,64176.9,64177.5,4.879754
2026-06-18 09:45:00,64177.5,64177.5,64177.4,64177.5,0.976191
2026-06-18 10:00:00,64177.5,64177.5,64173.3,64173.3,0.881842
2026-06-18 10:15:00,64173.3,64173.3,64166.7,64166.7,0.838781
2026-06-18 10:30:00,64166.7,64166.8,64159.3,64159.3,0.832002
2026-06-18 10:45:00,64159.3,64159.3,64154.9,64154.9,0.870686
2026-06-18 11:00:00,64154.9,64155.8,64152.9,64152.9,0.827608
2026-06-18 11:15:00,64152.9,64152.9,64145.9,64145.9,0.824211
2026-06-18 11:30:00,64145.9,64145.9,64139.5,64139.5,0.823533
2026-06-18 11:45:00,64139.5,64139.5,64133.3,64133.3,0.852065
2026-06-18 12:00:00,64133.3,64133.3,64126.2,64126.2,0.831256
2026-06-18 12:15:00,64126.2,64127.1,64123.4,64127.1,0.978109
2026-06-18 12:30:00,64127.1,64134.1,64127.1,64134.1,0.835618
2026-06-18 12:45:00,64134.1,64140.2,64134.1,64140.2,0.854586
2026-06-18 13:00:00,64140.2,64147.5,64140.2,64147.5,0.914791
2026-06-18 13:15:00,64147.5,64154.3,64147.5,64154.3,0.9248
2026-06-18 13:30:00,64154.3,64156.7,64151.3,64151.3,0.851612
2026-06-18 13:45:00,64151.3,64151.3,64144.6,64144.6,0.83114
2026-06-18 14:00:00,64144.6,64144.6,64137.8,64137.8,0.869722
2026-06-18 14:15:00,64137.8,64137.8,64131.0,64131.0,0.874998
2026-06-18 14:30:00,64131.0,64131.2,64124.2,64124.2,1.571314
2026-06-18 14:45:00,64124.2,64124.3,64119.1,64119.2,1.591625
2026-06-18 15:00:00,64119.2,64119.2,64111.9,64111.9,1.478699
2026-06-18 15:15:00,64111.9,64111.9,64107.7,64107.8,1.483524
2026-06-18 15:30:00,64107.8,64107.8,64101.8,64101.8,1.479494
2026-06-18 15:45:00,64101.8,64101.8,64096.4,64096.4,1.484126
2026-06-18 16:00:00,64096.4,64177.5,63879.2,63879.2,7.784321
2026-06-18 16:15:00,63879.2,63879.6,63879.2,63879.2,1.491027
2026-06-18 16:30:00,63879.2,63879.5,63879.2,63879.2,1.484285
2026-06-18 16:45:00,63879.2,63879.6,63879.2,63879.2,1.500032
2026-06-18 17:00:00,63879.2,63879.5,63879.2,63879.2,1.489608
2026-06-18 17:15:00,63879.2,63879.5,63879.2,63879.2,1.486608
2026-06-18 17:30:00,63879.2,63879.5,63879.2,63879.2,1.489201
2026-06-18 17:45:00,63879.2,63879.5,63879.2,63879.2,1.395334
2026-06-18 18:00:00,63879.2,63879.4,63879.2,63879.2,0.849182
2026-06-18 18:15:00,63879.2,64177.5,63879.2,63894.4,1.452327
2026-06-18 18:30:00,63894.4,64177.5,63879.2,64177.5,0.121086
2026-06-18 18:45:00,64177.5,64177.5,63879.2,64177.5,1.064854
2026-06-18 19:00:00,64177.5,64177.5,63879.2,64177.5,0.492066
2026-06-18 19:15:00,64177.5,64177.5,63879.2,64177.5,0.568804
2026-06-18 19:30:00,64177.5,64177.5,63879.2,63879.2,0.831724
2026-06-18 19:45:00,63879.2,64177.5,63879.2,63879.2,0.486825
2026-06-18 20:00:00,63879.2,64177.5,63879.2,64150.3,0.024285
2026-06-18 20:15:00,64150.3,64177.5,64135.8,64177.5,0.002118
2026-06-18 20:30:00,64177.5,64177.5,63958.3,63958.3,0.00394
2026-06-18 20:45:00,63958.3,64094.9,63879.2,63879.2,0.004363
2026-06-18 21:00:00,63879.2,64094.9,63879.2,63879.2,0.002302
2026-06-18 21:15:00,63879.2,64177.5,63879.2,63879.2,0.03606
2026-06-18 21:30:00,63879.2,64177.5,63879.2,64177.5,0.09976
2026-06-18 21:45:00,64177.5,64177.5,63879.2,63879.2,0.077032
2026-06-18 22:00:00,63879.2,63958.3,63282.4,63282.4,54.775533
2026-06-18 22:15:00,63282.4,63580.8,63282.4,63282.4,0.018194
2026-06-18 22:30:00,63282.4,63580.8,63282.4,63331.6,0.00557
2026-06-18 22:45:00,63331.6,63580.8,63282.4,63498.2,0.027993
2026-06-18 23:00:00,63498.2,63580.8,63322.2,63575.9,0.006463
2026-06-18 23:15:00,63575.9,63580.8,63282.4,63580.8,0.026228
2026-06-18 23:30:00,63580.8,63580.8,63331.6,63394.9,0.002287
2026-06-18 23:45:00,63394.9,63580.8,63394.9,63580.8,0.01326
2026-06-19 00:00:00,63580.8,63580.8,62307.6,62536.4,146.47945
2026-06-19 00:15:00,62536.4,62536.4,62238.0,62504.7,0.015215
2026-06-19 00:30:00,62504.7,62536.4,62504.7,62536.4,0.00013
2026-06-19 00:45:00,62536.4,62536.4,62504.7,62536.4,0.001277
2026-06-19 01:00:00,62536.4,62536.4,62317.6,62498.6,0.016347
2026-06-19 01:15:00,62498.6,62498.6,62255.3,62498.6,0.001485
2026-06-19 01:30:00,62498.6,62498.6,62238.0,62255.3,0.000364
2026-06-19 01:45:00,62255.3,62498.6,62255.3,62498.6,0.000164
2026-06-19 02:00:00,62498.6,62536.4,62255.3,62504.7,0.003568
2026-06-19 02:15:00,62504.7,62504.7,62332.0,62504.7,0.00016
2026-06-19 02:30:00,62504.7,62504.7,62332.0,62504.7,0.00013
2026-06-19 02:45:00,62504.7,62504.7,62332.0,62504.7,0.000175
2026-06-19 03:00:00,62504.7,62536.4,62332.0,62536.4,0.002687
2026-06-19 03:15:00,62536.4,62536.4,62332.0,62536.4,0.004646
2026-06-19 03:30:00,62536.4,62536.4,62332.0,62456.7,0.001356
2026-06-19 03:45:00,62456.7,62536.4,62332.0,62536.4,0.018135
2026-06-19 04:00:00,62536.4,62536.4,62317.6,62317.6,0.001443
2026-06-19 04:15:00,62317.6,62536.4,62317.6,62536.4,0.006048
2026-06-19 04:30:00,62536.4,62536.4,62332.0,62536.4,0.001243
2026-06-19 04:45:00,62536.4,62536.4,62332.0,62536.4,0.002013
2026-06-19 05:00:00,62536.4,62536.4,62332.0,62394.3,0.000132
2026-06-19 05:15:00,62394.3,62519.2,62332.0,62519.2,0.000962
2026-06-19 05:30:00,62519.2,62536.4,62238.0,62238.0,0.641574
2026-06-19 05:45:00,62238.0,62536.4,62238.0,62536.4,0.21109
2026-06-19 06:00:00,62536.4,62536.4,62332.0,62536.4,0.002746
2026-06-19 06:15:00,62536.4,62536.4,62332.0,62536.4,0.009628
2026-06-19 06:30:00,62536.4,62536.4,62332.0,62456.7,0.001834
2026-06-19 06:45:00,62456.7,62456.7,62332.0,62456.7,0.00057
2026-06-19 07:00:00,62456.7,62536.4,62238.0,62332.0,0.012106
2026-06-19 07:15:00,62332.0,62504.7,59871.4,60149.2,311.25922
2026-06-19 07:30:00,60149.2,60149.2,59871.4,60149.2,1.119283
2026-06-19 07:45:00,60149.2,60149.2,59871.4,59871.4,0.718376
2026-06-19 08:00:00,59871.4,60149.2,59871.4,60149.2,0.368432
2026-06-19 08:15:00,60149.2,60149.2,59875.3,60149.2,0.009328
2026-06-19 08:30:00,60149.2,60149.2,59935.2,60149.2,0.555106
2026-06-19 08:45:00,60149.2,62088.8,59743.2,61790.4,310.217667
2026-06-19 09:00:00,61790.4,61998.8,61790.4,61945.0,0.057327
2026-06-19 09:15:00,61945.0,62006.9,61945.0,62006.9,0.001705
2026-06-19 09:30:00,62006.9,62088.8,61790.4,62088.8,3.997838
2026-06-19 09:45:00,62088.8,62088.8,61790.4,61998.8,0.101473
2026-06-19 10:00:00,61998.8,62006.9,61790.4,61998.8,0.007912
2026-06-19 10:15:00,61998.8,62088.8,61998.8,62088.8,0.009758
2026-06-19 10:30:00,62088.8,62088.8,62088.8,62088.8,3.2e-05
2026-06-19 10:45:00,62088.8,62088.8,61832.2,62088.8,0.018973
2026-06-19 11:00:00,62088.8,62088.8,61883.1,61945.0,0.002528
2026-06-19 11:15:00,61945.0,62006.9,61790.4,62006.9,0.020665
2026-06-19 11:30:00,62006.9,62088.8,61832.2,61832.2,0.05133
2026-06-19 11:45:00,61832.2,62088.8,61832.2,62088.8,0.081772
2026-06-19 12:00:00,62088.8,62088.8,59507.4,59743.2,343.494811
2026-06-19 12:15:00,59743.2,59743.2,59517.3,59743.2,0.017432
2026-06-19 12:30:00,59743.2,59743.2,59486.8,59666.4,0.168637
2026-06-19 12:45:00,59666.4,59743.2,59486.8,59666.4,0.017844
2026-06-19 13:00:00,59666.4,59743.2,59665.4,59743.2,0.388867
2026-06-19 13:15:00,59743.2,59743.2,59716.3,59738.8,0.000196
2026-06-19 13:30:00,59738.8,59743.2,59738.8,59743.2,0.01742
2026-06-19 13:45:00,59743.2,59743.2,59743.2,59743.2,0.000684
2026-06-19 14:00:00,59743.2,59743.2,59743.2,59743.2,0.000639
2026-06-19 14:15:00,59743.2,59743.2,59743.2,59743.2,6.4e-05
2026-06-19 14:30:00,59743.2,62536.4,59743.2,62238.0,414.058208
2026-06-19 14:45:00,62238.0,62536.4,62238.0,62348.8,0.098154
2026-06-19 15:00:00,62348.8,62379.9,62348.8,62379.9,0.001296
2026-06-19 15:15:00,62379.9,62536.4,62238.0,62238.0,0.083035
2026-06-19 15:30:00,62238.0,62536.4,62238.0,62442.3,0.1183
2026-06-19 15:45:00,62442.3,62498.6,62238.0,62442.3,0.004362
2026-06-19 16:00:00,62442.3,62536.4,62255.3,62498.6,0.080436
2026-06-19 16:15:00,62498.6,62504.7,62498.6,62504.7,0.0007
2026-06-19 16:30:00,62504.7,62536.4,62332.0,62504.7,0.003512
2026-06-19 16:45:00,62504.7,62536.4,62504.7,62536.4,0.003479
2026-06-19 17:00:00,62536.4,62536.4,62536.4,62536.4,0.004349
2026-06-19 17:15:00,62536.4,62536.4,62536.4,62536.4,0.072363
2026-06-19 17:30:00,62536.4,62536.4,62536.4,62536.4,0.07285
2026-06-19 17:45:00,62536.4,62536.4,62332.0,62536.4,0.00891
2026-06-19 18:00:00,62536.4,62536.4,62238.0,62536.4,0.016461
2026-06-19 18:15:00,62536.4,62536.4,62332.0,62332.0,0.009094
2026-06-19 18:30:00,62332.0,62498.6,62238.0,62317.6,0.219771
2026-06-19 18:45:00,62317.6,62536.4,62238.0,62536.4,0.02246
2026-06-19 19:00:00,62536.4,62536.4,62536.4,62536.4,0.000189
2026-06-19 19:15:00,62536.4,62536.4,62536.4,62536.4,0.01152
2026-06-19 19:30:00,62536.4,62536.4,62238.0,62536.4,0.035929
2026-06-19 19:45:00,62536.4,62536.4,62238.0,62536.4,0.03428
2026-06-19 20:00:00,62536.4,62536.4,62536.4,62536.4,0.000988
2026-06-19 20:15:00,62536.4,62536.4,62238.0,62536.4,1.044115
2026-06-19 20:30:00,62536.4,62536.4,62332.0,62536.4,0.000673
2026-06-19 20:45:00,62536.4,62536.4,62536.4,62536.4,0.000219
2026-06-19 21:00:00,62536.4,62536.4,62332.0,62536.4,0.006375
2026-06-19 21:15:00,62536.4,62536.4,62238.0,62332.0,0.103368
2026-06-19 21:30:00,62332.0,62536.4,62332.0,62536.4,3e-05
2026-06-19 21:45:00,62536.4,62536.4,62536.4,62536.4,0.001811
2026-06-19 22:00:00,62536.4,62536.4,62536.4,62536.4,0.000189
2026-06-19 22:15:00,62536.4,62536.4,62536.4,62536.4,0.000219
2026-06-19 22:30:00,62536.4,62536.4,62536.4,62536.4,0.000189
2026-06-19 22:45:00,62536.4,66500.6,62536.4,66301.5,572.131894
2026-06-19 23:00:00,66301.5,66301.5,66301.5,66301.5,0.0
2026-06-19 23:15:00,66301.5,66301.5,66301.5,66301.5,0.0
2026-06-19 23:30:00,66301.5,66500.6,66266.4,66500.6,0.001969
2026-06-19 23:45:00,66500.6,66549.6,66500.6,66549.6,3e-05
2026-06-20 00:00:00,66549.6,66564.8,63133.2,63431.6,458.967621
2026-06-20 00:15:00,63431.6,63431.6,63322.6,63431.6,0.033304
2026-06-20 00:30:00,63431.6,63431.6,63385.5,63385.5,0.000149
2026-06-20 00:45:00,63385.5,63431.6,63385.5,63431.6,6e-05
2026-06-20 01:00:00,63431.6,63431.6,63431.6,63431.6,0.002764
2026-06-20 01:15:00,63431.6,63431.6,63431.6,63431.6,6e-05
2026-06-20 01:30:00,63431.6,63431.6,63431.6,63431.6,0.000148
2026-06-20 01:45:00,63431.6,63431.6,63258.9,63258.9,0.005217
2026-06-20 02:00:00,63258.9,63431.6,63258.9,63431.6,3e-05
2026-06-20 02:15:00,63431.6,63431.6,63133.2,63331.6,0.06306
2026-06-20 02:30:00,63331.6,63331.6,63331.6,63331.6,3e-05
2026-06-20 02:45:00,63331.6,63331.6,63331.6,63331.6,7.5e-05
2026-06-20 03:00:00,63331.6,63385.5,63331.6,63385.5,0.001962
2026-06-20 03:15:00,63385.5,63431.6,63165.0,63431.6,0.013993
2026-06-20 03:30:00,63431.6,63431.6,63133.2,63133.2,0.004358
2026-06-20 03:45:00,63133.2,63431.6,63133.2,63431.6,0.030965
2026-06-20 04:00:00,63431.6,63431.6,63431.6,63431.6,0.002725
2026-06-20 04:15:00,63431.6,63431.6,63165.0,63228.2,0.010841
2026-06-20 04:30:00,63228.2,63291.4,63228.2,63291.4,3e-05
2026-06-20 04:45:00,63291.4,63431.6,63133.2,63431.6,0.008274
2026-06-20 05:00:00,63431.6,63431.6,63165.0,63165.0,0.001954
2026-06-20 05:15:00,63165.0,63331.6,63133.2,63331.6,0.003814
2026-06-20 05:30:00,63331.6,63331.6,63138.2,63331.6,0.000734
2026-06-20 05:45:00,63331.6,63431.6,63331.6,63431.6,0.015842
2026-06-20 06:00:00,63431.6,63431.6,63133.2,63195.7,0.03609
2026-06-20 06:15:00,63195.7,63431.6,63195.7,63431.6,0.008934
2026-06-20 06:30:00,63431.6,63431.6,63431.6,63431.6,0.200706
2026-06-20 06:45:00,63431.6,63431.6,63431.6,63431.6,7.5e-05
2026-06-20 07:00:00,63431.6,63431.6,63195.7,63195.7,0.002728
2026-06-20 07:15:00,63195.7,63385.5,63195.7,63385.5,9.1e-05
2026-06-20 07:30:00,63385.5,63431.6,63138.2,63165.0,0.007745
2026-06-20 07:45:00,63165.0,63431.6,63165.0,63431.6,0.001334
2026-06-20 08:00:00,63431.6,63431.6,63195.7,63431.6,0.005486
2026-06-20 08:15:00,63431.6,63431.6,63133.2,63133.2,0.008905
2026-06-20 08:30:00,63133.2,63431.6,63133.2,63431.6,0.158471
2026-06-20 08:45:00,63431.6,63431.6,63195.7,63431.6,0.0015
2026-06-20 09:00:00,63431.6,63431.6,63133.2,63431.6,0.006039
2026-06-20 09:15:00,63431.6,63431.6,63431.6,63431.6,0.00235
2026-06-20 09:30:00,63431.6,63431.6,63165.0,63165.0,0.016908
2026-06-20 09:45:00,63165.0,63291.4,63165.0,63291.4,0.000107
2026-06-20 10:00:00,63291.4,63385.5,63291.4,63385.5,0.002494
2026-06-20 10:15:00,63385.5,63431.6,63165.0,63431.6,0.008125
2026-06-20 10:30:00,63431.6,63431.6,63431.6,63431.6,3e-05
2026-06-20 10:45:00,63431.6,63431.6,63431.6,63431.6,0.007153
2026-06-20 11:00:00,63431.6,63431.6,63431.6,63431.6,0.000975
2026-06-20 11:15:00,63431.6,63431.6,63195.7,63431.6,0.001624
2026-06-20 11:30:00,63431.6,63431.6,63165.0,63228.2,0.002348
2026-06-20 11:45:00,63228.2,63385.5,63133.2,63133.2,0.00184
2026-06-20 12:00:00,63133.2,63431.6,63133.2,63195.7,0.004109
2026-06-20 12:15:00,63195.7,63431.6,63133.2,63331.6,0.007099
2026-06-20 12:30:00,63331.6,63331.6,63133.2,63331.6,0.001533
2026-06-20 12:45:00,63331.6,63331.6,63133.2,63331.6,0.0008
2026-06-20 13:00:00,63331.6,63331.6,63331.6,63331.6,3e-05
2026-06-20 13:15:00,63331.6,63331.6,63133.2,63331.6,0.008116
2026-06-20 13:30:00,63331.6,63331.6,63133.2,63133.2,0.003027
2026-06-20 13:45:00,63133.2,63331.6,63133.2,63331.6,0.000333
2026-06-20 14:00:00,63331.6,63331.6,63331.6,63331.6,0.000218
2026-06-20 14:15:00,63331.6,63431.6,63331.6,63431.6,0.001848
2026-06-20 14:30:00,63431.6,63431.6,63195.7,63431.6,0.001431
2026-06-20 14:45:00,63431.6,63431.6,63133.2,63431.6,0.952228
2026-06-20 15:00:00,63431.6,63431.6,63133.2,63133.2,0.019269
2026-06-20 15:15:00,63133.2,63331.6,63133.2,63331.6,0.00196
2026-06-20 15:30:00,63331.6,63331.6,63331.6,63331.6,0.000819
2026-06-20 15:45:00,63331.6,63431.6,63133.2,63431.6,0.004529
2026-06-20 16:00:00,63431.6,63431.6,63165.0,63431.6,0.012064
2026-06-20 16:15:00,63431.6,63431.6,63195.7,63431.6,0.000967
2026-06-20 16:30:00,63431.6,63431.6,63431.6,63431.6,0.081796
2026-06-20 16:45:00,63431.6,63431.6,63133.2,63431.6,0.050828
2026-06-20 17:00:00,63431.6,63431.6,63195.7,63431.6,0.032657
2026-06-20 17:15:00,63431.6,63431.6,63195.7,63431.6,0.020603
2026-06-20 17:30:00,63431.6,63431.6,63133.2,63133.2,0.401835
2026-06-20 17:45:00,63133.2,63331.6,63133.2,63133.2,0.001917
2026-06-20 18:00:00,63133.2,63431.6,63133.2,63331.6,1.049132
2026-06-20 18:15:00,63331.6,63385.5,63133.2,63385.5,0.002335
2026-06-20 18:30:00,63385.5,63431.6,63165.0,63165.0,0.002344
2026-06-20 18:45:00,63165.0,63291.4,63165.0,63291.4,0.000205
2026-06-20 19:00:00,63291.4,63354.7,63291.4,63354.7,3e-05
2026-06-20 19:15:00,63354.7,63431.6,63133.2,63431.6,0.010967
2026-06-20 19:30:00,63431.6,63431.6,63385.5,63431.6,0.002046
2026-06-20 19:45:00,63431.6,63431.6,63385.5,63431.6,0.014447
2026-06-20 20:00:00,63431.6,63431.6,63431.6,63431.6,3e-05
2026-06-20 20:15:00,63431.6,63431.6,63195.7,63195.7,0.002456
2026-06-20 20:30:00,63195.7,63322.2,63195.7,63322.2,0.000601
2026-06-20 20:45:00,63322.2,63431.6,63195.7,63431.6,0.001004
2026-06-20 21:00:00,63431.6,63431.6,63431.6,63431.6,3e-05
2026-06-20 21:15:00,63431.6,63431.6,63195.7,63258.9,0.00206
2026-06-20 21:30:00,63258.9,63431.6,63258.9,63431.6,3e-05
2026-06-20 21:45:00,63431.6,63431.6,63162.3,63431.6,0.06204
2026-06-20 22:00:00,63431.6,63431.6,63431.6,63431.6,3e-05
2026-06-20 22:15:00,63431.6,63431.6,63431.6,63431.6,6e-05
2026-06-20 22:30:00,63431.6,63431.6,63431.6,63431.6,3e-05
2026-06-20 22:45:00,63431.6,63431.6,63431.6,63431.6,6e-05
2026-06-20 23:00:00,63431.6,63431.6,63133.2,63431.6,0.070357
2026-06-20 23:15:00,63431.6,63431.6,63431.6,63431.6,0.002383
2026-06-20 23:30:00,63431.6,63431.6,63165.0,63165.0,0.004967
2026-06-20 23:45:00,63165.0,63385.5,63165.0,63385.5,0.000411
2026-06-21 00:00:00,63385.5,64326.8,63385.5,63958.3,192.760978
2026-06-21 00:15:00,63958.3,63998.0,63730.0,63958.3,1.002209
2026-06-21 00:30:00,63958.3,63998.0,63730.0,63730.0,0.003828
2026-06-21 00:45:00,63730.0,63958.3,63730.0,63958.3,0.000606
2026-06-21 01:00:00,63958.3,64028.4,63831.4,64028.4,0.003645
2026-06-21 01:15:00,64028.4,64028.4,63831.4,64028.4,0.001723
2026-06-21 01:30:00,64028.4,64028.4,63830.5,64028.4,0.005228
2026-06-21 01:45:00,64028.4,64028.4,64028.4,64028.4,0.000996
2026-06-21 02:00:00,64028.4,64028.4,63831.4,64028.4,0.001575
2026-06-21 02:15:00,64028.4,64028.4,64028.4,64028.4,0.000606
2026-06-21 02:30:00,64028.4,64028.4,63831.4,63831.4,0.00197
2026-06-21 02:45:00,63831.4,64028.4,63831.4,64028.4,0.000621
2026-06-21 03:00:00,64028.4,64028.4,64028.4,64028.4,0.004237
2026-06-21 03:15:00,64028.4,64028.4,63831.4,64023.1,0.00191
2026-06-21 03:30:00,64023.1,64028.4,64023.1,64028.4,0.000232
2026-06-21 03:45:00,64028.4,64028.4,64028.4,64028.4,0.000216
2026-06-21 04:00:00,64028.4,64028.4,64028.4,64028.4,0.000357
2026-06-21 04:15:00,64028.4,64028.4,64028.4,64028.4,0.000216
2026-06-21 04:30:00,64028.4,64028.4,64028.4,64028.4,0.020488
2026-06-21 04:45:00,64028.4,64028.4,63830.5,63998.0,0.001162
2026-06-21 05:00:00,63998.0,63998.0,63772.2,63998.0,0.00127
2026-06-21 05:15:00,63998.0,64022.2,63831.4,64022.2,0.001334
2026-06-21 05:30:00,64022.2,64028.4,63831.4,64028.4,0.001306
2026-06-21 05:45:00,64028.4,64028.4,64028.4,64028.4,0.016239
2026-06-21 06:00:00,64028.4,64028.4,63831.4,63998.0,0.001593
2026-06-21 06:15:00,63998.0,64028.4,63830.5,64028.4,0.009799
2026-06-21 06:30:00,64028.4,64028.4,63831.4,64028.4,0.006
2026-06-21 06:45:00,64028.4,64028.4,64028.4,64028.4,0.000231
2026-06-21 07:00:00,64028.4,64028.4,63730.0,64022.2,0.716827
2026-06-21 07:15:00,64022.2,64028.4,63831.4,63895.2,0.004369
2026-06-21 07:30:00,63895.2,64028.4,63895.2,64028.4,0.004709
2026-06-21 07:45:00,64028.4,64028.4,64028.4,64028.4,0.000231
2026-06-21 08:00:00,64028.4,64028.4,63831.4,64028.4,0.013922
2026-06-21 08:15:00,64028.4,64028.4,64028.4,64028.4,0.000231
2026-06-21 08:30:00,64028.4,64028.4,63831.4,64028.4,0.162889
2026-06-21 08:45:00,64028.4,64028.4,63730.0,64028.4,0.362171
2026-06-21 09:00:00,64028.4,64028.4,63831.4,64028.4,0.000437
2026-06-21 09:15:00,64028.4,64028.4,63766.8,63998.0,0.006524
2026-06-21 09:30:00,63998.0,64028.4,63998.0,64022.2,0.015663
2026-06-21 09:45:00,64022.2,64028.4,64022.2,64028.4,0.001042
2026-06-21 10:00:00,64028.4,64028.4,63831.4,64028.4,0.013591
2026-06-21 10:15:00,64028.4,64028.4,64028.4,64028.4,0.001386
2026-06-21 10:30:00,64028.4,64028.4,63830.5,63894.3,0.000548
2026-06-21 10:45:00,63894.3,64028.4,63894.3,64028.4,0.007089
2026-06-21 11:00:00,64028.4,64028.4,63580.8,63831.4,1.001439
2026-06-21 11:15:00,63831.4,63831.4,63831.4,63831.4,0.000451
2026-06-21 11:30:00,63831.4,63879.2,63831.4,63879.2,0.001625
2026-06-21 11:45:00,63879.2,63879.2,63879.2,63879.2,0.001155
2026-06-21 12:00:00,63879.2,63879.2,63879.2,63879.2,3e-05
2026-06-21 12:15:00,63879.2,63879.2,63727.3,63879.2,0.047251
2026-06-21 12:30:00,63879.2,63879.2,63727.3,63879.2,0.036116
2026-06-21 12:45:00,63879.2,63879.2,63727.3,63879.2,0.00016
2026-06-21 13:00:00,63879.2,63879.2,63727.3,63879.2,0.018927
2026-06-21 13:15:00,63879.2,63879.2,63727.3,63879.2,0.000646
2026-06-21 13:30:00,63879.2,63879.2,63703.1,63879.2,0.005526
2026-06-21 13:45:00,63879.2,63879.2,63580.8,63831.4,0.013971
2026-06-21 14:00:00,63831.4,63831.4,63639.4,63831.4,0.001102
2026-06-21 14:15:00,63831.4,63879.2,63639.4,63879.2,0.002182
2026-06-21 14:30:00,63879.2,63879.2,63580.8,63676.2,0.018065
2026-06-21 14:45:00,63676.2,63771.7,63580.8,63771.7,0.001731
2026-06-21 15:00:00,63771.7,63879.2,63580.8,63580.8,0.036501
2026-06-21 15:15:00,63580.8,63831.4,63580.8,63831.4,0.001726
2026-06-21 15:30:00,63831.4,63879.2,63580.8,63879.2,0.00707
2026-06-21 15:45:00,63879.2,63879.2,63879.2,63879.2,0.004266
2026-06-21 16:00:00,63879.2,63879.2,63580.8,63664.8,0.013273
2026-06-21 16:15:00,63664.8,63879.2,63664.8,63879.2,0.002273
2026-06-21 16:30:00,63879.2,63879.2,63879.2,63879.2,0.004647
2026-06-21 16:45:00,63879.2,63879.2,63879.2,63879.2,0.000842
2026-06-21 17:00:00,63879.2,63879.2,63879.2,63879.2,0.004647
2026-06-21 17:15:00,63879.2,63879.2,63664.8,63879.2,0.002102
2026-06-21 17:30:00,63879.2,63879.2,63879.2,63879.2,0.000264
2026-06-21 17:45:00,63879.2,63879.2,63664.8,63879.2,0.001322
2026-06-21 18:00:00,63879.2,63879.2,63590.9,63795.0,0.002621
2026-06-21 18:15:00,63795.0,63879.2,63664.8,63879.2,0.005837
2026-06-21 18:30:00,63879.2,63879.2,63639.4,63639.4,0.003904
2026-06-21 18:45:00,63639.4,63831.4,63639.4,63831.4,0.000205
2026-06-21 19:00:00,63831.4,63831.4,63831.4,63831.4,0.000421
2026-06-21 19:15:00,63831.4,63831.4,63831.4,63831.4,6e-05
2026-06-21 19:30:00,63831.4,63879.2,63639.4,63879.2,0.004877
2026-06-21 19:45:00,63879.2,63879.2,63879.2,63879.2,0.002842
2026-06-21 20:00:00,63879.2,63879.2,63879.2,63879.2,3e-05
2026-06-21 20:15:00,63879.2,63879.2,63879.2,63879.2,6e-05
2026-06-21 20:30:00,63879.2,63879.2,63664.8,63664.8,0.001276
2026-06-21 20:45:00,63664.8,63879.2,63664.8,63879.2,0.007533
2026-06-21 21:00:00,63879.2,63879.2,63664.8,63664.8,0.000801
2026-06-21 21:15:00,63664.8,63879.2,63664.8,63879.2,0.003333
2026-06-21 21:30:00,63879.2,63879.2,63664.8,63879.2,0.005426
2026-06-21 21:45:00,63879.2,63879.2,63879.2,63879.2,6e-05
2026-06-21 22:00:00,63879.2,63879.2,63879.2,63879.2,0.000812
2026-06-21 22:15:00,63879.2,63879.2,63879.2,63879.2,0.000451
2026-06-21 22:30:00,63879.2,63879.2,63879.2,63879.2,0.001594
2026-06-21 22:45:00,63879.2,63879.2,63664.8,63879.2,0.000849
2026-06-21 23:00:00,63879.2,63879.2,63664.8,63664.8,0.001421
2026-06-21 23:15:00,63664.8,63879.2,63664.8,63879.2,0.006414
2026-06-21 23:30:00,63879.2,63879.2,63580.8,63830.5,0.006456
2026-06-21 23:45:00,63830.5,63831.4,63580.8,63830.5,0.005168
2026-06-22 00:00:00,63830.5,63879.2,62863.2,63132.6,106.555772
2026-06-22 00:15:00,63132.6,63133.2,62834.8,63069.5,0.036589
2026-06-22 00:30:00,63069.5,63069.5,62834.8,62929.1,0.003917
2026-06-22 00:45:00,62929.1,63069.5,62929.1,63069.5,0.000853
2026-06-22 01:00:00,63069.5,63133.2,63069.5,63133.2,0.006109
2026-06-22 01:15:00,63133.2,63133.2,62880.7,63133.2,0.004591
2026-06-22 01:30:00,63133.2,63133.2,62943.6,63133.2,0.000525
2026-06-22 01:45:00,63133.2,63133.2,62834.8,62834.8,0.005726
2026-06-22 02:00:00,62834.8,63132.6,62834.8,63069.5,0.00606
2026-06-22 02:15:00,63069.5,63133.2,62834.8,62943.6,0.030551
2026-06-22 02:30:00,62943.6,63133.2,62834.8,63133.2,0.053502
2026-06-22 02:45:00,63133.2,63133.2,62834.8,63133.2,0.03655
2026-06-22 03:00:00,63133.2,63133.2,62943.6,63133.2,0.10617
2026-06-22 03:15:00,63133.2,63133.2,62834.8,63133.2,0.057243
2026-06-22 03:30:00,63133.2,63133.2,62943.6,63133.2,0.002727
2026-06-22 03:45:00,63133.2,63133.2,62943.6,63133.2,0.001128
2026-06-22 04:00:00,63133.2,63133.2,62943.6,63133.2,0.000614
2026-06-22 04:15:00,63133.2,63133.2,62943.6,63133.2,0.004235
2026-06-22 04:30:00,63133.2,63133.2,62943.6,63133.2,0.001097
2026-06-22 04:45:00,63133.2,64136.0,62943.6,64136.0,153.021294
2026-06-22 05:00:00,64136.0,64150.3,63879.2,63879.2,0.025157
2026-06-22 05:15:00,63879.2,64177.6,63879.2,64150.3,0.002346
2026-06-22 05:30:00,64150.3,64177.6,63879.2,64177.6,0.028655
2026-06-22 05:45:00,64177.6,64177.6,63894.4,64177.6,0.022274
2026-06-22 06:00:00,64177.6,64177.6,63879.2,63894.4,0.003648
2026-06-22 06:15:00,63894.4,64177.6,63879.2,64177.6,0.010548
2026-06-22 06:30:00,64177.6,64177.6,63879.2,64150.3,0.013243
2026-06-22 06:45:00,64150.3,64177.6,63879.2,64177.6,0.008464
2026-06-22 07:00:00,64177.6,64177.6,63894.4,64177.6,0.007322
2026-06-22 07:15:00,64177.6,64177.6,63879.2,64000.0,0.057425
2026-06-22 07:30:00,64000.0,64000.0,63879.2,64000.0,0.042644
2026-06-22 07:45:00,64000.0,64000.0,63952.2,64000.0,0.004116
2026-06-22 08:00:00,64000.0,64000.0,63879.2,64000.0,0.003151
2026-06-22 08:15:00,64000.0,64177.6,63879.2,64150.3,1.998577
2026-06-22 08:30:00,64150.3,64177.6,63879.2,64177.6,0.170017
2026-06-22 08:45:00,64177.6,64177.6,63894.4,64150.3,0.000725
2026-06-22 09:00:00,64150.3,64150.3,64150.3,64150.3,0.00023
2026-06-22 09:15:00,64150.3,64177.6,64150.3,64177.6,0.000246
2026-06-22 09:30:00,64177.6,64177.6,64177.6,64177.6,0.015936
2026-06-22 09:45:00,64177.6,64177.6,63958.3,64177.6,0.00088
2026-06-22 10:00:00,64177.6,64177.6,64177.6,64177.6,0.001758
2026-06-22 10:15:00,64177.6,64177.6,63958.3,64177.6,0.000415
2026-06-22 10:30:00,64177.6,64177.6,63879.2,63879.2,0.013149
2026-06-22 10:45:00,63879.2,64177.6,63879.2,64177.6,0.043639
2026-06-22 11:00:00,64177.6,64177.6,63894.4,64177.6,0.005395
2026-06-22 11:15:00,64177.6,64177.6,63894.4,64177.6,0.004494
2026-06-22 11:30:00,64177.6,64177.6,63879.2,64150.3,0.010385
2026-06-22 11:45:00,64150.3,64177.6,63894.4,64177.6,0.003273
2026-06-22 12:00:00,64177.6,64177.6,63879.2,64086.2,1.309617
2026-06-22 12:15:00,64086.2,64177.6,64086.2,64177.6,0.001075
2026-06-22 12:30:00,64177.6,64177.6,64086.2,64177.6,0.002525
2026-06-22 12:45:00,64177.6,64177.6,64177.6,64177.6,13.455004
2026-06-22 13:00:00,64177.6,64177.6,64177.6,64177.6,0.000185
2026-06-22 13:15:00,64177.6,64177.6,64086.2,64177.6,0.001823
2026-06-22 13:30:00,64177.6,64177.6,64086.2,64177.6,0.039743
2026-06-22 13:45:00,64177.6,64177.6,64086.2,64177.6,0.003226
2026-06-22 14:00:00,64177.6,64177.6,63879.2,64086.2,1.008149
2026-06-22 14:15:00,64086.2,64150.3,64086.2,64150.3,0.00106
2026-06-22 14:30:00,64150.3,64177.6,63879.2,64150.3,0.005767
2026-06-22 14:45:00,64150.3,64177.6,64150.3,64177.6,0.001305
2026-06-22 15:00:00,64177.6,64177.6,63879.2,63879.2,0.223952
2026-06-22 15:15:00,63879.2,64150.3,63879.2,63879.2,0.367998
2026-06-22 15:30:00,63879.2,64150.3,63879.2,63879.2,0.376316
2026-06-22 15:45:00,63879.2,64177.6,63879.2,63879.2,0.436066
2026-06-22 16:00:00,63879.2,64177.6,63879.2,63879.2,0.402122
2026-06-22 16:15:00,63879.2,64177.5,63879.2,63879.2,0.414092
2026-06-22 16:30:00,63879.2,64177.6,63879.2,63879.2,0.422544
2026-06-22 16:45:00,63879.2,64177.6,63879.2,63879.2,0.453483
2026-06-22 17:00:00,63879.2,64177.6,63879.2,63879.2,0.432907
2026-06-22 17:15:00,63879.2,64177.6,63879.2,63879.2,0.45055
2026-06-22 17:30:00,63879.2,64177.6,63879.2,63879.2,0.46043
2026-06-22 17:45:00,63879.2,64177.6,63879.2,63894.4,0.13866
2026-06-22 18:00:00,63894.4,64150.3,63879.2,64150.3,0.029877
2026-06-22 18:15:00,64150.3,64177.6,63894.4,63894.4,0.024352
2026-06-22 18:30:00,63894.4,63894.4,63879.2,63894.4,0.005777
2026-06-22 18:45:00,63894.4,63894.4,63879.2,63894.4,0.00279
2026-06-22 19:00:00,63894.4,63894.4,63879.2,63894.4,0.011907
2026-06-22 19:15:00,63894.4,63894.4,63879.2,63894.4,0.034471
2026-06-22 19:30:00,63894.4,63894.4,63879.2,63894.4,0.001532
2026-06-22 19:45:00,63894.4,64177.6,63879.2,64177.6,0.03556
2026-06-22 20:00:00,64177.6,64177.6,63879.2,64150.3,0.006996
2026-06-22 20:15:00,64150.3,64150.3,63879.2,63879.2,0.024631
2026-06-22 20:30:00,63879.2,63894.4,63879.2,63894.4,0.004156
2026-06-22 20:45:00,63894.4,63894.4,63894.4,63894.4,6e-05
2026-06-22 21:00:00,63894.4,63894.4,63894.4,63894.4,0.00103
2026-06-22 21:15:00,63894.4,63894.4,63879.2,63879.2,0.008563
2026-06-22 21:30:00,63879.2,63894.4,63879.2,63894.4,0.001912
2026-06-22 21:45:00,63894.4,63894.4,63879.2,63894.4,0.003573
2026-06-22 22:00:00,63894.4,63894.4,63894.4,63894.4,0.000421
2026-06-22 22:15:00,63894.4,63894.4,63894.4,63894.4,0.000451
2026-06-22 22:30:00,63894.4,64177.6,63894.4,63894.4,0.019274
2026-06-22 22:45:00,63894.4,63894.4,63894.4,63894.4,6e-05
2026-06-22 23:00:00,63894.4,63894.4,63894.4,63894.4,0.002055
2026-06-22 23:15:00,63894.4,63894.4,63879.2,63894.4,0.007591
2026-06-22 23:30:00,63894.4,63894.4,63879.2,63894.4,0.004812
2026-06-22 23:45:00,63894.4,63894.4,63879.2,63894.4,0.005399
2026-06-23 00:00:00,63894.4,64177.6,63446.4,63664.8,57.924651
2026-06-23 00:15:00,63664.8,63664.8,63575.9,63664.8,0.003233
2026-06-23 00:30:00,63664.8,63664.8,63448.9,63664.8,0.016693
2026-06-23 00:45:00,63664.8,63664.8,63448.9,63664.8,0.001552
2026-06-23 01:00:00,63664.8,63730.0,63431.6,63730.0,0.052327
2026-06-23 01:15:00,63730.0,63730.0,63431.6,63730.0,0.0824
2026-06-23 01:30:00,63730.0,63730.0,63448.9,63498.2,0.008164
2026-06-23 01:45:00,63498.2,63498.2,63431.6,63498.2,0.002991
2026-06-23 02:00:00,63498.2,63664.8,63431.6,63664.8,0.040063
2026-06-23 02:15:00,63664.8,63730.0,63431.6,63703.1,0.230222
2026-06-23 02:30:00,63703.1,63730.0,63431.6,63498.2,0.034582
2026-06-23 02:45:00,63498.2,63498.2,63448.9,63498.2,0.008785
2026-06-23 03:00:00,63498.2,63730.0,63448.9,63730.0,0.024093
2026-06-23 03:15:00,63730.0,63730.0,63730.0,63730.0,0.002021
2026-06-23 03:30:00,63730.0,63730.0,63730.0,63730.0,0.000468
2026-06-23 03:45:00,63730.0,63730.0,63730.0,63730.0,0.000452
2026-06-23 04:00:00,63730.0,63730.0,63730.0,63730.0,0.001378
2026-06-23 04:15:00,63730.0,63730.0,63730.0,63730.0,6e-05
2026-06-23 04:30:00,63730.0,63730.0,63512.3,63730.0,0.003396
2026-06-23 04:45:00,63730.0,63730.0,63730.0,63730.0,0.002405
2026-06-23 05:00:00,63730.0,63730.0,63730.0,63730.0,3e-05
2026-06-23 05:15:00,63730.0,63730.0,63512.3,63730.0,0.016257
2026-06-23 05:30:00,63730.0,63730.0,63730.0,63730.0,0.004344
2026-06-23 05:45:00,63730.0,63730.0,63730.0,63730.0,0.017334
2026-06-23 06:00:00,63730.0,63730.0,63431.6,63730.0,0.052822
2026-06-23 06:15:00,63730.0,63730.0,63431.6,63730.0,0.069515
2026-06-23 06:30:00,63730.0,63730.0,63431.6,63498.2,0.042557
2026-06-23 06:45:00,63498.2,63498.2,63431.6,63498.2,0.00167
2026-06-23 07:00:00,63498.2,63593.4,63431.6,63431.6,0.013986
2026-06-23 07:15:00,63431.6,63730.0,63431.6,63664.8,0.044524
2026-06-23 07:30:00,63664.8,63730.0,63431.6,63730.0,1.347524
2026-06-23 07:45:00,63730.0,63730.0,63512.3,63512.3,0.013092
2026-06-23 08:00:00,63512.3,63730.0,63498.2,63730.0,0.030956
2026-06-23 08:15:00,63730.0,63730.0,63431.6,63730.0,1.10507
2026-06-23 08:30:00,63730.0,63730.0,63431.6,63703.1,1.387998
2026-06-23 08:45:00,63703.1,63730.0,63448.9,63664.8,0.019351
2026-06-23 09:00:00,63664.8,63664.8,63664.8,63664.8,7.5e-05
2026-06-23 09:15:00,63664.8,63730.0,63431.6,63730.0,1.106263
2026-06-23 09:30:00,63730.0,63730.0,63431.6,63730.0,4.721278
2026-06-23 09:45:00,63730.0,63730.0,63730.0,63730.0,0.931872
2026-06-23 10:00:00,63730.0,63730.0,63730.0,63730.0,0.660592
2026-06-23 10:15:00,63730.0,63730.0,63431.6,63730.0,5.293088
2026-06-23 10:30:00,63730.0,64774.4,63431.6,64774.4,152.276689
2026-06-23 10:45:00,64774.4,65371.2,64476.0,65371.1,67.129176
2026-06-23 11:00:00,65371.1,65371.1,65072.8,65072.8,0.0211
2026-06-23 11:15:00,65072.8,65371.2,65072.8,65072.8,0.093031
2026-06-23 11:30:00,65072.8,65371.2,62013.9,62238.0,447.273381
2026-06-23 11:45:00,62238.0,62238.0,62013.9,62238.0,0.036652
2026-06-23 12:00:00,62238.0,62238.0,62013.9,62238.0,0.0634
2026-06-23 12:15:00,62238.0,62238.0,62013.9,62238.0,0.134813
2026-06-23 12:30:00,62238.0,62238.0,62013.9,62238.0,0.108502
2026-06-23 12:45:00,62238.0,62238.0,62013.9,62200.0,0.062742
2026-06-23 13:00:00,62200.0,62200.0,62013.9,62013.9,0.353711
2026-06-23 13:15:00,62013.9,62013.9,62000.0,62013.9,0.043156
2026-06-23 13:30:00,62013.9,62013.9,62000.0,62013.9,0.078719
2026-06-23 13:45:00,62013.9,62013.9,62000.0,62013.9,0.115109
2026-06-23 14:00:00,62013.9,62013.9,61939.6,62013.9,0.164898
2026-06-23 14:15:00,62013.9,62013.9,61939.6,62013.9,0.033958
2026-06-23 14:30:00,62013.9,62013.9,61939.6,62013.9,0.048348
2026-06-23 14:45:00,62013.9,62013.9,61939.6,62013.9,0.040308
2026-06-23 15:00:00,62013.9,62013.9,61939.6,62013.9,0.010981
2026-06-23 15:15:00,62013.9,62013.9,61939.6,62013.9,0.025649
2026-06-23 15:30:00,62013.9,62013.9,61939.6,61940.0,0.030342
2026-06-23 15:45:00,61940.0,61940.0,61939.6,61940.0,0.001722
2026-06-23 16:00:00,61940.0,61940.0,61939.6,61940.0,0.005013
2026-06-23 16:15:00,61940.0,61940.0,61939.6,61940.0,0.000567
2026-06-23 16:30:00,61940.0,61940.0,61939.6,61940.0,0.000164
2026-06-23 16:45:00,61940.0,61940.0,61939.6,61940.0,0.000808
2026-06-23 17:00:00,61940.0,61940.0,61939.6,61940.0,0.002158
2026-06-23 17:15:00,61940.0,61940.0,61939.6,61940.0,0.000164
2026-06-23 17:30:00,61940.0,61940.0,61939.6,61940.0,0.000373
2026-06-23 17:45:00,61940.0,61940.0,61939.6,61940.0,0.000889
2026-06-23 18:00:00,61940.0,61940.0,61939.6,61940.0,0.000132
2026-06-23 18:15:00,61940.0,61940.0,61939.6,61940.0,0.000341
2026-06-23 18:30:00,61940.0,61940.0,61939.6,61939.6,0.284982
2026-06-23 18:45:00,61939.6,61940.0,61939.6,61940.0,0.036383
2026-06-23 19:00:00,61940.0,61940.0,61939.6,61940.0,0.000454
2026-06-23 19:15:00,61940.0,61940.0,61939.6,61940.0,0.007684
2026-06-23 19:30:00,61940.0,61940.0,61939.6,61939.6,0.015932
2026-06-23 19:45:00,61939.6,61940.0,61939.6,61939.6,0.004941
2026-06-23 20:00:00,61939.6,61940.0,61939.6,61939.6,0.001637
2026-06-23 20:15:00,61939.6,61940.0,61939.6,61940.0,0.00226
2026-06-23 20:30:00,61940.0,61940.0,61939.6,61940.0,0.001501
2026-06-23 20:45:00,61940.0,61940.0,61939.6,61940.0,0.00234
2026-06-23 21:00:00,61940.0,61940.0,61939.6,61940.0,0.000132
2026-06-23 21:15:00,61940.0,61940.0,61939.6,61939.6,1.008556
2026-06-23 21:30:00,61939.6,61940.0,61939.6,61940.0,0.000731
2026-06-23 21:45:00,61940.0,61940.0,61939.6,61940.0,0.000764
2026-06-23 22:00:00,61940.0,61940.0,61939.6,61940.0,0.000132
2026-06-23 22:15:00,61940.0,61940.0,61939.6,61940.0,0.000587
2026-06-23 22:30:00,61940.0,61940.0,61939.6,61940.0,0.000132
2026-06-23 22:45:00,61940.0,61940.0,61939.6,61940.0,0.000164
2026-06-23 23:00:00,61940.0,61940.0,61939.6,61940.0,0.000132
2026-06-23 23:15:00,61940.0,61940.0,61939.6,61940.0,0.001621
2026-06-23 23:30:00,61940.0,61940.0,61939.6,61939.6,0.001454
2026-06-23 23:45:00,61939.6,61940.0,61939.6,61940.0,0.000164
2026-06-24 00:00:00,61940.0,62880.7,61939.6,62880.7,108.668299
2026-06-24 00:15:00,62880.7,62880.7,62880.7,62880.7,0.001059
2026-06-24 00:30:00,62880.7,62880.7,62685.6,62685.6,0.035599
2026-06-24 00:45:00,62685.6,62880.7,62685.6,62880.7,0.000219
2026-06-24 01:00:00,62880.7,62984.0,62755.1,62984.0,0.007141
2026-06-24 01:15:00,62984.0,62984.0,62755.1,62984.0,0.001065
2026-06-24 01:30:00,62984.0,62984.0,62755.1,62984.0,0.025584
2026-06-24 01:45:00,62984.0,62984.0,62685.6,62943.6,0.011012
2026-06-24 02:00:00,62943.6,62984.0,62943.6,62984.0,0.016859
2026-06-24 02:15:00,62984.0,62984.0,62984.0,62984.0,0.000614
2026-06-24 02:30:00,62984.0,62984.0,62685.6,62943.6,0.022371
2026-06-24 02:45:00,62943.6,62943.6,62943.6,62943.6,0.000233
2026-06-24 03:00:00,62943.6,62984.0,62685.6,62984.0,0.011933
2026-06-24 03:15:00,62984.0,62984.0,62685.6,62943.6,0.574025
2026-06-24 03:30:00,62943.6,62984.0,62692.4,62984.0,0.104117
2026-06-24 03:45:00,62984.0,62984.0,62984.0,62984.0,0.016886
2026-06-24 04:00:00,62984.0,62984.0,62755.1,62984.0,0.000726
2026-06-24 04:15:00,62984.0,62984.0,62984.0,62984.0,0.001011
2026-06-24 04:30:00,62984.0,62984.0,62755.1,62755.1,0.000388
2026-06-24 04:45:00,62755.1,62984.0,62755.1,62984.0,0.000852
2026-06-24 05:00:00,62984.0,62984.0,62980.0,62984.0,0.001733
2026-06-24 05:15:00,62984.0,62984.0,62755.1,62984.0,0.001165
2026-06-24 05:30:00,62984.0,62984.0,62984.0,62984.0,0.000188
2026-06-24 05:45:00,62984.0,62984.0,62984.0,62984.0,0.01611
2026-06-24 06:00:00,62984.0,62984.0,62692.4,62943.6,0.00149
2026-06-24 06:15:00,62943.6,62984.0,62685.6,62984.0,0.023539
2026-06-24 06:30:00,62984.0,62984.0,62755.1,62984.0,0.00204
2026-06-24 06:45:00,62984.0,62984.0,62685.6,62880.7,0.01686
2026-06-24 07:00:00,62880.7,62984.0,62685.6,62984.0,0.123706
2026-06-24 07:15:00,62984.0,62984.0,62755.1,62755.1,0.073253
2026-06-24 07:30:00,62755.1,62984.0,62685.6,62943.6,0.007547
2026-06-24 07:45:00,62943.6,62984.0,62685.6,62984.0,0.058243
2026-06-24 08:00:00,62984.0,62984.0,62984.0,62984.0,0.027005
2026-06-24 08:15:00,62984.0,62984.0,62692.4,62692.4,0.091016
2026-06-24 08:30:00,62692.4,62984.0,62692.4,62984.0,0.161595
2026-06-24 08:45:00,62984.0,62984.0,62685.6,62984.0,0.025184
2026-06-24 09:00:00,62984.0,62984.0,62984.0,62984.0,0.011025
2026-06-24 09:15:00,62984.0,62984.0,62685.6,62943.6,0.005874
2026-06-24 09:30:00,62943.6,62984.0,62943.6,62984.0,0.01751
2026-06-24 09:45:00,62984.0,62984.0,62685.6,62692.4,0.12572
2026-06-24 10:00:00,62692.4,62984.0,62692.4,62692.4,0.002722
2026-06-24 10:15:00,62692.4,62984.0,62685.6,62943.6,0.004467
2026-06-24 10:30:00,62943.6,62984.0,62943.6,62984.0,0.004147
2026-06-24 10:45:00,62984.0,62984.0,62692.4,62984.0,0.015432
2026-06-24 11:00:00,62984.0,62984.0,62685.6,62943.6,0.004056
2026-06-24 11:15:00,62943.6,62943.6,62692.4,62786.4,0.000463
2026-06-24 11:30:00,62786.4,62880.6,62786.4,62880.6,6.1e-05
2026-06-24 11:45:00,62880.6,62880.7,62685.6,62880.7,0.011072
2026-06-24 12:00:00,62880.7,62880.7,62880.7,62880.7,0.000825
2026-06-24 12:15:00,62880.7,62984.0,62880.7,62984.0,0.001557
2026-06-24 12:30:00,62984.0,62984.0,62984.0,62984.0,3e-05
2026-06-24 12:45:00,62984.0,62984.0,62685.6,62685.6,1.010401
2026-06-24 13:00:00,62685.6,62984.0,62685.6,62755.1,0.062364
2026-06-24 13:15:00,62755.1,62984.0,62685.6,62880.7,0.076854
2026-06-24 13:30:00,62880.7,62984.0,62685.6,62880.7,0.075572
2026-06-24 13:45:00,62880.7,62984.0,62685.6,62943.6,16.104309
2026-06-24 14:00:00,62943.6,62984.0,62685.6,62880.7,1.549568
2026-06-24 14:15:00,62880.7,62943.6,62692.4,62692.4,0.001885
2026-06-24 14:30:00,62692.4,62984.0,62685.6,62984.0,0.022629
2026-06-24 14:45:00,62984.0,62984.0,62692.4,62943.6,0.000774
2026-06-24 15:00:00,62943.6,62943.6,62943.6,62943.6,3e-05
2026-06-24 15:15:00,62943.6,62943.6,62943.6,62943.6,6e-05
2026-06-24 15:30:00,62943.6,62984.0,62536.4,62834.8,21.410538
2026-06-24 15:45:00,62834.8,62834.8,62665.2,62834.8,0.002316
2026-06-24 16:00:00,62834.8,62834.8,62665.2,62834.8,0.001653
2026-06-24 16:15:00,62834.8,62834.8,62536.4,62665.2,0.023365
2026-06-24 16:30:00,62665.2,62817.9,62665.2,62759.2,0.000334
2026-06-24 16:45:00,62759.2,62834.8,62759.2,62834.8,0.000855
2026-06-24 17:00:00,62834.8,62834.8,62629.8,62831.8,0.000446
2026-06-24 17:15:00,62831.8,62831.8,62831.8,62831.8,0.0
2026-06-24 17:30:00,62831.8,62831.8,62567.2,62661.1,0.001052
2026-06-24 17:45:00,62661.1,62661.1,62567.2,62567.2,0.0001
2026-06-24 18:00:00,62567.2,62567.2,62536.4,62536.4,0.0001
2026-06-24 18:15:00,62536.4,62724.1,62536.4,62724.1,0.001335
2026-06-24 18:30:00,62724.1,62724.1,62536.4,62536.4,0.001
2026-06-24 18:45:00,62536.4,62630.2,62536.4,62630.2,0.00013
2026-06-24 19:00:00,62630.2,62630.2,62536.4,62630.2,0.00013
2026-06-24 19:15:00,62630.2,62630.2,62536.4,62630.2,1.002157
2026-06-24 19:30:00,62630.2,62831.8,62536.4,62831.8,0.010212
2026-06-24 19:45:00,62831.8,62831.8,62629.8,62629.8,0.000216
2026-06-24 20:00:00,62629.8,62984.0,62536.4,62984.0,39.552634
2026-06-24 20:15:00,62984.0,62984.0,62685.6,62685.6,0.00766
2026-06-24 20:30:00,62685.6,62943.6,62685.6,62880.7,19.693551
2026-06-24 20:45:00,62880.7,62984.0,62685.6,62943.6,0.000615
2026-06-24 21:00:00,62943.6,62943.6,62943.6,62943.6,3e-05
2026-06-24 21:15:00,62943.6,62984.0,62943.6,62984.0,0.001376
2026-06-24 21:30:00,62984.0,62984.0,62685.6,62880.7,0.015785
2026-06-24 21:45:00,62880.7,62943.6,62880.7,62943.6,0.00106
2026-06-24 22:00:00,62943.6,62943.6,62685.6,62685.6,0.006975
2026-06-24 22:15:00,62685.6,62943.6,62685.6,62685.6,0.002306
2026-06-24 22:30:00,62685.6,62880.7,62685.6,62880.7,0.000127
2026-06-24 22:45:00,62880.7,62880.7,62880.7,62880.7,0.000457
2026-06-24 23:00:00,62880.7,62943.6,62692.4,62943.6,0.00122
2026-06-24 23:15:00,62943.6,62984.0,62943.6,62943.6,0.000599
2026-06-24 23:30:00,62943.6,62984.0,62685.6,62685.6,0.012168
2026-06-24 23:45:00,62685.6,62880.7,62685.6,62880.7,6e-05
2026-06-25 00:00:00,62880.7,62880.7,60484.7,60746.0,288.043543
2026-06-25 00:15:00,60746.0,60746.0,60666.2,60746.0,0.000212
2026-06-25 00:30:00,60746.0,60746.0,60666.2,60746.0,0.000543
2026-06-25 00:45:00,60746.0,60746.0,60666.2,60746.0,0.000575
2026-06-25 01:00:00,60746.0,60746.0,60658.3,60746.0,0.005455
2026-06-25 01:15:00,60746.0,60746.0,60537.2,60746.0,0.008879
2026-06-25 01:30:00,60746.0,60746.0,60537.2,60746.0,0.029226
2026-06-25 01:45:00,60746.0,60746.0,60537.2,60746.0,0.000164
2026-06-25 02:00:00,60746.0,60746.0,60476.7,60746.0,0.008332
2026-06-25 02:15:00,60746.0,60746.0,60499.4,60719.0,0.001019
2026-06-25 02:30:00,60719.0,60746.0,60537.2,60746.0,0.000543
2026-06-25 02:45:00,60746.0,60746.0,60537.2,60746.0,0.00038
2026-06-25 03:00:00,60746.0,60746.0,60537.2,60746.0,0.003584
2026-06-25 03:15:00,60746.0,60746.0,60537.2,60746.0,0.00181
2026-06-25 03:30:00,60746.0,60746.0,60537.2,60746.0,0.100359
2026-06-25 03:45:00,60746.0,60746.0,60537.2,60746.0,0.000164
2026-06-25 04:00:00,60746.0,60746.0,60537.2,60746.0,0.000313
2026-06-25 04:15:00,60746.0,60746.0,60499.4,60719.0,0.001079
2026-06-25 04:30:00,60719.0,60719.0,60447.6,60658.3,0.064003
2026-06-25 04:45:00,60658.3,60666.0,60447.6,60666.0,0.000491
2026-06-25 05:00:00,60666.0,60666.0,60447.6,60447.6,0.005414
2026-06-25 05:15:00,60447.6,60658.3,60447.6,60658.3,0.000164
2026-06-25 05:30:00,60658.3,60658.3,60447.6,60658.3,0.002998
2026-06-25 05:45:00,60658.3,60746.0,60447.6,60746.0,0.016646
2026-06-25 06:00:00,60746.0,60746.0,60499.4,60746.0,0.009423
2026-06-25 06:15:00,60746.0,60746.0,60447.6,60499.4,0.031935
2026-06-25 06:30:00,60499.4,60666.0,60447.6,60447.6,0.149666
2026-06-25 06:45:00,60447.6,60666.0,60447.6,60447.6,0.0773
2026-06-25 07:00:00,60447.6,61342.8,60447.6,61044.4,87.270778
2026-06-25 07:15:00,61044.4,61267.7,61044.4,61044.4,0.240236
2026-06-25 07:30:00,61044.4,61342.8,61044.4,61044.4,0.387185
2026-06-25 07:45:00,61044.4,61342.8,61044.4,61044.4,20.264062
2026-06-25 08:00:00,61044.4,61492.0,61044.4,61492.0,3.578908
2026-06-25 08:15:00,61492.0,61492.0,61193.6,61492.0,0.040705
2026-06-25 08:30:00,61492.0,61492.0,61492.0,61492.0,1.021358
2026-06-25 08:45:00,61492.0,61492.0,61491.8,61492.0,0.878059
2026-06-25 09:00:00,61492.0,61492.0,61491.8,61492.0,0.394206
2026-06-25 09:15:00,61492.0,61492.0,61492.0,61492.0,0.8588
2026-06-25 09:30:00,61492.0,61492.0,61492.0,61492.0,0.879893
2026-06-25 09:45:00,61492.0,61492.0,61492.0,61492.0,0.858816
2026-06-25 10:00:00,61492.0,61492.0,61491.9,61492.0,0.881502
2026-06-25 10:15:00,61492.0,61492.0,61492.0,61492.0,0.859254
2026-06-25 10:30:00,61492.0,61492.0,61491.6,61491.6,0.864183
2026-06-25 10:45:00,61491.6,61491.6,61484.3,61484.3,0.866355
2026-06-25 11:00:00,61484.3,61484.4,61478.9,61478.9,0.863293
2026-06-25 11:15:00,61478.9,61478.9,61472.0,61472.0,0.864898
2026-06-25 11:30:00,61472.0,61472.0,61465.6,61465.6,0.864363
2026-06-25 11:45:00,61465.6,61465.6,61459.0,61459.0,0.883545
2026-06-25 12:00:00,61459.0,61459.0,61452.0,61452.0,0.862356
2026-06-25 12:15:00,61452.0,61452.0,61446.1,61446.1,1.065697
2026-06-25 12:30:00,61446.1,61446.7,61440.0,61440.0,0.863252
2026-06-25 12:45:00,61440.0,61440.1,61432.7,61432.7,0.865043
2026-06-25 13:00:00,61432.7,61432.8,61425.9,61425.9,0.860184
2026-06-25 13:15:00,61425.9,61426.1,61418.3,61418.3,0.864882
2026-06-25 13:30:00,61418.3,61418.4,61411.8,61411.8,0.861374
2026-06-25 13:45:00,61411.8,61411.9,61044.4,61044.4,24.331564
2026-06-25 14:00:00,61044.4,61044.6,61044.4,61044.4,0.913728
2026-06-25 14:15:00,61044.4,61044.8,61044.4,61044.4,0.905236
2026-06-25 14:30:00,61044.4,61044.6,61044.4,61044.4,0.868337
2026-06-25 14:45:00,61044.4,61044.7,61044.4,61044.4,0.869194
2026-06-25 15:00:00,61044.4,61044.6,61044.4,61044.4,0.870689
2026-06-25 15:15:00,61044.4,61044.6,61044.4,61044.4,0.872883
2026-06-25 15:30:00,61044.4,61044.7,61044.4,61044.4,0.875396
2026-06-25 15:45:00,61044.4,61044.5,61044.4,61044.4,0.870051
2026-06-25 16:00:00,61044.4,61044.5,61044.4,61044.4,0.8748
2026-06-25 16:15:00,61044.4,61044.5,61044.4,61044.4,0.865104
2026-06-25 16:30:00,61044.4,62227.45,61044.4,62193.0,154.091989
2026-06-25 16:45:00,62193.0,62238.0,61939.6,62088.8,40.23805
2026-06-25 17:00:00,62088.8,62089.0,62088.8,62088.8,0.906491
2026-06-25 17:15:00,62088.8,62089.1,62088.8,62088.8,0.854657
2026-06-25 17:30:00,62088.8,62089.1,62088.8,62088.8,0.861174
2026-06-25 17:45:00,62088.8,62089.1,62088.8,62088.8,1.843657
2026-06-25 18:00:00,62088.8,62089.2,62088.8,62088.8,0.857066
2026-06-25 18:15:00,62088.8,62089.2,62088.8,62088.8,0.851236
2026-06-25 18:30:00,62088.8,62089.2,62088.8,62088.8,0.853349
2026-06-25 18:45:00,62088.8,62089.1,62088.8,62088.8,0.855569
2026-06-25 19:00:00,62088.8,62089.0,62088.8,62088.8,0.852234
2026-06-25 19:15:00,62088.8,62089.1,62088.8,62088.8,0.863467
2026-06-25 19:30:00,62088.8,62089.3,62088.8,62088.8,0.860463
2026-06-25 19:45:00,62088.8,62089.1,62088.8,62088.8,0.856401
2026-06-25 20:00:00,62088.8,62089.0,62088.8,62088.8,0.854518
2026-06-25 20:15:00,62088.8,62089.0,62088.8,62088.8,0.855891
2026-06-25 20:30:00,62088.8,62089.1,62088.8,62088.8,0.851269
2026-06-25 20:45:00,62088.8,62088.9,62088.8,62088.8,0.85887
2026-06-25 21:00:00,62088.8,62089.1,62088.8,62088.8,0.850914
2026-06-25 21:15:00,62088.8,62089.2,62088.8,62088.8,0.852657
2026-06-25 21:30:00,62088.8,62088.9,62088.8,62088.8,0.86048
2026-06-25 21:45:00,62088.8,62089.0,62088.8,62088.8,0.852153
2026-06-25 22:00:00,62088.8,62089.1,62088.8,62088.8,0.859478
2026-06-25 22:15:00,62088.8,62089.0,62088.8,62088.8,0.855252
2026-06-25 22:30:00,62088.8,62089.0,62088.8,62088.8,0.857795
2026-06-25 22:45:00,62088.8,62088.9,62088.8,62088.8,0.873162
2026-06-25 23:00:00,62088.8,62088.9,62087.8,62087.8,0.857955
2026-06-25 23:15:00,62087.8,62087.9,62081.9,62081.9,0.854305
2026-06-25 23:30:00,62081.9,62082.0,62075.0,62075.0,0.860446
2026-06-25 23:45:00,62075.0,62075.1,62069.0,62069.0,0.908308
2026-06-26 00:00:00,62069.0,62069.1,59792.5,59796.4,319.034593
2026-06-26 00:15:00,59796.4,59799.7,59796.3,59798.4,0.886565
2026-06-26 00:30:00,59798.4,59798.4,59793.6,59795.3,0.883263
2026-06-26 00:45:00,59795.3,59795.3,59790.2,59790.2,0.888768
2026-06-26 01:00:00,59790.2,59790.5,59743.2,59743.5,1.890712
2026-06-26 01:15:00,59743.5,59743.5,59743.2,59743.2,0.891582
2026-06-26 01:30:00,59743.2,59743.5,59743.2,59743.2,0.980683
2026-06-26 01:45:00,59743.2,59743.4,59743.2,59743.2,0.940805
2026-06-26 02:00:00,59743.2,59743.5,59743.2,59743.2,0.886034
2026-06-26 02:15:00,59743.2,59743.4,59743.2,59743.2,0.891437
2026-06-26 02:30:00,59743.2,59743.3,58845.8,58845.8,160.938575
2026-06-26 02:45:00,58845.8,58846.0,58845.8,58845.8,0.903195
2026-06-26 03:00:00,58845.8,58848.3,58845.8,58848.3,1.520058
2026-06-26 03:15:00,58848.3,58853.0,58848.2,58853.0,0.890145
2026-06-26 03:30:00,58853.0,58859.6,58853.0,58859.6,0.904587
2026-06-26 03:45:00,58859.6,58865.6,58859.6,58865.6,0.905159
2026-06-26 04:00:00,58865.6,58871.5,58865.6,58871.5,1.139538
2026-06-26 04:15:00,58871.5,58877.7,58871.5,58877.7,0.904573
2026-06-26 04:30:00,58877.7,58885.1,58877.7,58885.1,0.908685
2026-06-26 04:45:00,58885.1,58891.9,58885.1,58891.9,0.902703
2026-06-26 05:00:00,58891.9,58898.9,58891.9,58898.9,1.022028
2026-06-26 05:15:00,58898.9,58906.5,58898.8,58906.5,1.147278
2026-06-26 05:30:00,58906.5,58915.3,58906.5,58915.3,0.929097
2026-06-26 05:45:00,58915.3,58921.6,58915.2,58921.6,0.92171
2026-06-26 06:00:00,58921.6,58928.4,58921.6,58928.4,0.903394
2026-06-26 06:15:00,58928.4,58935.7,58928.4,58935.7,0.917231
2026-06-26 06:30:00,58935.7,58941.9,58935.7,58941.9,0.917439
2026-06-26 06:45:00,58941.9,58949.9,58941.9,58949.9,0.921556
2026-06-26 07:00:00,58949.9,58956.4,58949.9,58956.4,0.913035
2026-06-26 07:15:00,58956.4,58963.5,58956.2,58963.5,0.918868
2026-06-26 07:30:00,58963.5,58970.1,58963.5,58970.1,0.916313
2026-06-26 07:45:00,58970.1,58976.4,58969.9,58976.4,0.908199
2026-06-26 08:00:00,58976.4,58982.7,58976.3,58982.7,0.731801
2026-06-26 08:15:00,58982.7,58990.1,58982.7,58990.1,0.90799
2026-06-26 08:30:00,58990.1,58998.8,58990.1,58998.8,1.183456
2026-06-26 08:45:00,58998.8,59004.1,58998.8,59004.1,0.910677
2026-06-26 09:00:00,59004.1,59010.7,59003.9,59010.7,0.895902
2026-06-26 09:15:00,59010.7,59017.4,59010.7,59017.4,0.906016
2026-06-26 09:30:00,59017.4,59023.6,59017.3,59023.6,0.91491
2026-06-26 09:45:00,59023.6,59028.8,59023.6,59028.8,0.900885
2026-06-26 10:00:00,59028.8,59036.6,59028.8,59036.6,0.902904
2026-06-26 10:15:00,59036.6,59044.3,59036.6,59044.3,0.898187
2026-06-26 10:30:00,59044.3,59049.2,59044.3,59049.2,0.902656
2026-06-26 10:45:00,59049.2,59055.7,59049.0,59055.7,1.902876
2026-06-26 11:00:00,59055.7,59063.1,59055.7,59063.1,0.92117
2026-06-26 11:15:00,59063.1,59070.9,59063.0,59070.9,0.895937
2026-06-26 11:30:00,59070.9,59077.3,59070.9,59077.3,0.90084
2026-06-26 11:45:00,59077.3,59085.5,59077.2,59085.5,0.896233
2026-06-26 12:00:00,59085.5,59091.5,59085.5,59091.5,0.902266
2026-06-26 12:15:00,59091.5,59098.8,59091.5,59098.8,0.894899
2026-06-26 12:30:00,59098.8,59102.2,59098.8,59102.2,0.897309
2026-06-26 12:45:00,59102.2,59102.2,59102.0,59102.2,0.895127
2026-06-26 13:00:00,59102.2,59102.2,59100.6,59101.5,1.140811
2026-06-26 13:15:00,59101.5,59102.2,59097.2,59097.2,0.8949
2026-06-26 13:30:00,59097.2,59100.4,59095.1,59100.4,0.902785
2026-06-26 13:45:00,59100.4,59102.2,59100.4,59102.2,0.902956
2026-06-26 14:00:00,59102.2,59102.2,59102.2,59102.2,0.894794
2026-06-26 14:15:00,59102.2,59102.2,59102.1,59102.2,0.899577
2026-06-26 14:30:00,59102.2,59102.2,59102.2,59102.2,0.935611
2026-06-26 14:45:00,59102.2,59102.2,59102.1,59102.2,0.925898
2026-06-26 15:00:00,59102.2,59102.2,59102.1,59102.2,0.902333
2026-06-26 15:15:00,59102.2,59102.2,59102.0,59102.2,0.904147
2026-06-26 15:30:00,59102.2,59102.2,59102.2,59102.2,0.893577
2026-06-26 15:45:00,59102.2,59102.2,59102.1,59102.2,0.900289
2026-06-26 16:00:00,59102.2,59102.2,59102.0,59102.2,0.918009
2026-06-26 16:15:00,59102.2,59102.2,59102.2,59102.2,0.898685
2026-06-26 16:30:00,59102.2,59102.2,59102.1,59102.2,0.894859
2026-06-26 16:45:00,59102.2,59102.2,59102.2,59102.2,0.902068
2026-06-26 17:00:00,59102.2,59102.2,59102.2,59102.2,0.894099
2026-06-26 17:15:00,59102.2,59102.2,59102.1,59102.1,0.895457
2026-06-26 17:30:00,59102.1,59102.2,59102.1,59102.2,0.902091
2026-06-26 17:45:00,59102.2,59102.2,59102.1,59102.2,0.894277
2026-06-26 18:00:00,59102.2,59102.2,59102.1,59102.2,0.900667
2026-06-26 18:15:00,59102.2,59102.2,59102.2,59102.2,0.894217
2026-06-26 18:30:00,59102.2,59102.2,59102.1,59102.2,0.901244
2026-06-26 18:45:00,59102.2,59102.2,59102.2,59102.2,0.895345
2026-06-26 19:00:00,59102.2,59102.2,59102.1,59102.2,0.913198
2026-06-26 19:15:00,59102.2,59102.2,59102.1,59102.2,0.898198
2026-06-26 19:30:00,59102.2,59107.2,59102.1,59107.2,0.909253
2026-06-26 19:45:00,59107.2,59112.5,59106.9,59112.5,0.912878
2026-06-26 20:00:00,59112.5,59118.5,59112.5,59118.5,0.899501
2026-06-26 20:15:00,59118.5,59124.8,59118.5,59124.8,0.895945
2026-06-26 20:30:00,59124.8,59132.0,59124.8,59131.9,0.900918
2026-06-26 20:45:00,59131.9,59136.9,59131.9,59136.9,0.895505
2026-06-26 21:00:00,59136.9,59143.6,59136.9,59143.6,0.899626
2026-06-26 21:15:00,59143.6,59150.5,59143.6,59150.5,0.89679
2026-06-26 21:30:00,59150.5,59155.3,59150.5,59155.3,0.894808
2026-06-26 21:45:00,59155.3,59161.5,59155.3,59161.5,0.900142
2026-06-26 22:00:00,59161.5,59168.2,59161.5,59168.2,0.892697
2026-06-26 22:15:00,59168.2,59174.3,59168.2,59174.3,0.898131
2026-06-26 22:30:00,59174.3,59181.5,59174.3,59181.5,0.89252
2026-06-26 22:45:00,59181.5,59187.9,59181.5,59187.9,0.899434
2026-06-26 23:00:00,59187.9,59193.7,59187.9,59193.7,0.892344
2026-06-26 23:15:00,59193.7,59200.9,59193.7,59200.9,0.917717
2026-06-26 23:30:00,59200.9,59207.6,59200.9,59207.6,0.920437
2026-06-26 23:45:00,59207.6,59214.1,59207.6,59214.1,0.963264
2026-06-27 00:00:00,59214.1,60149.2,59214.1,60116.4,158.153391
2026-06-27 00:15:00,60116.4,60116.4,60109.1,60109.1,0.873867
2026-06-27 00:30:00,60109.1,60109.1,60103.5,60103.7,0.88957
2026-06-27 00:45:00,60103.7,60103.8,60097.9,60097.9,0.8922
2026-06-27 01:00:00,60097.9,60098.2,60092.8,60092.9,0.884092
2026-06-27 01:15:00,60092.9,60092.9,60084.8,60084.8,0.884239
2026-06-27 01:30:00,60084.8,60084.8,60079.8,60079.8,0.880118
2026-06-27 01:45:00,60079.8,60079.9,60074.7,60074.7,0.884584
2026-06-27 02:00:00,60074.7,60074.8,60068.6,60069.9,0.87967
2026-06-27 02:15:00,60069.9,60077.4,60069.9,60077.4,0.891492
2026-06-27 02:30:00,60077.4,60085.3,60077.4,60085.3,0.879956
2026-06-27 02:45:00,60085.3,60091.5,60085.3,60091.5,0.900647
2026-06-27 03:00:00,60091.5,60098.6,60091.5,60098.6,0.898626
2026-06-27 03:15:00,60098.6,60104.4,60098.6,60104.4,0.885892
2026-06-27 03:30:00,60104.4,60111.8,60104.4,60111.8,0.878746
2026-06-27 03:45:00,60111.8,60117.6,60111.8,60117.6,0.884052
2026-06-27 04:00:00,60117.6,60125.3,60117.6,60125.3,0.879691
2026-06-27 04:15:00,60125.3,60131.3,60125.3,60131.3,0.879051
2026-06-27 04:30:00,60131.3,60138.4,60131.3,60138.4,0.887092
2026-06-27 04:45:00,60138.4,60143.1,60138.4,60143.1,0.881184
2026-06-27 05:00:00,60143.1,60149.2,60143.1,60149.2,0.884025
2026-06-27 05:15:00,60149.2,60149.2,60149.0,60149.2,0.883818
2026-06-27 05:30:00,60149.2,60149.2,60148.4,60149.2,1.046287
2026-06-27 05:45:00,60149.2,60149.2,60148.9,60149.2,0.8979
2026-06-27 06:00:00,60149.2,60149.2,60147.8,60148.0,0.885477
2026-06-27 06:15:00,60148.0,60149.2,60147.8,60149.2,0.888137
2026-06-27 06:30:00,60149.2,60149.2,60149.2,60149.2,0.883074
2026-06-27 06:45:00,60149.2,60149.2,60149.2,60149.2,0.878134
2026-06-27 07:00:00,60149.2,60149.2,60149.2,60149.2,0.884752
2026-06-27 07:15:00,60149.2,60149.2,60149.2,60149.2,0.878151
2026-06-27 07:30:00,60149.2,60149.2,60149.2,60149.2,0.88141
2026-06-27 07:45:00,60149.2,60149.2,60149.0,60149.2,0.890517
2026-06-27 08:00:00,60149.2,60149.2,60149.1,60149.2,0.882139
2026-06-27 08:15:00,60149.2,60149.2,60149.2,60149.2,0.883205
2026-06-27 08:30:00,60149.2,60149.2,60149.2,60149.2,1.044339
2026-06-27 08:45:00,60149.2,60149.2,60149.1,60149.2,0.884817
2026-06-27 09:00:00,60149.2,60149.2,60149.1,60149.2,0.913029
2026-06-27 09:15:00,60149.2,60149.2,60149.1,60149.2,0.884801
2026-06-27 09:30:00,60149.2,60149.2,60149.2,60149.2,0.894727
2026-06-27 09:45:00,60149.2,60149.2,60149.1,60149.2,0.887018
2026-06-27 10:00:00,60149.2,60149.2,60149.2,60149.2,0.879764
2026-06-27 10:15:00,60149.2,60149.2,60149.2,60149.2,0.787006
2026-06-27 10:30:00,60149.2,60149.2,60149.2,60149.2,0.79329
2026-06-27 10:45:00,60149.2,60149.2,60149.2,60149.2,0.890586
2026-06-27 11:00:00,60149.2,60149.2,60149.2,60149.2,0.883239
2026-06-27 11:15:00,60149.2,60149.2,60149.2,60149.2,0.883106
2026-06-27 11:30:00,60149.2,60151.7,60149.2,60151.7,0.882186
2026-06-27 11:45:00,60151.7,60159.6,60151.7,60159.6,1.520001
2026-06-27 12:00:00,60159.6,60167.3,60159.6,60167.3,1.38791
2026-06-27 12:15:00,60167.3,60173.3,60167.3,60173.3,0.882806
2026-06-27 12:30:00,60173.3,60181.1,60173.3,60181.1,0.896815
2026-06-27 12:45:00,60181.1,60187.7,60181.1,60187.7,0.882575
2026-06-27 13:00:00,60187.7,60190.1,60187.7,60190.1,0.877574
2026-06-27 13:15:00,60190.1,60196.0,60190.1,60196.0,0.882522
2026-06-27 13:30:00,60196.0,60201.0,60196.0,60201.0,0.877382
2026-06-27 13:45:00,60201.0,60207.9,60201.0,60207.9,0.882482
2026-06-27 14:00:00,60207.9,60214.2,60207.9,60214.2,0.910404
2026-06-27 14:15:00,60214.2,60220.3,60214.2,60220.3,0.655911
2026-06-27 14:30:00,60220.3,60228.3,60220.3,60228.3,0.891975
2026-06-27 14:45:00,60228.3,60234.6,60228.3,60234.6,0.886863
2026-06-27 15:00:00,60234.6,60240.6,60234.6,60240.6,0.881835
2026-06-27 15:15:00,60240.6,60247.4,60240.6,60247.4,0.878721
2026-06-27 15:30:00,60247.4,60254.0,60247.4,60254.0,0.88494
2026-06-27 15:45:00,60254.0,60259.8,60254.0,60259.8,0.902139
2026-06-27 16:00:00,60259.8,60267.4,60259.8,60267.4,0.88729
2026-06-27 16:15:00,60267.4,60274.2,60267.4,60274.2,0.8815
2026-06-27 16:30:00,60274.2,60280.3,60274.2,60280.3,0.876267
2026-06-27 16:45:00,60280.3,60286.7,60280.3,60286.7,0.881158
2026-06-27 17:00:00,60286.7,60293.4,60286.7,60293.4,0.932265
2026-06-27 17:15:00,60293.4,60298.4,60293.4,60298.4,0.900946
2026-06-27 17:30:00,60298.4,60298.4,60298.4,60298.4,0.876221
2026-06-27 17:45:00,60298.4,60298.4,60298.4,60298.4,0.880981
2026-06-27 18:00:00,60298.4,60298.4,60298.4,60298.4,0.877973
2026-06-27 18:15:00,60298.4,60298.4,60298.4,60298.4,0.876352
2026-06-27 18:30:00,60298.4,60298.4,60298.3,60298.4,0.883114
2026-06-27 18:45:00,60298.4,60298.4,60298.4,60298.4,0.876053
2026-06-27 19:00:00,60298.4,60298.4,60298.4,60298.4,0.880949
2026-06-27 19:15:00,60298.4,60298.4,60297.1,60297.9,0.934198
2026-06-27 19:30:00,60297.9,60298.0,60291.4,60291.4,0.89908
2026-06-27 19:45:00,60291.4,60291.5,60285.3,60285.3,0.893709
2026-06-27 20:00:00,60285.3,60285.3,60279.6,60279.6,0.881326
2026-06-27 20:15:00,60279.6,60279.6,60276.4,60276.4,0.876214
2026-06-27 20:30:00,60276.4,60276.4,60270.4,60270.4,0.881468
2026-06-27 20:45:00,60270.4,60274.3,60269.5,60273.5,0.890152
2026-06-27 21:00:00,60273.5,60280.6,60273.5,60280.6,0.881879
2026-06-27 21:15:00,60280.6,60288.0,60280.6,60288.0,0.879181
2026-06-27 21:30:00,60288.0,60292.9,60288.0,60290.5,0.880996
2026-06-27 21:45:00,60290.5,60290.5,60283.4,60283.4,0.87615
2026-06-27 22:00:00,60283.4,60283.6,60275.3,60275.3,0.881152
2026-06-27 22:15:00,60275.3,60275.3,60268.3,60268.3,0.877852
2026-06-27 22:30:00,60268.3,60268.3,60262.3,60262.3,0.884559
2026-06-27 22:45:00,60262.3,60262.3,60255.4,60255.4,0.877405
2026-06-27 23:00:00,60255.4,60257.0,60253.7,60254.2,0.881315
2026-06-27 23:15:00,60254.2,60254.2,60247.2,60247.2,0.877675
2026-06-27 23:30:00,60247.2,60247.2,60239.6,60239.6,0.880537
2026-06-27 23:45:00,60239.6,60239.6,60232.6,60232.6,0.881701
2026-06-28 00:00:00,60232.6,60232.6,60000.0,60005.4,2.465067
2026-06-28 00:15:00,60005.4,60012.5,60005.4,60012.5,0.88521
2026-06-28 00:30:00,60012.5,60020.4,60012.5,60020.4,0.879956
2026-06-28 00:45:00,60020.4,60027.6,60020.4,60027.6,0.884902
2026-06-28 01:00:00,60027.6,60029.9,60027.6,60028.4,0.882672
2026-06-28 01:15:00,60028.4,60033.6,60028.3,60033.6,0.88481
2026-06-28 01:30:00,60033.6,60038.7,60033.5,60038.7,0.890567
2026-06-28 01:45:00,60038.7,60045.2,60038.7,60045.2,0.888642
2026-06-28 02:00:00,60045.2,60051.9,60045.2,60051.9,0.879504
2026-06-28 02:15:00,60051.9,60055.5,60051.9,60055.5,1.300954
2026-06-28 02:30:00,60055.5,60063.5,60055.5,60063.5,0.879355
2026-06-28 02:45:00,60063.5,60070.2,60063.5,60070.2,0.8793
2026-06-28 03:00:00,60070.2,60075.7,60070.2,60075.7,0.886116
2026-06-28 03:15:00,60075.7,60083.0,60075.6,60083.0,0.881267
2026-06-28 03:30:00,60083.0,60089.3,60083.0,60089.3,0.884137
2026-06-28 03:45:00,60089.3,60095.5,60089.3,60095.5,0.878932
2026-06-28 04:00:00,60095.5,60101.8,60095.5,60101.8,1.538179
2026-06-28 04:15:00,60101.8,60108.9,60101.7,60108.9,1.288091
2026-06-28 04:30:00,60108.9,60114.0,60108.9,60114.0,1.292788
2026-06-28 04:45:00,60114.0,60120.7,60114.0,60120.7,0.87846
2026-06-28 05:00:00,60120.7,60121.1,60116.1,60116.2,0.885795
2026-06-28 05:15:00,60116.2,60117.8,60112.5,60112.5,0.937338
2026-06-28 05:30:00,60112.5,60112.6,60105.6,60105.6,0.916844
2026-06-28 05:45:00,60105.6,60105.7,60100.7,60100.7,1.174526
2026-06-28 06:00:00,60100.7,60100.7,60000.0,60001.5,12.075702
2026-06-28 06:15:00,60001.5,60004.0,60001.3,60003.9,0.918279
2026-06-28 06:30:00,60003.9,60005.7,60003.6,60004.3,0.900677
2026-06-28 06:45:00,60004.3,60004.3,60001.2,60001.2,1.38922
2026-06-28 07:00:00,60001.2,60003.9,60000.7,60003.9,1.437617
2026-06-28 07:15:00,60003.9,60010.8,60003.9,60010.8,1.662131
2026-06-28 07:30:00,60010.8,60017.4,60010.8,60017.4,3.943475
2026-06-28 07:45:00,60017.4,60023.6,60017.2,60023.6,3.308509
2026-06-28 08:00:00,60023.6,60298.4,60000.0,60000.3,5.335345
2026-06-28 08:15:00,60000.3,63224.8,60000.0,62984.0,453.970198
2026-06-28 08:30:00,62984.0,63195.7,62685.6,62748.5,114.088014
2026-06-28 08:45:00,62748.5,62748.5,62743.7,62744.0,0.852834
2026-06-28 09:00:00,62744.0,62746.7,62744.0,62746.6,0.865408
2026-06-28 09:15:00,62746.6,62747.2,62742.4,62742.4,0.849782
2026-06-28 09:30:00,62742.4,62742.5,62738.2,62739.6,0.942208
2026-06-28 09:45:00,62739.6,62739.6,62737.5,62738.4,0.86553
2026-06-28 10:00:00,62738.4,62739.6,62737.0,62737.0,0.867171
2026-06-28 10:15:00,62737.0,62737.1,62730.7,62730.7,1.177866
2026-06-28 10:30:00,62730.7,62730.7,62724.1,62724.1,1.160333
2026-06-28 10:45:00,62724.1,62724.2,62718.8,62718.8,0.865621
2026-06-28 11:00:00,62718.8,62718.8,62712.0,62712.0,0.957734
2026-06-28 11:15:00,62712.0,62712.0,62705.7,62705.7,0.86137
2026-06-28 11:30:00,62705.7,62705.7,62699.1,62699.1,1.164137
2026-06-28 11:45:00,62699.1,62699.1,62691.9,62691.9,0.938767
2026-06-28 12:00:00,62691.9,62691.9,62686.9,62687.6,0.899873
2026-06-28 12:15:00,62687.6,62690.0,62686.9,62687.1,0.863788
2026-06-28 12:30:00,62687.1,62687.2,62685.6,62685.6,0.844503
2026-06-28 12:45:00,62685.6,62686.2,62685.6,62685.6,1.083181
2026-06-28 13:00:00,62685.6,62685.8,62685.6,62685.6,0.87191
2026-06-28 13:15:00,62685.6,62685.8,62685.6,62685.6,0.848864
2026-06-28 13:30:00,62685.6,62685.8,62685.6,62685.6,0.842366
2026-06-28 13:45:00,62685.6,62685.9,62685.6,62685.6,0.847357
2026-06-28 14:00:00,62685.6,62685.9,62685.6,62685.6,0.842556
2026-06-28 14:15:00,62685.6,62685.8,62685.6,62685.6,0.843194
2026-06-28 14:30:00,62685.6,62685.9,62685.6,62685.6,0.847152
2026-06-28 14:45:00,62685.6,62685.9,62685.6,62685.6,0.843981
2026-06-28 15:00:00,62685.6,62685.7,62685.6,62685.6,0.847152
2026-06-28 15:15:00,62685.6,62685.7,62685.6,62685.6,0.842396
2026-06-28 15:30:00,62685.6,62685.7,62685.6,62685.6,0.847152
2026-06-28 15:45:00,62685.6,62685.7,62685.6,62685.6,0.842714
2026-06-28 16:00:00,62685.6,62685.8,62685.6,62685.6,0.847357
2026-06-28 16:15:00,62685.6,62685.7,62685.6,62685.6,3.788183
2026-06-28 16:30:00,62685.6,62685.6,62536.4,62536.4,3.714795
2026-06-28 16:45:00,62536.4,62536.6,62536.4,62536.4,0.844508
2026-06-28 17:00:00,62536.4,62536.7,62536.4,62536.4,2.280599
2026-06-28 17:15:00,62536.4,62536.5,62536.4,62536.4,0.844508
2026-06-28 17:30:00,62536.4,62536.5,62387.2,62387.2,23.856068
2026-06-28 17:45:00,62387.2,62387.3,62387.2,62387.2,0.851257
2026-06-28 18:00:00,62387.2,62387.5,62387.2,62387.2,0.846416
2026-06-28 18:15:00,62387.2,62387.3,62387.2,62387.2,0.851433
2026-06-28 18:30:00,62387.2,62387.6,62387.2,62387.2,0.848824
2026-06-28 18:45:00,62387.2,62387.4,62387.2,62387.2,0.875246
2026-06-28 19:00:00,62387.2,62387.3,62387.2,62387.2,0.846416
2026-06-28 19:15:00,62387.2,62387.3,62387.2,62387.2,0.851257
2026-06-28 19:30:00,62387.2,62387.6,62387.2,62387.2,0.862212
2026-06-28 19:45:00,62387.2,62387.2,62238.0,62238.0,10.969962
2026-06-28 20:00:00,62238.0,62238.1,62238.0,62238.0,0.854153
2026-06-28 20:15:00,62238.0,62238.1,62238.0,62238.0,0.84856
2026-06-28 20:30:00,62238.0,62238.1,62238.0,62238.0,0.853609
2026-06-28 20:45:00,62238.0,62238.3,62238.0,62238.0,0.84866
2026-06-28 21:00:00,62238.0,62238.1,62238.0,62238.0,0.87742
2026-06-28 21:15:00,62238.0,62238.3,62238.0,62238.0,1.721493
2026-06-28 21:30:00,62238.0,62238.1,62238.0,62238.0,0.800418
2026-06-28 21:45:00,62238.0,62238.1,62238.0,62238.0,0.84866
2026-06-28 22:00:00,62238.0,62238.1,62238.0,62238.0,0.853449
2026-06-28 22:15:00,62238.0,62238.1,62238.0,62238.0,5.000144
2026-06-28 22:30:00,62238.0,62238.0,61939.6,61939.6,29.750276
2026-06-28 22:45:00,61939.6,61939.8,61939.6,61939.6,16.815192
2026-06-28 23:00:00,61939.6,61939.7,61939.6,61939.6,0.852676
2026-06-28 23:15:00,61939.6,61939.8,61939.6,61939.6,0.857697
2026-06-28 23:30:00,61939.6,61939.7,61939.6,61939.6,0.858993
2026-06-28 23:45:00,61939.6,61939.9,61939.6,61939.6,0.863145
2026-06-29 00:00:00,61939.6,61939.7,58933.1,58968.8,453.101853
2026-06-29 00:15:00,58968.8,58975.8,58968.7,58975.8,0.895662
2026-06-29 00:30:00,58975.8,58982.8,58975.8,58982.8,0.900431
2026-06-29 00:45:00,58982.8,58989.4,58982.8,58989.4,0.89528
2026-06-29 01:00:00,58989.4,58994.4,58989.4,58994.4,0.723492
2026-06-29 01:15:00,58994.4,59002.2,58994.4,59002.2,0.895703
2026-06-29 01:30:00,59002.2,59008.3,59002.2,59008.3,0.900346
2026-06-29 01:45:00,59008.3,59014.8,59008.3,59014.8,1.91058
2026-06-29 02:00:00,59014.8,59020.9,59014.6,59020.0,1.26883
2026-06-29 02:15:00,59020.0,59102.2,58845.8,59102.2,16.223419
2026-06-29 02:30:00,59102.2,59102.2,58845.8,59102.2,33.923979
2026-06-29 02:45:00,59102.2,59102.2,59102.1,59102.2,0.893556
2026-06-29 03:00:00,59102.2,59102.2,59102.1,59102.2,0.986141
2026-06-29 03:15:00,59102.2,59102.2,59102.1,59102.2,0.900307
2026-06-29 03:30:00,59102.2,59102.2,59102.1,59102.2,1.053124
2026-06-29 03:45:00,59102.2,59102.2,59102.0,59102.2,1.034897
2026-06-29 04:00:00,59102.2,59102.2,59102.0,59102.2,1.005038
2026-06-29 04:15:00,59102.2,59102.2,59102.0,59102.2,0.903617
2026-06-29 04:30:00,59102.2,59107.9,59102.1,59107.9,0.980192
2026-06-29 04:45:00,59107.9,59115.2,59107.9,59115.2,0.943566
2026-06-29 05:00:00,59115.2,59122.6,59115.2,59122.6,0.893332
2026-06-29 05:15:00,59122.6,59128.9,59122.6,59128.9,0.916942
2026-06-29 05:30:00,59128.9,59134.2,59128.9,59134.2,1.16235
2026-06-29 05:45:00,59134.2,59141.6,59134.1,59141.6,1.18487
2026-06-29 06:00:00,59141.6,59142.7,58974.0,58979.6,10.372876
2026-06-29 06:15:00,58979.6,58987.9,58979.6,58987.9,0.904097
2026-06-29 06:30:00,58987.9,58994.3,58987.9,58994.3,0.900523
2026-06-29 06:45:00,58994.3,58999.0,58974.0,58974.1,10.676644
2026-06-29 07:00:00,58974.1,58979.4,58974.1,58979.4,1.447407
2026-06-29 07:15:00,58979.4,59230.4,58979.4,59230.4,8.025593
2026-06-29 07:30:00,59230.4,59230.4,59230.3,59230.4,2.659338
2026-06-29 07:45:00,59230.4,59230.4,59230.1,59230.4,1.451342
2026-06-29 08:00:00,59230.4,59230.4,59230.3,59230.4,1.16708
2026-06-29 08:15:00,59230.4,59230.4,59230.1,59230.4,1.100851
2026-06-29 08:30:00,59230.4,59230.4,59230.0,59230.4,4.939686
2026-06-29 08:45:00,59230.4,59230.4,58974.0,59230.4,3.3069
2026-06-29 09:00:00,59230.4,59230.4,59230.2,59230.4,0.016968
2026-06-29 09:15:00,59230.4,59230.4,59230.2,59230.4,0.853
2026-06-29 09:30:00,59230.4,59230.4,59230.3,59230.3,1.554534
2026-06-29 09:45:00,59230.3,59230.4,59229.9,59230.1,0.9762
2026-06-29 10:00:00,59230.1,59230.4,59229.5,59230.1,1.188397
2026-06-29 10:15:00,59230.1,59230.4,59229.4,59230.1,1.07357
2026-06-29 10:30:00,59230.1,59230.4,59229.3,59230.4,0.962893
2026-06-29 10:45:00,59230.4,59230.4,59230.2,59230.4,0.921578
2026-06-29 11:00:00,59230.4,59230.4,59230.2,59230.4,0.981864
2026-06-29 11:15:00,59230.4,59234.8,59230.2,59234.8,0.919455
2026-06-29 11:30:00,59234.8,59240.1,59234.7,59240.1,0.901875
2026-06-29 11:45:00,59240.1,59247.6,59240.0,59247.6,0.910499
2026-06-29 12:00:00,59247.6,59252.5,59247.6,59252.5,0.900693
2026-06-29 12:15:00,59252.5,59259.0,59252.4,59259.0,0.905752
2026-06-29 12:30:00,59259.0,59264.7,59259.0,59264.6,0.903512
2026-06-29 12:45:00,59264.6,59271.0,59264.6,59271.0,0.917581
2026-06-29 13:00:00,59271.0,59276.2,59271.0,59276.2,1.931064
2026-06-29 13:15:00,59276.2,59282.1,59276.1,59282.1,0.918688
2026-06-29 13:30:00,59282.1,59288.0,59282.1,59287.7,0.99609
2026-06-29 13:45:00,59287.7,59293.0,59287.6,59292.5,0.975327
2026-06-29 14:00:00,59292.5,59296.3,59292.5,59294.2,0.925436
2026-06-29 14:15:00,59294.2,59358.6,59102.2,59281.5,2.941728
2026-06-29 14:30:00,59281.5,59286.6,59281.5,59286.2,0.965402
2026-06-29 14:45:00,59286.2,59289.5,59285.9,59289.4,0.95978
2026-06-29 15:00:00,59289.4,59290.3,59286.4,59286.4,1.575086
2026-06-29 15:15:00,59286.4,59289.6,59286.4,59289.6,0.938498
2026-06-29 15:30:00,59289.6,59294.6,59289.5,59294.6,0.939896
2026-06-29 15:45:00,59294.6,59299.9,59294.6,59299.9,0.910746
2026-06-29 16:00:00,59299.9,59305.3,59299.9,59304.9,0.944214
2026-06-29 16:15:00,59304.9,59309.4,59304.7,59309.4,0.962259
2026-06-29 16:30:00,59309.4,59314.0,59309.4,59313.7,0.944435
2026-06-29 16:45:00,59313.7,59315.0,59102.2,59314.8,1.936183
2026-06-29 17:00:00,59314.8,59319.2,59314.8,59319.2,1.687767
2026-06-29 17:15:00,59319.2,59329.0,59319.2,59329.0,0.901768
2026-06-29 17:30:00,59329.0,59336.6,59329.0,59336.6,0.906231
2026-06-29 17:45:00,59336.6,59342.1,59336.5,59342.1,1.964927
2026-06-29 18:00:00,59342.1,59347.7,59342.1,59347.7,0.897255
2026-06-29 18:15:00,59347.7,59355.0,59347.7,59355.0,0.906395
2026-06-29 18:30:00,59355.0,59358.6,59355.0,59358.6,0.91249
2026-06-29 18:45:00,59358.6,59358.6,59358.4,59358.6,0.905786
2026-06-29 19:00:00,59358.6,59358.6,59358.5,59358.6,0.899315
2026-06-29 19:15:00,59358.6,59358.6,59358.3,59358.4,0.917323
2026-06-29 19:30:00,59358.4,59358.6,59358.4,59358.6,0.928653
2026-06-29 19:45:00,59358.6,59358.6,59358.5,59358.5,0.877927
2026-06-29 20:00:00,59358.5,59358.6,59358.4,59358.4,0.761026
2026-06-29 20:15:00,59358.4,59358.6,59358.1,59358.6,0.92281
2026-06-29 20:30:00,59358.6,59358.6,59358.4,59358.6,0.903656
2026-06-29 20:45:00,59358.6,59358.6,59358.3,59358.3,0.920587
2026-06-29 21:00:00,59358.3,59358.6,59358.3,59358.6,0.941111
2026-06-29 21:15:00,59358.6,59358.6,59358.4,59358.6,0.932473
2026-06-29 21:30:00,59358.6,59358.6,59358.1,59358.6,0.958638
2026-06-29 21:45:00,59358.6,59358.6,59358.4,59358.6,0.940895
2026-06-29 22:00:00,59358.6,59358.6,59358.4,59358.6,0.926891
2026-06-29 22:15:00,59358.6,59358.6,59358.5,59358.6,0.784431
2026-06-29 22:30:00,59358.6,59358.6,59358.4,59358.6,0.926015
2026-06-29 22:45:00,59358.6,59358.6,59357.6,59358.1,0.866731
2026-06-29 23:00:00,59358.1,59358.6,59357.1,59358.6,0.947435
2026-06-29 23:15:00,59358.6,59358.6,59358.3,59358.6,0.951384
2026-06-29 23:30:00,59358.6,59358.6,59358.2,59358.6,0.89839
2026-06-29 23:45:00,59358.6,59358.6,59358.4,59358.6,0.901562
2026-06-30 00:00:00,59358.6,60298.4,59358.5,60118.6,140.716267
2026-06-30 00:15:00,60118.6,60120.7,60115.8,60115.8,0.89543
2026-06-30 00:30:00,60115.8,60115.8,60109.1,60109.1,0.882824
2026-06-30 00:45:00,60109.1,60109.2,60102.8,60102.8,0.961226
2026-06-30 01:00:00,60102.8,60103.1,60097.2,60097.2,0.888565
2026-06-30 01:15:00,60097.2,60097.2,60090.1,60090.1,0.888017
2026-06-30 01:30:00,60090.1,60090.3,60082.3,60082.3,0.883034
2026-06-30 01:45:00,60082.3,60082.3,60073.7,60073.7,0.889942
2026-06-30 02:00:00,60073.7,60073.8,60066.9,60066.9,0.883715
2026-06-30 02:15:00,60066.9,60066.9,60059.9,60059.9,0.8902
2026-06-30 02:30:00,60059.9,60060.1,60056.0,60056.0,0.885117
2026-06-30 02:45:00,60056.0,60056.0,60047.9,60047.9,0.890394
2026-06-30 03:00:00,60047.9,60047.9,60042.1,60042.1,0.903748
2026-06-30 03:15:00,60042.1,60042.1,60035.1,60035.1,0.88413
2026-06-30 03:30:00,60035.1,60035.1,60027.8,60027.8,0.886876
2026-06-30 03:45:00,60027.8,60027.8,60022.6,60022.7,0.911515
2026-06-30 04:00:00,60022.7,60022.7,60016.4,60016.4,1.620658
2026-06-30 04:15:00,60016.4,60016.4,60011.0,60011.0,0.899433
2026-06-30 04:30:00,60011.0,60011.0,60005.6,60005.6,0.890724
2026-06-30 04:45:00,60005.6,60005.7,60000.0,60000.0,0.887029
2026-06-30 05:00:00,60000.0,60000.2,60000.0,60000.0,0.894193
2026-06-30 05:15:00,60000.0,60000.3,60000.0,60000.0,0.889568
2026-06-30 05:30:00,60000.0,60000.3,60000.0,60000.0,0.889452
2026-06-30 05:45:00,60000.0,60000.4,60000.0,60000.0,0.900803
2026-06-30 06:00:00,60000.0,60000.2,60000.0,60000.0,0.883338
2026-06-30 06:15:00,60000.0,60000.3,60000.0,60000.0,0.906917
2026-06-30 06:30:00,60000.0,60000.2,60000.0,60000.0,0.880285
2026-06-30 06:45:00,60000.0,60000.1,60000.0,60000.0,1.043814
2026-06-30 07:00:00,60000.0,60000.2,60000.0,60000.0,0.966884
2026-06-30 07:15:00,60000.0,60000.2,60000.0,60000.0,0.96975
2026-06-30 07:30:00,60000.0,60000.3,60000.0,60000.0,1.052087
2026-06-30 07:45:00,60000.0,60000.3,60000.0,60000.0,1.014795
2026-06-30 08:00:00,60000.0,60000.4,60000.0,60000.0,0.951755
2026-06-30 08:15:00,60000.0,60000.5,60000.0,60000.0,1.88529
2026-06-30 08:30:00,60000.0,60000.4,60000.0,60000.0,1.294335
2026-06-30 08:45:00,60000.0,60000.4,60000.0,60000.0,1.047812
2026-06-30 09:00:00,60000.0,60000.4,60000.0,60000.0,0.952007
2026-06-30 09:15:00,60000.0,60000.3,60000.0,60000.0,0.938188
2026-06-30 09:30:00,60000.0,60000.4,60000.0,60000.0,0.971456
2026-06-30 09:45:00,60000.0,60000.2,60000.0,60000.0,0.951495
2026-06-30 10:00:00,60000.0,60000.5,60000.0,60000.0,1.009143
2026-06-30 10:15:00,60000.0,60000.4,60000.0,60000.0,1.011448
2026-06-30 10:30:00,60000.0,60000.3,60000.0,60000.0,0.994695
2026-06-30 10:45:00,60000.0,60000.4,60000.0,60000.0,0.920957
2026-06-30 11:00:00,60000.0,60000.3,60000.0,60000.0,0.959384
2026-06-30 11:15:00,60000.0,60000.1,59994.8,59995.1,1.286027
2026-06-30 11:30:00,59995.1,59995.1,59989.6,59989.6,0.955245
2026-06-30 11:45:00,59989.6,59989.6,59982.3,59982.3,0.90238
2026-06-30 12:00:00,59982.3,59982.3,59973.8,59973.8,0.881938
2026-06-30 12:15:00,59973.8,59973.8,59964.6,59964.6,0.889427
2026-06-30 12:30:00,59964.6,59964.6,59958.0,59958.0,0.920892
2026-06-30 12:45:00,59958.0,59958.0,59950.4,59950.4,1.885908
2026-06-30 13:00:00,59950.4,59950.4,59944.6,59944.6,0.881028
2026-06-30 13:15:00,59944.6,59944.6,59871.4,59871.4,20.970478
2026-06-30 13:30:00,59871.4,59885.2,59871.4,59883.9,20.970293
2026-06-30 13:45:00,59883.9,59883.9,59876.4,59876.4,0.882202
2026-06-30 14:00:00,59876.4,59876.4,59871.4,59871.4,0.891093
2026-06-30 14:15:00,59871.4,59871.6,59871.4,59871.4,0.882932
2026-06-30 14:30:00,59871.4,59871.7,59871.4,59871.4,0.89426
2026-06-30 14:45:00,59871.4,59871.8,59871.4,59871.4,0.885436
2026-06-30 15:00:00,59871.4,59871.5,59871.4,59871.4,0.887079
2026-06-30 15:15:00,59871.4,59871.7,59871.4,59871.4,0.882932
2026-06-30 15:30:00,59871.4,59871.7,59871.4,59871.4,0.888749
2026-06-30 15:45:00,59871.4,59871.4,59864.9,59865.2,0.893359
2026-06-30 16:00:00,59865.2,59865.2,59858.7,59858.7,0.899148
2026-06-30 16:15:00,59858.7,59858.7,59851.9,59851.9,0.883053
2026-06-30 16:30:00,59851.9,59851.9,59843.9,59843.9,0.885479
2026-06-30 16:45:00,59843.9,59843.9,59838.0,59838.0,0.887642
2026-06-30 17:00:00,59838.0,59838.0,59831.8,59831.8,0.882627
2026-06-30 17:15:00,59831.8,59831.8,59824.9,59824.9,0.887819
2026-06-30 17:30:00,59824.9,59824.9,59819.4,59819.4,0.883068
2026-06-30 17:45:00,59819.4,59819.4,59811.7,59811.7,0.888828
2026-06-30 18:00:00,59811.7,59811.7,59805.7,59805.7,0.883036
2026-06-30 18:15:00,59805.7,59805.7,59799.2,59799.2,0.888356
2026-06-30 18:30:00,59799.2,59799.2,59792.2,59792.2,0.885571
2026-06-30 18:45:00,59792.2,59792.3,59784.1,59784.1,0.888404
2026-06-30 19:00:00,59784.1,59784.1,59777.6,59777.6,0.742849
2026-06-30 19:15:00,59777.6,59777.7,59771.5,59771.5,0.983728
2026-06-30 19:30:00,59771.5,59771.5,59764.6,59764.6,1.006444
2026-06-30 19:45:00,59764.6,59764.6,59759.1,59759.1,0.889843
2026-06-30 20:00:00,59759.1,59759.1,59753.7,59753.7,0.716614
2026-06-30 20:15:00,59753.7,59753.7,59746.4,59746.4,0.916062
2026-06-30 20:30:00,59746.4,59747.1,59743.2,59743.2,0.918648
2026-06-30 20:45:00,59743.2,59743.5,59743.2,59743.2,1.029706
2026-06-30 21:00:00,59743.2,59743.3,59743.2,59743.2,0.890025
2026-06-30 21:15:00,59743.2,59743.4,59743.2,59743.2,0.887036
2026-06-30 21:30:00,59743.2,59743.6,59743.2,59743.2,1.04412
2026-06-30 21:45:00,59743.2,59743.5,59743.2,59743.2,0.952578
2026-06-30 22:00:00,59743.2,59743.5,59743.2,59743.2,0.885003
2026-06-30 22:15:00,59743.2,59743.5,59743.2,59743.2,0.910432
2026-06-30 22:30:00,59743.2,59743.6,59743.2,59743.2,0.948693
2026-06-30 22:45:00,59743.2,59743.4,59743.2,59743.2,0.936008
2026-06-30 23:00:00,59743.2,59743.5,59743.2,59743.2,0.966164
2026-06-30 23:15:00,59743.2,59743.4,59743.2,59743.2,1.030907
2026-06-30 23:30:00,59743.2,59743.6,59743.2,59743.2,0.906757
2026-06-30 23:45:00,59743.2,59743.9,59743.2,59743.2,1.06109
2026-07-01 00:00:00,59743.2,59743.3,58133.04,58309.2,245.371987
2026-07-01 00:15:00,58309.2,58316.1,58309.2,58316.1,1.04599
2026-07-01 00:30:00,58316.1,58322.4,58316.1,58322.4,0.987133
2026-07-01 00:45:00,58322.4,58329.9,58322.4,58329.9,0.915216
2026-07-01 01:00:00,58329.9,58332.1,58328.3,58328.3,2.14236
2026-07-01 01:15:00,58328.3,58328.3,58324.6,58325.4,1.035047
2026-07-01 01:30:00,58325.4,58330.0,58325.4,58330.0,0.931621
2026-07-01 01:45:00,58330.0,58333.0,58330.0,58333.0,0.909999
2026-07-01 02:00:00,58333.0,58333.0,58332.9,58333.0,0.910678
2026-07-01 02:15:00,58333.0,58333.0,58332.7,58333.0,0.905336
2026-07-01 02:30:00,58333.0,58333.0,58332.8,58333.0,0.924171
2026-07-01 02:45:00,58333.0,58333.0,58332.9,58333.0,0.906809
2026-07-01 03:00:00,58333.0,58333.0,58332.6,58333.0,3.395171
2026-07-01 03:15:00,58333.0,58333.0,58332.8,58333.0,0.90705
2026-07-01 03:30:00,58333.0,58333.0,58332.8,58333.0,0.911496
2026-07-01 03:45:00,58333.0,58333.0,58332.9,58333.0,0.905336
2026-07-01 04:00:00,58333.0,58333.0,58332.9,58333.0,0.915975
2026-07-01 04:15:00,58333.0,58333.0,58332.9,58333.0,0.905336
2026-07-01 04:30:00,58333.0,58333.0,58332.9,58333.0,0.923616
2026-07-01 04:45:00,58333.0,58333.0,58332.9,58333.0,0.905336
2026-07-01 05:00:00,58333.0,58333.0,58332.8,58333.0,0.917335
2026-07-01 05:15:00,58333.0,58333.0,58332.9,58333.0,0.905507
2026-07-01 05:30:00,58333.0,58333.0,58332.8,58333.0,0.90561
2026-07-01 05:45:00,58333.0,58333.0,58332.7,58333.0,0.941897
2026-07-01 06:00:00,58333.0,58333.0,58332.8,58333.0,0.944263
2026-07-01 06:15:00,58333.0,58333.0,58332.8,58333.0,0.9835
2026-07-01 06:30:00,58333.0,58333.0,58332.9,58333.0,0.92673
2026-07-01 06:45:00,58333.0,61697.8,58332.9,61341.6,865.408644
2026-07-01 07:00:00,61341.6,61341.6,61335.7,61335.7,0.940859
2026-07-01 07:15:00,61335.7,61335.7,61327.2,61327.2,0.866343
2026-07-01 07:30:00,61327.2,61327.2,61320.5,61320.5,1.91749
2026-07-01 07:45:00,61320.5,61320.5,61313.7,61313.7,0.946242
2026-07-01 08:00:00,61313.7,61314.0,61308.1,61308.1,1.094521
2026-07-01 08:15:00,61308.1,61308.2,61301.0,61301.0,0.884373
2026-07-01 08:30:00,61301.0,61301.0,61294.9,61294.9,1.077378
2026-07-01 08:45:00,61294.9,61294.9,61287.5,61287.5,0.919079
2026-07-01 09:00:00,61287.5,61287.6,61281.0,61281.1,0.94569
2026-07-01 09:15:00,61281.1,61281.1,61275.4,61275.4,0.866914
2026-07-01 09:30:00,61275.4,61275.4,61268.2,61268.2,0.885715
2026-07-01 09:45:00,61268.2,61268.4,61265.5,61265.5,0.862473
2026-07-01 10:00:00,61265.5,61265.5,61259.4,61259.4,0.969984
2026-07-01 10:15:00,61259.4,61259.4,61251.2,61251.2,0.862275
2026-07-01 10:30:00,61251.2,61251.2,61244.2,61244.2,0.868212
2026-07-01 10:45:00,61244.2,61244.6,61237.7,61237.7,1.774656
2026-07-01 11:00:00,61237.7,61238.3,61232.1,61232.1,2.227693
2026-07-01 11:15:00,61232.1,61232.1,61225.3,61225.3,0.863281
2026-07-01 11:30:00,61225.3,61225.3,61217.1,61217.2,3.081712
2026-07-01 11:45:00,61217.2,61217.2,61209.4,61209.4,0.88514
2026-07-01 12:00:00,61209.4,61209.4,61201.0,61201.0,1.253661
2026-07-01 12:15:00,61201.0,61342.8,61194.4,61194.4,1.746799
2026-07-01 12:30:00,61194.4,61194.4,61186.8,61186.8,1.502589
2026-07-01 12:45:00,61186.8,61186.8,61179.9,61179.9,1.615443
2026-07-01 13:00:00,61179.9,61179.9,61172.9,61172.9,0.894571
2026-07-01 13:15:00,61172.9,61172.9,61167.3,61167.3,0.866476
2026-07-01 13:30:00,61167.3,61167.3,61161.1,61161.2,0.866116
2026-07-01 13:45:00,61161.2,61161.3,61155.2,61155.2,1.392653
2026-07-01 14:00:00,61155.2,61155.6,60895.2,60895.2,38.644625
2026-07-01 14:15:00,60895.2,60895.5,60893.1,60893.1,0.887204
2026-07-01 14:30:00,60893.1,60893.1,60816.9,60816.9,1.764866
2026-07-01 14:45:00,60816.9,60816.9,60746.0,60746.0,2.881825
2026-07-01 15:00:00,60746.0,60746.4,60746.0,60746.1,2.957936
2026-07-01 15:15:00,60746.1,60746.1,60746.0,60746.0,0.911668
2026-07-01 15:30:00,60746.0,60746.8,60746.0,60746.0,2.324092
2026-07-01 15:45:00,60746.0,60746.2,60746.0,60746.0,1.608305
2026-07-01 16:00:00,60746.0,60746.8,60746.0,60746.0,2.313898
2026-07-01 16:15:00,60746.0,60746.4,60746.0,60746.0,1.597757
2026-07-01 16:30:00,60746.0,60746.1,60746.0,60746.0,1.596075
2026-07-01 16:45:00,60746.0,60746.1,60746.0,60746.0,0.878797
2026-07-01 17:00:00,60746.0,60746.1,60746.0,60746.0,1.878728
2026-07-01 17:15:00,60746.0,60746.4,60746.0,60746.0,1.590564
2026-07-01 17:30:00,60746.0,60746.1,60746.0,60746.0,0.874645
2026-07-01 17:45:00,60746.0,60746.1,60746.0,60746.0,0.869492
2026-07-01 18:00:00,60746.0,60746.2,60746.0,60746.0,1.628051
2026-07-01 18:15:00,60746.0,60746.6,60746.0,60746.0,1.965121
2026-07-01 18:30:00,60746.0,60746.2,60746.0,60746.0,1.301637
2026-07-01 18:45:00,60746.0,60746.3,60746.0,60746.0,1.785638
2026-07-01 19:00:00,60746.0,60746.4,60746.0,60746.0,1.616826
2026-07-01 19:15:00,60746.0,60746.2,60744.9,60744.9,1.841305
2026-07-01 19:30:00,60744.9,60744.9,60740.6,60740.6,4.40691
2026-07-01 19:45:00,60740.6,60740.7,60734.8,60734.8,1.470905
2026-07-01 20:00:00,60734.8,60734.9,60728.2,60728.2,1.365044
2026-07-01 20:15:00,60728.2,60728.3,60720.8,60720.8,2.058608
2026-07-01 20:30:00,60720.8,60720.9,60714.6,60714.6,1.211877
2026-07-01 20:45:00,60714.6,60714.6,60709.9,60709.9,0.696513
2026-07-01 21:00:00,60709.9,60709.9,60702.7,60702.7,0.872427
2026-07-01 21:15:00,60702.7,60702.7,60695.9,60695.9,0.886287
2026-07-01 21:30:00,60695.9,60698.7,60694.2,60698.7,0.904788
2026-07-01 21:45:00,60698.7,60706.7,60698.7,60706.7,0.901362
2026-07-01 22:00:00,60706.7,60713.0,60706.7,60713.0,0.890512
2026-07-01 22:15:00,60713.0,60720.6,60713.0,60719.8,1.601114
2026-07-01 22:30:00,60719.8,60719.8,60712.6,60712.6,0.892843
2026-07-01 22:45:00,60712.6,60712.6,60706.1,60706.1,0.874898
2026-07-01 23:00:00,60706.1,60706.1,60700.1,60700.1,0.870032
2026-07-01 23:15:00,60700.1,60700.6,60693.6,60693.6,0.876223
2026-07-01 23:30:00,60693.6,60693.6,60687.8,60687.8,0.872534
2026-07-01 23:45:00,60687.8,60687.8,60679.7,60679.7,0.875252
2026-07-02 00:00:00,60679.7,60679.7,59480.1,59615.0,188.033154
2026-07-02 00:15:00,59615.0,59615.0,59614.9,59615.0,0.914023
2026-07-02 00:30:00,59615.0,59615.0,59613.8,59613.9,0.883439
2026-07-02 00:45:00,59613.9,59615.0,59613.8,59615.0,1.623061
2026-07-02 01:00:00,59615.0,59615.0,59614.9,59615.0,0.902036
2026-07-02 01:15:00,59615.0,59615.0,59614.9,59615.0,0.886475
2026-07-02 01:30:00,59615.0,59615.0,59614.9,59615.0,0.89114
2026-07-02 01:45:00,59615.0,59615.0,59614.7,59615.0,1.627378
2026-07-02 02:00:00,59615.0,59615.0,59614.7,59615.0,2.363571
2026-07-02 02:15:00,59615.0,59615.0,59614.9,59615.0,1.65236
2026-07-02 02:30:00,59615.0,59615.0,59614.9,59615.0,0.890989
2026-07-02 02:45:00,59615.0,59615.0,59614.9,59615.0,0.885988
2026-07-02 03:00:00,59615.0,59615.0,59614.9,59615.0,0.892817
2026-07-02 03:15:00,59615.0,59615.0,59614.7,59615.0,2.363651
2026-07-02 03:30:00,59615.0,59615.0,59614.9,59615.0,0.891022
2026-07-02 03:45:00,59615.0,59615.0,59614.9,59615.0,0.886005
2026-07-02 04:00:00,59615.0,59615.0,59614.7,59615.0,2.398138
2026-07-02 04:15:00,59615.0,59615.0,59614.7,59615.0,1.627559
2026-07-02 04:30:00,59615.0,59615.0,59614.9,59615.0,0.897917
2026-07-02 04:45:00,59615.0,59615.0,59614.9,59615.0,1.626643
2026-07-02 05:00:00,59615.0,59617.9,59614.7,59617.9,2.38666
2026-07-02 05:15:00,59617.9,59624.1,59617.9,59624.1,1.6299
2026-07-02 05:30:00,59624.1,59630.3,59624.1,59630.3,2.369775
2026-07-02 05:45:00,59630.3,59637.9,59630.3,59637.9,0.907435
2026-07-02 06:00:00,59637.9,59644.4,59637.9,59644.4,0.886672
2026-07-02 06:15:00,59644.4,59651.0,59644.4,59651.0,0.899073
2026-07-02 06:30:00,59651.0,59659.2,59651.0,59659.2,0.885896
2026-07-02 06:45:00,59659.2,59667.6,59659.2,59667.6,1.56041
2026-07-02 07:00:00,59667.6,59743.2,59667.6,59743.2,2.518668
2026-07-02 07:15:00,59743.2,59743.2,59743.2,59743.2,0.888991
2026-07-02 07:30:00,59743.2,59743.2,59743.2,59743.2,0.88925
2026-07-02 07:45:00,59743.2,59743.2,59743.2,59743.2,0.884622
2026-07-02 08:00:00,59743.2,59743.2,59743.2,59743.2,0.891434
2026-07-02 08:15:00,59743.2,59743.2,59742.9,59743.2,0.886455
2026-07-02 08:30:00,59743.2,59743.2,59743.1,59743.2,1.059141
2026-07-02 08:45:00,59743.2,59743.2,59743.2,59743.2,0.885001
2026-07-02 09:00:00,59743.2,59743.2,59743.0,59743.2,0.892043
2026-07-02 09:15:00,59743.2,59743.2,59742.9,59743.2,0.89237
2026-07-02 09:30:00,59743.2,59743.2,59743.1,59743.2,0.90778
2026-07-02 09:45:00,59743.2,59743.2,59743.1,59743.2,0.886086
2026-07-02 10:00:00,59743.2,59743.2,59743.1,59743.2,0.90032
2026-07-02 10:15:00,59743.2,59743.2,59743.0,59743.2,3.155992
2026-07-02 10:30:00,59743.2,59743.2,59743.1,59743.2,0.938699
2026-07-02 10:45:00,59743.2,59743.2,59742.9,59743.2,3.100539
2026-07-02 11:00:00,59743.2,59743.2,59743.1,59743.2,1.630224
2026-07-02 11:15:00,59743.2,59743.2,59742.9,59743.2,2.360995
2026-07-02 11:30:00,59743.2,59743.2,59742.8,59743.2,3.899014
2026-07-02 11:45:00,59743.2,59747.3,59742.9,59747.3,2.437936
2026-07-02 12:00:00,59747.3,59752.8,59747.3,59752.8,0.886468
2026-07-02 12:15:00,59752.8,59759.3,59752.8,59759.3,1.653074
2026-07-02 12:30:00,59759.3,59767.8,59759.3,59767.8,3.089484
2026-07-02 12:45:00,59767.8,59775.3,59767.8,59775.3,0.888708
2026-07-02 13:00:00,59775.3,59781.3,59775.3,59781.3,0.883743
2026-07-02 13:15:00,59781.3,59787.0,59781.3,59787.0,1.392966
2026-07-02 13:30:00,59787.0,59793.7,59787.0,59793.7,0.88567
2026-07-02 13:45:00,59793.7,59801.1,59793.7,59801.1,0.891755
2026-07-02 14:00:00,59801.1,59808.1,59801.1,59808.1,1.720148
2026-07-02 14:15:00,59808.1,59815.9,59808.1,59815.9,0.889584
2026-07-02 14:30:00,59815.9,59823.3,59815.9,59823.3,1.551705
2026-07-02 14:45:00,59823.3,59831.3,59823.2,59831.3,0.893338
2026-07-02 15:00:00,59831.3,59837.9,59831.3,59837.9,0.896032
2026-07-02 15:15:00,59837.9,59843.4,59837.9,59843.4,0.892377
2026-07-02 15:30:00,59843.4,59852.8,59843.4,59852.8,0.885666
2026-07-02 15:45:00,59852.8,59860.2,59852.8,59860.2,0.963501
2026-07-02 16:00:00,59860.2,59868.3,59860.2,59868.3,0.900474
2026-07-02 16:15:00,59868.3,59871.4,59868.3,59871.4,0.891836
2026-07-02 16:30:00,59871.4,59871.4,59871.4,59871.4,0.887162
2026-07-02 16:45:00,59871.4,59871.4,59871.3,59871.4,1.144261
2026-07-02 17:00:00,59871.4,59871.4,59871.4,59871.4,0.887162
2026-07-02 17:15:00,59871.4,59871.4,59871.4,59871.4,0.982167
2026-07-02 17:30:00,59871.4,59871.4,59871.1,59871.4,0.889062
2026-07-02 17:45:00,59871.4,59871.4,59871.3,59871.4,0.884834
2026-07-02 18:00:00,59871.4,59871.4,59871.4,59871.4,0.887146
2026-07-02 18:15:00,59871.4,59871.4,59871.2,59871.4,1.143089
2026-07-02 18:30:00,59871.4,59871.4,59871.3,59871.4,0.90148
2026-07-02 18:45:00,59871.4,59871.4,59871.4,59871.4,0.8824
2026-07-02 19:00:00,59871.4,59871.4,59871.4,59871.4,0.883805
2026-07-02 19:15:00,59871.4,59871.4,59871.4,59871.4,0.887178
2026-07-02 19:30:00,59871.4,59871.4,59871.1,59871.4,0.902868
2026-07-02 19:45:00,59871.4,59871.4,59870.7,59871.4,1.94009
2026-07-02 20:00:00,59871.4,59871.4,59871.2,59871.4,0.887535
2026-07-02 20:15:00,59871.4,59871.4,59871.4,59871.4,0.887178
2026-07-02 20:30:00,59871.4,59871.4,59871.2,59871.4,0.887672
2026-07-02 20:45:00,59871.4,59871.4,59871.2,59871.4,0.893837
2026-07-02 21:00:00,59871.4,59871.4,59871.4,59871.4,0.88246
2026-07-02 21:15:00,59871.4,59871.4,59870.9,59871.4,0.897476
2026-07-02 21:30:00,59871.4,59871.4,59871.4,59871.4,0.882135
2026-07-02 21:45:00,59871.4,59871.4,59871.4,59871.4,0.887178
2026-07-02 22:00:00,59871.4,59871.4,59871.4,59871.4,0.888815
2026-07-02 22:15:00,59871.4,59871.4,59871.3,59871.4,0.737176
2026-07-02 22:30:00,59871.4,59876.3,59871.3,59876.3,0.899967
2026-07-02 22:45:00,59876.3,59881.7,59876.3,59881.7,0.728475
2026-07-02 23:00:00,59881.7,59888.4,59881.6,59888.4,0.900327
2026-07-02 23:15:00,59888.4,59895.6,59888.4,59895.6,0.883069
2026-07-02 23:30:00,59895.6,59903.4,59895.5,59903.4,0.902313
2026-07-02 23:45:00,59903.4,59910.5,59903.4,59910.5,0.881658
2026-07-03 00:00:00,59910.5,61492.0,59910.5,61486.4,211.488605
2026-07-03 00:15:00,61486.4,61486.4,61481.1,61481.1,0.865679
2026-07-03 00:30:00,61481.1,61481.2,61476.1,61476.1,0.880216
2026-07-03 00:45:00,61476.1,61476.1,61470.8,61470.8,0.863708
2026-07-03 01:00:00,61470.8,61471.8,61468.6,61471.8,0.877935
2026-07-03 01:15:00,61471.8,61479.3,61471.8,61479.3,0.866894
2026-07-03 01:30:00,61479.3,61488.2,61479.1,61488.2,0.872085
2026-07-03 01:45:00,61488.2,61492.0,61488.2,61492.0,0.863647
2026-07-03 02:00:00,61492.0,61492.0,61491.9,61492.0,0.873978
2026-07-03 02:15:00,61492.0,61492.0,61490.8,61490.8,0.989559
2026-07-03 02:30:00,61490.8,61490.9,61486.0,61486.0,0.87328
2026-07-03 02:45:00,61486.0,61486.0,61478.5,61478.5,0.86449
2026-07-03 03:00:00,61478.5,61478.7,61472.0,61472.0,0.876366
2026-07-03 03:15:00,61472.0,61474.7,61469.5,61474.7,2.513114
2026-07-03 03:30:00,61474.7,61480.0,61474.6,61478.7,0.875958
2026-07-03 03:45:00,61478.7,61478.7,61471.7,61471.7,0.871518
2026-07-03 04:00:00,61471.7,61471.9,61464.5,61464.5,0.87228
2026-07-03 04:15:00,61464.5,61464.5,61458.7,61458.7,0.861283
2026-07-03 04:30:00,61458.7,61460.6,61456.8,61460.6,0.889177
2026-07-03 04:45:00,61460.6,61460.9,61455.9,61456.2,0.866852
2026-07-03 05:00:00,61456.2,61459.4,61455.0,61459.4,0.884693
2026-07-03 05:15:00,61459.4,61465.5,61459.4,61465.5,0.868874
2026-07-03 05:30:00,61465.5,61473.0,61465.3,61473.0,0.872676
2026-07-03 05:45:00,61473.0,61479.6,61473.0,61479.6,0.893206
2026-07-03 06:00:00,61479.6,61486.1,61479.5,61486.1,0.871924
2026-07-03 06:15:00,61486.1,61699.2,61486.1,61699.2,36.797739
2026-07-03 06:30:00,61699.2,61701.1,61697.5,61697.5,0.719871
2026-07-03 06:45:00,61697.5,61697.6,61693.9,61697.1,0.860469
2026-07-03 07:00:00,61697.1,61699.5,61696.9,61698.8,1.64896
2026-07-03 07:15:00,61698.8,61705.1,61698.8,61705.1,1.869588
2026-07-03 07:30:00,61705.1,61711.2,61705.1,61711.2,1.284955
2026-07-03 07:45:00,61711.2,61717.4,61711.2,61717.4,0.995992
2026-07-03 08:00:00,61717.4,61725.3,61717.3,61725.3,0.71831
2026-07-03 08:15:00,61725.3,61731.9,61725.3,61731.9,0.855599
2026-07-03 08:30:00,61731.9,61738.8,61731.9,61738.8,1.017595
2026-07-03 08:45:00,61738.8,61741.1,61736.1,61736.1,0.863947
2026-07-03 09:00:00,61736.1,61736.1,61729.3,61729.3,0.855964
2026-07-03 09:15:00,61729.3,61729.5,61723.8,61723.8,0.870057
2026-07-03 09:30:00,61723.8,61723.8,61717.4,61717.4,0.883029
2026-07-03 09:45:00,61717.4,61720.5,61716.8,61720.5,0.868557
2026-07-03 10:00:00,61720.5,61720.5,61717.4,61718.0,0.902612
2026-07-03 10:15:00,61718.0,61718.5,61714.7,61718.5,0.862517
2026-07-03 10:30:00,61718.5,61726.7,61718.4,61726.7,0.877011
2026-07-03 10:45:00,61726.7,61734.6,61726.7,61734.6,0.862741
2026-07-03 11:00:00,61734.6,61740.9,61734.6,61740.9,0.860413
2026-07-03 11:15:00,61740.9,61763.5,61740.9,61763.5,0.857202
2026-07-03 11:30:00,61763.5,61771.0,61763.5,61771.0,0.901209
2026-07-03 11:45:00,61771.0,61777.7,61771.0,61777.7,0.983945
2026-07-03 12:00:00,61777.7,61783.9,61777.7,61783.9,0.876304
2026-07-03 12:15:00,61783.9,61790.4,61783.9,61790.4,0.855736
2026-07-03 12:30:00,61790.4,61790.4,61790.3,61790.4,0.901047
2026-07-03 12:45:00,61790.4,61790.4,61790.4,61790.4,0.887144
2026-07-03 13:00:00,61790.4,61790.4,61790.3,61790.4,0.874506
2026-07-03 13:15:00,61790.4,61790.4,61790.4,61790.4,0.854752
2026-07-03 13:30:00,61790.4,61790.4,61790.3,61790.4,0.867634
2026-07-03 13:45:00,61790.4,61790.4,61790.4,61790.4,0.859754
2026-07-03 14:00:00,61790.4,61790.4,61790.3,61790.3,0.867089
2026-07-03 14:15:00,61790.3,61790.4,61789.9,61790.4,0.864576
2026-07-03 14:30:00,61790.4,61790.4,61790.4,61790.4,0.859523
2026-07-03 14:45:00,61790.4,61790.4,61790.4,61790.4,0.883711
2026-07-03 15:00:00,61790.4,61790.4,61790.4,61790.4,0.878777
2026-07-03 15:15:00,61790.4,61790.4,61790.4,61790.4,0.88618
2026-07-03 15:30:00,61790.4,61790.4,61790.4,61790.4,0.854688
2026-07-03 15:45:00,61790.4,61790.4,61790.4,61790.4,0.859898
2026-07-03 16:00:00,61790.4,61790.4,61790.3,61790.4,0.857897
2026-07-03 16:15:00,61790.4,61790.4,61790.3,61790.4,1.103747
2026-07-03 16:30:00,61790.4,61790.4,61790.3,61790.4,1.11529
2026-07-03 16:45:00,61790.4,61790.4,61790.3,61790.4,1.024814
2026-07-03 17:00:00,61790.4,61790.4,61790.3,61790.4,0.874987
2026-07-03 17:15:00,61790.4,61790.4,61790.2,61790.4,0.991008
2026-07-03 17:30:00,61790.4,61790.4,61790.3,61790.4,0.874732
2026-07-03 17:45:00,61790.4,61790.4,61790.3,61790.4,0.952331
2026-07-03 18:00:00,61790.4,61790.4,61790.2,61790.4,0.660826
2026-07-03 18:15:00,61790.4,61790.4,61790.3,61790.4,0.8624
2026-07-03 18:30:00,61790.4,61790.4,61790.3,61790.4,0.875329
2026-07-03 18:45:00,61790.4,61794.0,61790.3,61794.0,0.863514
2026-07-03 19:00:00,61794.0,61800.1,61793.9,61800.1,2.869458
2026-07-03 19:15:00,61800.1,61804.7,61800.1,61804.7,0.864992
2026-07-03 19:30:00,61804.7,61813.0,61804.5,61813.0,0.879784
2026-07-03 19:45:00,61813.0,61818.2,61813.0,61818.2,0.859841
2026-07-03 20:00:00,61818.2,61822.9,61818.1,61822.9,0.884473
2026-07-03 20:15:00,61822.9,61829.7,61822.9,61829.7,0.859793
2026-07-03 20:30:00,61829.7,61836.6,61829.6,61836.6,0.916725
2026-07-03 20:45:00,61836.6,61843.9,61836.6,61843.9,0.854986
2026-07-03 21:00:00,61843.9,61851.1,61843.9,61851.1,0.858659
2026-07-03 21:15:00,61851.1,61856.9,61851.1,61856.9,0.858428
2026-07-03 21:30:00,61856.9,61864.1,61856.9,61864.1,0.858482
2026-07-03 21:45:00,61864.1,61870.2,61864.1,61870.2,0.855249
2026-07-03 22:00:00,61870.2,61876.4,61870.2,61876.4,0.858724
2026-07-03 22:15:00,61876.4,61882.9,61876.4,61882.9,0.855711
2026-07-03 22:30:00,61882.9,61890.1,61882.9,61890.1,0.859744
2026-07-03 22:45:00,61890.1,61896.7,61890.1,61896.7,0.853243
2026-07-03 23:00:00,61896.7,61905.4,61896.7,61905.4,0.859567
2026-07-03 23:15:00,61905.4,61911.0,61905.4,61911.0,0.855149
2026-07-03 23:30:00,61911.0,61917.6,61911.0,61917.6,0.855089
2026-07-03 23:45:00,61917.6,61924.3,61917.6,61924.3,0.857686
2026-07-04 00:00:00,61924.3,61929.7,61924.2,61929.7,0.867285
2026-07-04 00:15:00,61929.7,61938.2,61929.7,61938.2,0.857555
2026-07-04 00:30:00,61938.2,61939.6,61938.2,61939.6,0.854191
2026-07-04 00:45:00,61939.6,61939.6,61939.6,61939.6,0.857452
2026-07-04 01:00:00,61939.6,61939.6,61939.6,61939.6,0.85539
2026-07-04 01:15:00,61939.6,61939.6,61939.6,61939.6,0.857452
2026-07-04 01:30:00,61939.6,61939.6,61939.6,61939.6,0.852737
2026-07-04 01:45:00,61939.6,61939.6,61939.6,61939.6,0.857452
2026-07-04 02:00:00,61939.6,61939.6,61939.6,61939.6,0.852576
2026-07-04 02:15:00,61939.6,61939.6,61939.5,61939.6,0.860095
2026-07-04 02:30:00,61939.6,61939.6,61939.6,61939.6,0.852592
2026-07-04 02:45:00,61939.6,61939.6,61939.5,61939.6,0.855267
2026-07-04 03:00:00,61939.6,61939.6,61939.6,61939.6,0.859195
2026-07-04 03:15:00,61939.6,61939.6,61939.6,61939.6,0.854222
2026-07-04 03:30:00,61939.6,61939.6,61939.6,61939.6,0.857468
2026-07-04 03:45:00,61939.6,61939.6,61939.6,61939.6,0.852608
2026-07-04 04:00:00,61939.6,61939.6,61939.6,61939.6,0.857597
2026-07-04 04:15:00,61939.6,61939.6,61939.6,61939.6,0.852608
2026-07-04 04:30:00,61939.6,61939.6,61939.6,61939.6,0.85742
2026-07-04 04:45:00,61939.6,61939.6,61939.6,61939.6,0.852608
2026-07-04 05:00:00,61939.6,61939.6,61939.6,61939.6,0.85742
2026-07-04 05:15:00,61939.6,61939.6,61939.5,61939.6,0.899806
2026-07-04 05:30:00,61939.6,61939.6,61939.6,61939.6,0.85742
2026-07-04 05:45:00,61939.6,61939.6,61939.6,61939.6,0.868768
2026-07-04 06:00:00,61939.6,61939.6,61939.6,61939.6,0.852576
2026-07-04 06:15:00,61939.6,61939.6,61939.6,61939.6,0.866105
2026-07-04 06:30:00,61939.6,61939.6,61939.6,61939.6,0.852576
2026-07-04 06:45:00,61939.6,61941.6,61939.6,61941.6,0.857468
2026-07-04 07:00:00,61941.6,61947.4,61941.4,61947.4,2.268163
2026-07-04 07:15:00,61947.4,61954.3,61947.4,61954.3,0.857307
2026-07-04 07:30:00,61954.3,61961.2,61954.3,61961.2,0.856629
2026-07-04 07:45:00,61961.2,61967.7,61961.2,61967.7,0.857114
2026-07-04 08:00:00,61967.7,61972.9,61967.7,61972.9,1.00475
2026-07-04 08:15:00,61972.9,61979.1,61972.9,61979.1,0.890231
2026-07-04 08:30:00,61979.1,61987.7,61979.1,61987.7,1.013298
2026-07-04 08:45:00,61987.7,61994.1,61987.7,61994.1,0.856792
2026-07-04 09:00:00,61994.1,62000.3,61994.1,62000.3,0.851802
2026-07-04 09:15:00,62000.3,62006.3,62000.3,62006.3,0.85176
2026-07-04 09:30:00,62006.3,62013.9,62006.3,62013.9,0.872582
2026-07-04 09:45:00,62013.9,62021.9,62013.9,62021.9,0.853213
2026-07-04 10:00:00,62021.9,62028.3,62021.7,62028.3,0.874935
2026-07-04 10:15:00,62028.3,62034.9,62028.3,62034.9,0.852972
2026-07-04 10:30:00,62034.9,62041.8,62034.9,62041.8,0.868899
2026-07-04 10:45:00,62041.8,62049.3,62041.8,62049.3,0.858402
2026-07-04 11:00:00,62049.3,62055.5,62049.2,62055.5,0.868864
2026-07-04 11:15:00,62055.5,62061.1,62055.5,62061.1,0.861413
2026-07-04 11:30:00,62061.1,62066.7,62061.0,62066.7,0.971172
2026-07-04 11:45:00,62066.7,62074.1,62066.7,62074.1,1.84629
2026-07-04 12:00:00,62074.1,62078.1,62073.8,62078.1,0.874111
2026-07-04 12:15:00,62078.1,62084.8,62078.1,62084.8,1.340656
2026-07-04 12:30:00,62084.8,62088.8,62084.8,62088.8,0.869269
2026-07-04 12:45:00,62088.8,62088.8,62088.5,62088.8,0.881179
2026-07-04 13:00:00,62088.8,62088.8,62088.7,62088.8,0.865992
2026-07-04 13:15:00,62088.8,62088.8,62088.8,62088.8,0.855328
2026-07-04 13:30:00,62088.8,62088.8,62088.7,62088.7,0.867975
2026-07-04 13:45:00,62088.7,62088.8,62088.7,62088.8,0.856473
2026-07-04 14:00:00,62088.8,62088.8,62088.6,62088.8,0.875332
2026-07-04 14:15:00,62088.8,62088.8,62088.4,62088.8,1.863161
2026-07-04 14:30:00,62088.8,62088.8,62088.5,62088.8,0.875776
2026-07-04 14:45:00,62088.8,62088.8,62088.8,62088.8,0.855296
2026-07-04 15:00:00,62088.8,62088.8,62088.8,62088.8,0.850448
2026-07-04 15:15:00,62088.8,62088.8,62088.7,62088.8,0.858296
2026-07-04 15:30:00,62088.8,62088.8,62088.8,62088.8,0.850448
2026-07-04 15:45:00,62088.8,62088.8,62088.8,62088.8,0.916696
2026-07-04 16:00:00,62088.8,62088.8,62088.7,62088.8,0.897777
2026-07-04 16:15:00,62088.8,62088.8,62088.8,62088.8,0.850786
2026-07-04 16:30:00,62088.8,62088.8,62088.8,62088.8,0.855618
2026-07-04 16:45:00,62088.8,62088.8,62088.8,62088.8,0.850786
2026-07-04 17:00:00,62088.8,62088.8,62088.7,62088.8,0.858456
2026-07-04 17:15:00,62088.8,62088.8,62088.8,62088.8,0.850786
2026-07-04 17:30:00,62088.8,62088.8,62088.8,62088.8,0.856487
2026-07-04 17:45:00,62088.8,62088.8,62088.8,62088.8,0.850464
2026-07-04 18:00:00,62088.8,62088.8,62088.8,62088.8,0.870097
2026-07-04 18:15:00,62088.8,62088.8,62088.8,62088.8,0.85224
2026-07-04 18:30:00,62088.8,62088.8,62088.7,62088.8,0.859602
2026-07-04 18:45:00,62088.8,62089.4,62088.8,62089.4,0.852522
2026-07-04 19:00:00,62089.4,62097.2,62089.4,62097.2,0.85528
2026-07-04 19:15:00,62097.2,62103.7,62097.2,62103.7,0.853064
2026-07-04 19:30:00,62103.7,62109.9,62103.7,62109.9,0.865103
2026-07-04 19:45:00,62109.9,62116.3,62109.9,62116.3,0.850813
2026-07-04 20:00:00,62116.3,62122.5,62116.2,62122.5,0.867086
2026-07-04 20:15:00,62122.5,62128.7,62122.5,62128.7,0.86045
2026-07-04 20:30:00,62128.7,62134.4,62128.7,62134.4,0.8596
2026-07-04 20:45:00,62134.4,62140.3,62134.3,62140.3,1.854953
2026-07-04 21:00:00,62140.3,62146.2,62140.3,62146.2,0.850232
2026-07-04 21:15:00,62146.2,62152.0,62146.2,62152.0,1.866547
2026-07-04 21:30:00,62152.0,62159.2,62152.0,62159.2,0.851177
2026-07-04 21:45:00,62159.2,62166.7,62159.2,62166.7,1.855941
2026-07-04 22:00:00,62166.7,62173.6,62166.7,62173.6,0.850033
2026-07-04 22:15:00,62173.6,62179.8,62173.6,62179.8,0.854112
2026-07-04 22:30:00,62179.8,62188.7,62179.8,62188.7,0.850825
2026-07-04 22:45:00,62188.7,62194.8,62188.7,62194.8,0.853885
2026-07-04 23:00:00,62194.8,62201.2,62194.8,62201.2,0.850647
2026-07-04 23:15:00,62201.2,62206.8,62201.2,62206.8,0.949043
2026-07-04 23:30:00,62206.8,62213.0,62206.8,62213.0,0.858063
2026-07-04 23:45:00,62213.0,62220.5,62213.0,62220.5,0.851526
2026-07-05 00:00:00,62220.5,62227.7,62220.3,62227.7,0.868135
2026-07-05 00:15:00,62227.7,62234.4,62227.7,62234.4,0.848579
2026-07-05 00:30:00,62234.4,62387.2,62234.2,62387.2,31.865419
2026-07-05 00:45:00,62387.2,64028.4,62387.2,64028.4,240.308927
2026-07-05 01:00:00,64028.4,65669.6,64028.3,65669.5,251.660178
2026-07-05 01:15:00,65669.5,66102.4,65669.5,65918.6,101.752365
2026-07-05 01:30:00,65918.6,65996.4,65918.6,65918.6,12.25873
2026-07-05 01:45:00,65918.6,65994.4,65918.6,65994.4,15.720702
2026-07-05 02:00:00,65994.4,66020.5,63133.0,63133.0,575.149614
2026-07-05 02:15:00,63133.0,63133.3,62834.8,62834.8,186.500974
2026-07-05 02:30:00,62834.8,62835.0,62834.8,62834.8,0.860936
2026-07-05 02:45:00,62834.8,62834.9,62834.8,62834.8,0.84505
2026-07-05 03:00:00,62834.8,62835.1,62834.8,62834.8,0.865569
2026-07-05 03:15:00,62834.8,62835.1,62834.8,62834.8,0.85789
2026-07-05 03:30:00,62834.8,62835.2,62834.8,62834.8,0.863456
2026-07-05 03:45:00,62834.8,62834.9,62834.8,62834.8,0.849205
2026-07-05 04:00:00,62834.8,62834.9,62834.8,62834.8,0.86366
2026-07-05 04:15:00,62834.8,62838.5,62834.8,62838.5,0.849797
2026-07-05 04:30:00,62838.5,62844.3,62838.4,62844.3,0.853007
2026-07-05 04:45:00,62844.3,62847.3,62844.3,62846.4,0.908494
2026-07-05 05:00:00,62846.4,62846.7,62845.0,62845.0,0.861336
2026-07-05 05:15:00,62845.0,62845.1,62839.4,62839.4,0.845527
2026-07-05 05:30:00,62839.4,62839.5,62834.8,62834.8,0.853145
2026-07-05 05:45:00,62834.8,62835.0,62834.8,62834.8,1.169073
2026-07-05 06:00:00,62834.8,62834.9,62834.8,62834.8,0.858143
2026-07-05 06:15:00,62834.8,62834.9,62834.8,62834.8,1.101238
2026-07-05 06:30:00,62834.8,62834.9,62834.8,62834.8,0.854738
2026-07-05 06:45:00,62834.8,62834.9,62834.8,62834.8,0.86637
2026-07-05 07:00:00,62834.8,62834.9,62834.8,62834.8,0.870303
2026-07-05 07:15:00,62834.8,62834.9,62834.5,62834.5,0.842461
2026-07-05 07:30:00,62834.5,62834.5,62833.5,62834.3,0.863695
2026-07-05 07:45:00,62834.3,62840.1,62834.2,62840.1,0.843629
2026-07-05 08:00:00,62840.1,62847.3,62840.1,62847.3,0.864266
2026-07-05 08:15:00,62847.3,62854.5,62847.3,62854.5,0.840571
2026-07-05 08:30:00,62854.5,62861.7,62854.5,62861.7,1.003915
2026-07-05 08:45:00,62861.7,62868.6,62861.7,62868.6,0.841661
2026-07-05 09:00:00,62868.6,62875.0,62868.6,62875.0,0.844704
2026-07-05 09:15:00,62875.0,62876.8,62872.5,62872.5,0.927958
2026-07-05 09:30:00,62872.5,62872.5,62865.1,62865.1,0.855862
2026-07-05 09:45:00,62865.1,62865.1,62859.7,62859.7,1.047452
2026-07-05 10:00:00,62859.7,62859.7,62854.5,62854.5,0.977871
2026-07-05 10:15:00,62854.5,62854.5,62849.0,62849.0,1.379939
2026-07-05 10:30:00,62849.0,62849.4,62840.8,62840.8,1.296233
2026-07-05 10:45:00,62840.8,62840.8,62833.7,62833.7,1.947952
2026-07-05 11:00:00,62833.7,62833.9,62827.6,62827.6,2.162841
2026-07-05 11:15:00,62827.6,62827.6,62819.2,62819.2,2.979701
2026-07-05 11:30:00,62819.2,62819.3,62814.0,62814.0,1.742725
2026-07-05 11:45:00,62814.0,62814.0,62808.1,62808.1,2.367823
2026-07-05 12:00:00,62808.1,62808.1,62802.2,62802.2,2.165017
2026-07-05 12:15:00,62802.2,62802.2,62797.5,62797.5,2.308509
2026-07-05 12:30:00,62797.5,62797.8,62789.6,62789.6,1.278966
2026-07-05 12:45:00,62789.6,62789.6,62782.8,62782.8,0.84214
2026-07-05 13:00:00,62782.8,62782.9,62776.5,62776.5,0.85874
2026-07-05 13:15:00,62776.5,62776.6,62769.4,62769.4,0.841742
2026-07-05 13:30:00,62769.4,62769.6,62762.9,62762.9,0.860514
2026-07-05 13:45:00,62762.9,62769.7,62762.9,62769.7,0.842585
2026-07-05 14:00:00,62769.7,62770.8,62765.9,62765.9,0.86011
2026-07-05 14:15:00,62765.9,62765.9,62759.5,62759.5,0.841457
2026-07-05 14:30:00,62759.5,62759.5,62754.2,62754.2,0.859099
2026-07-05 14:45:00,62754.2,62754.2,62748.9,62749.9,0.842586
2026-07-05 15:00:00,62749.9,62756.4,62749.9,62756.4,0.871101
2026-07-05 15:15:00,62756.4,62759.1,62756.4,62759.1,0.841195
2026-07-05 15:30:00,62759.1,62763.5,62759.1,62762.4,0.860099
2026-07-05 15:45:00,62762.4,62762.4,62757.1,62757.1,0.855874
2026-07-05 16:00:00,62757.1,62757.2,62751.7,62751.7,1.856523
2026-07-05 16:15:00,62751.7,62751.7,62743.9,62743.9,0.846476
2026-07-05 16:30:00,62743.9,62744.0,62735.2,62735.2,0.854512
2026-07-05 16:45:00,62735.2,62735.2,62728.4,62728.4,0.846721
2026-07-05 17:00:00,62728.4,62728.6,62721.4,62721.4,0.855858
2026-07-05 17:15:00,62721.4,62721.4,62717.8,62719.7,0.849695
2026-07-05 17:30:00,62719.7,62720.0,62712.8,62712.8,0.855251
2026-07-05 17:45:00,62712.8,62712.8,62706.0,62706.0,0.847279
2026-07-05 18:00:00,62706.0,62706.1,62700.1,62700.1,0.855032
2026-07-05 18:15:00,62700.1,62700.1,62697.5,62699.8,1.08313
2026-07-05 18:30:00,62699.8,62703.7,62698.8,62703.7,0.860538
2026-07-05 18:45:00,62703.7,62709.4,62703.7,62709.4,0.844915
2026-07-05 19:00:00,62709.4,62716.7,62709.3,62716.7,0.864232
2026-07-05 19:15:00,62716.7,62724.6,62716.6,62724.6,0.850663
2026-07-05 19:30:00,62724.6,62730.0,62724.5,62730.0,0.873778
2026-07-05 19:45:00,62730.0,62737.1,62730.0,62737.1,0.843902
2026-07-05 20:00:00,62737.1,62744.0,62737.0,62744.0,0.859408
2026-07-05 20:15:00,62744.0,62749.3,62744.0,62747.8,0.842617
2026-07-05 20:30:00,62747.8,62747.9,62743.3,62743.6,0.862669
2026-07-05 20:45:00,62743.6,62748.5,62743.5,62747.4,1.828075
2026-07-05 21:00:00,62747.4,62747.6,62742.5,62742.5,0.854005
2026-07-05 21:15:00,62742.5,62745.5,62741.1,62745.5,0.856444
2026-07-05 21:30:00,62745.5,62751.7,62745.3,62751.7,0.855908
2026-07-05 21:45:00,62751.7,62758.0,62751.7,62758.0,0.850461
2026-07-05 22:00:00,62758.0,62762.6,62758.0,62762.6,1.687262
2026-07-05 22:15:00,62762.6,62763.8,62762.5,62763.8,0.118401
2026-07-05 22:30:00,62763.8,62770.1,62763.8,62770.1,0.846075
2026-07-05 22:45:00,62770.1,62776.6,62770.1,62776.6,0.841241
2026-07-05 23:00:00,62776.6,62782.8,62776.6,62782.8,0.850898
2026-07-05 23:15:00,62782.8,62787.6,62782.8,62787.6,0.843232
2026-07-05 23:30:00,62787.6,62793.6,62787.6,62793.6,0.884585
2026-07-05 23:45:00,62793.6,62801.1,62793.6,62801.1,1.051537
2026-07-06 00:00:00,62801.1,62809.4,62801.1,62809.4,1.078008
2026-07-06 00:15:00,62809.4,62817.5,62809.4,62817.5,0.848969
2026-07-06 00:30:00,62817.5,62822.4,62817.5,62822.4,0.845367
2026-07-06 00:45:00,62822.4,62829.1,62822.4,62829.1,0.84156
2026-07-06 01:00:00,62829.1,62836.6,62829.1,62836.6,0.853499
2026-07-06 01:15:00,62836.6,62843.7,62836.6,62843.7,0.846428
2026-07-06 01:30:00,62843.7,62851.0,62843.7,62851.0,0.840557
2026-07-06 01:45:00,62851.0,62859.1,62851.0,62859.1,0.845057
2026-07-06 02:00:00,62859.1,62865.7,62859.0,62865.7,0.840455
2026-07-06 02:15:00,62865.7,62873.4,62865.7,62873.4,0.846865
2026-07-06 02:30:00,62873.4,62879.6,62873.3,62879.6,0.853061
2026-07-06 02:45:00,62879.6,62885.8,62879.6,62885.7,0.848074
2026-07-06 03:00:00,62885.7,62892.4,62885.7,62892.4,0.845778
2026-07-06 03:15:00,62892.4,62899.9,62892.4,62899.9,0.851065
2026-07-06 03:30:00,62899.9,62907.0,62899.9,62907.0,0.841717
2026-07-06 03:45:00,62907.0,62914.0,62907.0,62914.0,0.84253
2026-07-06 04:00:00,62914.0,62920.6,62914.0,62920.6,0.84543
2026-07-06 04:15:00,62920.6,62927.8,62920.6,62927.8,0.849848
2026-07-06 04:30:00,62927.8,62934.4,62927.8,62934.4,0.856483
2026-07-06 04:45:00,62934.4,62941.7,62934.4,62941.7,0.84661
2026-07-06 05:00:00,62941.7,62949.0,62941.7,62949.0,0.84875
2026-07-06 05:15:00,62949.0,62955.3,62949.0,62955.3,0.848226
2026-07-06 05:30:00,62955.3,62961.5,62955.3,62961.5,0.846858
2026-07-06 05:45:00,62961.5,62968.2,62961.5,62968.2,0.864465
2026-07-06 06:00:00,62968.2,62976.0,62968.2,62976.0,0.84956
2026-07-06 06:15:00,62976.0,62982.3,62976.0,62982.3,0.852204
2026-07-06 06:30:00,62982.3,62984.0,62982.3,62984.0,0.862543
2026-07-06 06:45:00,62984.0,62984.0,62983.7,62984.0,0.850509
2026-07-06 07:00:00,62984.0,62984.0,62978.1,62978.1,1.349575
2026-07-06 07:15:00,62978.1,62981.2,62975.8,62980.8,0.846689
2026-07-06 07:30:00,62980.8,62982.0,62978.3,62982.0,1.028803
2026-07-06 07:45:00,62982.0,62984.0,62982.0,62984.0,0.848738
2026-07-06 08:00:00,62984.0,62984.0,62983.9,62984.0,0.860897
2026-07-06 08:15:00,62984.0,62984.0,62983.8,62984.0,0.848667
2026-07-06 08:30:00,62984.0,62984.0,62978.0,62978.0,1.124516
2026-07-06 08:45:00,62978.0,62978.0,62972.6,62972.6,0.838698
2026-07-06 09:00:00,62972.6,62972.7,62968.3,62968.3,0.700901
2026-07-06 09:15:00,62968.3,62968.3,62962.3,62962.3,1.023172
2026-07-06 09:30:00,62962.3,62962.7,62956.8,62956.8,0.873909
2026-07-06 09:45:00,62956.8,62956.9,62949.7,62949.7,0.928978
2026-07-06 10:00:00,62949.7,62949.8,62942.8,62942.8,0.853953
2026-07-06 10:15:00,62942.8,62942.8,62936.8,62936.8,0.844236
2026-07-06 10:30:00,62936.8,62938.0,62934.8,62937.1,0.877542
2026-07-06 10:45:00,62937.1,62937.1,62930.2,62930.2,0.851119
2026-07-06 11:00:00,62930.2,62930.2,62923.0,62923.0,0.852053
2026-07-06 11:15:00,62923.0,62923.0,62915.1,62915.1,0.844058
2026-07-06 11:30:00,62915.1,62917.6,62915.0,62916.3,0.855105
2026-07-06 11:45:00,62916.3,62921.7,62916.3,62920.5,0.849953
2026-07-06 12:00:00,62920.5,62920.6,62913.0,62913.0,1.113208
2026-07-06 12:15:00,62913.0,62913.0,62906.7,62906.7,0.848092
2026-07-06 12:30:00,62906.7,62906.8,62900.6,62900.6,1.5049
2026-07-06 12:45:00,62900.6,62900.6,62894.3,62894.3,0.881519
2026-07-06 13:00:00,62894.3,62894.3,62887.6,62887.6,0.869793
2026-07-06 13:15:00,62887.6,62887.7,62881.1,62881.1,0.839872
2026-07-06 13:30:00,62881.1,62881.2,62874.3,62874.3,1.871784
2026-07-06 13:45:00,62874.3,62874.3,62868.0,62868.0,0.852101
2026-07-06 14:00:00,62868.0,62868.1,62861.6,62861.7,0.910232
2026-07-06 14:15:00,62861.7,62861.7,62854.0,62854.0,0.851943
2026-07-06 14:30:00,62854.0,62854.0,62846.9,62847.0,0.871969
2026-07-06 14:45:00,62847.0,62847.0,62839.9,62839.9,0.851822
2026-07-06 15:00:00,62839.9,62840.0,62835.4,62835.4,0.871427
2026-07-06 15:15:00,62835.4,62835.5,62826.0,62826.0,1.863891
2026-07-06 15:30:00,62826.0,62826.1,62819.1,62819.8,0.882734
2026-07-06 15:45:00,62819.8,62825.1,62819.7,62825.1,0.858797
2026-07-06 16:00:00,62825.1,62832.5,62825.0,62832.5,1.024062
2026-07-06 16:15:00,62832.5,62838.3,62832.5,62838.3,0.862305
2026-07-06 16:30:00,62838.3,62844.7,62838.2,62844.7,0.858422
2026-07-06 16:45:00,62844.7,62851.4,62844.7,62851.4,0.847128
2026-07-06 17:00:00,62851.4,62859.0,62851.4,62859.0,0.842388
2026-07-06 17:15:00,62859.0,62868.3,62858.9,62868.3,1.542248
2026-07-06 17:30:00,62868.3,62871.8,62813.3,62813.7,1.863934
2026-07-06 17:45:00,62813.7,62821.2,62813.7,62821.2,0.854453
2026-07-06 18:00:00,62821.2,62826.9,62821.2,62826.9,0.840939
2026-07-06 18:15:00,62826.9,62832.8,62826.8,62832.8,0.849498
2026-07-06 18:30:00,62832.8,62838.9,62832.8,62838.9,0.847674
2026-07-06 18:45:00,62838.9,62845.0,62838.9,62845.0,0.847936
2026-07-06 19:00:00,62845.0,62852.7,62844.9,62852.7,0.840339
2026-07-06 19:15:00,62852.7,62857.8,62852.7,62857.8,0.840124
2026-07-06 19:30:00,62857.8,62865.5,62857.8,62865.3,0.853065
2026-07-06 19:45:00,62865.3,62871.8,62865.3,62871.8,0.842943
2026-07-06 20:00:00,62871.8,62874.5,62871.8,62874.5,0.846659
2026-07-06 20:15:00,62874.5,62882.7,62874.3,62882.7,0.896763
2026-07-06 20:30:00,62882.7,62889.7,62882.6,62889.7,1.087365
2026-07-06 20:45:00,62889.7,62896.4,62889.7,62896.4,1.840605
2026-07-06 21:00:00,62896.4,62902.2,62896.4,62902.2,0.844305
2026-07-06 21:15:00,62902.2,62909.0,62902.2,62909.0,0.842488
2026-07-06 21:30:00,62909.0,62915.4,62909.0,62915.4,0.845921
2026-07-06 21:45:00,62915.4,62921.8,62915.4,62921.8,0.839462
2026-07-06 22:00:00,62921.8,62927.6,62921.8,62927.6,1.170855
2026-07-06 22:15:00,62927.6,62934.2,62927.6,62934.2,0.839317
2026-07-06 22:30:00,62934.2,62940.4,62934.2,62940.4,0.839165
2026-07-06 22:45:00,62940.4,62947.2,62940.4,62947.2,0.844223
2026-07-06 23:00:00,62947.2,62953.5,62947.2,62953.5,0.838989
2026-07-06 23:15:00,62953.5,62960.2,62953.5,62960.2,0.843891
2026-07-06 23:30:00,62960.2,62965.1,62960.2,62965.1,0.840129
2026-07-06 23:45:00,62965.1,62972.5,62965.1,62972.5,0.843747
2026-07-07 00:00:00,62972.5,62978.1,62972.4,62978.1,0.903701
2026-07-07 00:15:00,62978.1,62984.0,62978.1,62984.0,0.84585
2026-07-07 00:30:00,62984.0,62984.0,62984.0,62984.0,0.839637
2026-07-07 00:45:00,62984.0,62984.0,62983.7,62984.0,0.85913
2026-07-07 01:00:00,62984.0,62984.0,62984.0,62984.0,0.840913
2026-07-07 01:15:00,62984.0,62984.0,62983.7,62984.0,0.848277
2026-07-07 01:30:00,62984.0,62984.0,62984.0,62984.0,0.838637
2026-07-07 01:45:00,62984.0,62984.0,62984.0,62984.0,0.838494
2026-07-07 02:00:00,62984.0,62984.0,62983.9,62984.0,0.845476
2026-07-07 02:15:00,62984.0,62984.0,62984.0,62984.0,0.838494
2026-07-07 02:30:00,62984.0,62984.0,62983.8,62984.0,0.857959
2026-07-07 02:45:00,62984.0,62984.0,62984.0,62984.0,0.838794
2026-07-07 03:00:00,62984.0,62984.0,62983.9,62984.0,0.861005
2026-07-07 03:15:00,62984.0,62984.0,62891.7,62984.0,2.131548
2026-07-07 03:30:00,62984.0,62984.0,62983.9,62984.0,0.85599
2026-07-07 03:45:00,62984.0,62984.0,62984.0,62984.0,1.682021
2026-07-07 04:00:00,62984.0,62984.0,62983.9,62984.0,0.858118
2026-07-07 04:15:00,62984.0,62984.0,62984.0,62984.0,0.838494
2026-07-07 04:30:00,62984.0,62984.0,62983.8,62984.0,0.87382
2026-07-07 04:45:00,62984.0,62984.0,62984.0,62984.0,0.846432
2026-07-07 05:00:00,62984.0,62984.0,62982.5,62982.5,0.85218
2026-07-07 05:15:00,62982.5,62982.5,62978.2,62978.2,0.896767
2026-07-07 05:30:00,62978.2,62984.0,62978.2,62984.0,1.852181
2026-07-07 05:45:00,62984.0,62984.0,62984.0,62984.0,0.85915
2026-07-07 06:00:00,62984.0,62986.2,62983.9,62986.2,0.853317
2026-07-07 06:15:00,62986.2,62993.3,62890.9,62993.3,2.846626
2026-07-07 06:30:00,62993.3,63000.3,62993.2,63000.3,1.708436
2026-07-07 06:45:00,63000.3,63006.9,63000.3,63006.9,1.805757
2026-07-07 07:00:00,63006.9,63013.8,63006.8,63013.8,1.440192
2026-07-07 07:15:00,63013.8,63019.9,63013.8,63019.9,0.844513
2026-07-07 07:30:00,63019.9,63026.8,63019.6,63026.8,1.785943
2026-07-07 07:45:00,63026.8,63033.0,63026.8,63033.0,1.043171
2026-07-07 08:00:00,63033.0,63041.2,63033.0,63041.2,0.855296
2026-07-07 08:15:00,63041.2,63046.3,63041.2,63046.3,1.339757
2026-07-07 08:30:00,63046.3,63051.3,63046.3,63051.3,1.015633
2026-07-07 08:45:00,63051.3,63056.2,63051.3,63056.2,0.833702
2026-07-07 09:00:00,63056.2,63063.5,63056.2,63063.5,0.857898
2026-07-07 09:15:00,63063.5,63069.7,63063.5,63069.7,0.838422
2026-07-07 09:30:00,63069.7,63076.0,63069.7,63076.0,0.891009
2026-07-07 09:45:00,63076.0,63083.0,63076.0,63083.0,0.840558
2026-07-07 10:00:00,63083.0,63089.2,63083.0,63089.2,0.856322
2026-07-07 10:15:00,63089.2,63097.1,63089.2,63097.1,0.84253
2026-07-07 10:30:00,63097.1,63104.3,63096.8,63104.3,1.07603
2026-07-07 10:45:00,63104.3,63112.3,63104.3,63112.3,1.020965
2026-07-07 11:00:00,63112.3,63119.5,63112.2,63119.5,0.854473
2026-07-07 11:15:00,63119.5,63126.2,63119.5,63126.2,0.846528
2026-07-07 11:30:00,63126.2,63132.5,63125.9,63132.5,0.853954
2026-07-07 11:45:00,63132.5,63133.2,63132.5,63133.2,0.836826
2026-07-07 12:00:00,63133.2,63133.2,63133.1,63133.2,0.851527
2026-07-07 12:15:00,63133.2,63133.2,63133.1,63133.2,0.843757
2026-07-07 12:30:00,63133.2,63133.2,63133.1,63133.2,0.851023
2026-07-07 12:45:00,63133.2,63133.2,63133.2,63133.2,0.841104
2026-07-07 13:00:00,63133.2,63133.2,63133.1,63133.2,0.922129
2026-07-07 13:15:00,63133.2,63133.2,63133.0,63133.0,0.86205
2026-07-07 13:30:00,63133.0,63133.2,63132.8,63133.0,0.860549
2026-07-07 13:45:00,63133.0,63133.2,63132.6,63132.6,0.842278
2026-07-07 14:00:00,63132.6,63132.9,63132.2,63132.2,0.921374
2026-07-07 14:15:00,63132.2,63132.2,63127.5,63127.5,0.836465
2026-07-07 14:30:00,63127.5,63128.1,63122.9,63122.9,0.857
2026-07-07 14:45:00,63122.9,63127.8,63121.4,63127.8,0.836528
2026-07-07 15:00:00,63127.8,63133.2,63127.7,63133.2,0.855888
2026-07-07 15:15:00,63133.2,63133.2,63133.2,63133.2,0.837352
2026-07-07 15:30:00,63133.2,63133.2,63133.1,63133.2,0.859321
2026-07-07 15:45:00,63133.2,63133.2,63133.1,63133.2,0.841668
2026-07-07 16:00:00,63133.2,63133.2,63133.1,63133.2,0.857977
2026-07-07 16:15:00,63133.2,63133.2,63133.1,63133.2,0.843236
2026-07-07 16:30:00,63133.2,63133.2,63133.2,63133.2,0.841134
2026-07-07 16:45:00,63133.2,63133.2,63133.0,63133.2,0.839915
2026-07-07 17:00:00,63133.2,63133.2,63133.2,63133.2,0.836841
2026-07-07 17:15:00,63133.2,63133.2,63132.9,63133.2,1.241093
2026-07-07 17:30:00,63133.2,63133.2,63133.1,63133.2,1.269644
2026-07-07 17:45:00,63133.2,63133.2,63133.1,63133.2,1.594639
2026-07-07 18:00:00,63133.2,63133.2,63133.2,63133.2,0.836352
2026-07-07 18:15:00,63133.2,63133.2,63133.2,63133.2,0.841278
2026-07-07 18:30:00,63133.2,63133.2,63133.1,63133.2,0.841668
2026-07-07 18:45:00,63133.2,63133.2,63133.0,63133.2,0.841781
2026-07-07 19:00:00,63133.2,63133.2,63133.1,63133.2,0.838984
2026-07-07 19:15:00,63133.2,63133.2,63132.6,63133.2,1.873089
2026-07-07 19:30:00,63133.2,63133.2,63133.0,63133.2,0.893476
2026-07-07 19:45:00,63133.2,63134.0,63133.0,63134.0,0.852528
2026-07-07 20:00:00,63134.0,63139.9,63134.0,63139.9,1.086895
2026-07-07 20:15:00,63139.9,63146.8,63139.9,63146.8,0.891862
2026-07-07 20:30:00,63146.8,63154.8,63146.8,63154.8,1.23713
2026-07-07 20:45:00,63154.8,63159.1,63154.8,63159.1,0.943484
2026-07-07 21:00:00,63159.1,63164.4,63159.1,63164.4,0.69774
2026-07-07 21:15:00,63164.4,63170.2,63164.4,63170.2,0.95642
2026-07-07 21:30:00,63170.2,63177.5,63170.2,63177.5,0.842605
2026-07-07 21:45:00,63177.5,63184.9,63177.5,63184.9,0.863418
2026-07-07 22:00:00,63184.9,63192.7,63184.9,63192.7,0.83644
2026-07-07 22:15:00,63192.7,63199.3,63192.7,63199.3,0.841918
2026-07-07 22:30:00,63199.3,63208.2,63199.3,63208.2,0.835472
2026-07-07 22:45:00,63208.2,63215.3,63208.2,63215.3,0.84122
2026-07-07 23:00:00,63215.3,63223.6,63215.3,63223.6,0.836859
2026-07-07 23:15:00,63223.6,63231.5,63223.6,63231.5,0.843389
2026-07-07 23:30:00,63231.5,63237.7,63231.5,63237.7,0.854629
2026-07-07 23:45:00,63237.7,63244.8,63237.7,63244.8,0.839691
2026-07-08 00:00:00,63244.8,63253.7,63244.8,63253.7,0.838849
2026-07-08 00:15:00,63253.7,63262.0,63253.7,63262.0,0.855327
2026-07-08 00:30:00,63262.0,63267.2,63261.8,63267.2,0.73819
2026-07-08 00:45:00,63267.2,63275.2,63267.2,63275.2,0.851958
2026-07-08 01:00:00,63275.2,63280.4,63275.2,63280.4,0.685832
2026-07-08 01:15:00,63280.4,63282.4,63280.4,63282.4,0.835207
2026-07-08 01:30:00,63282.4,63282.4,63279.3,63279.3,0.723721
2026-07-08 01:45:00,63279.3,63279.3,63273.0,63273.0,1.680161
2026-07-08 02:00:00,63273.0,63273.2,63266.3,63266.3,0.852668
2026-07-08 02:15:00,63266.3,63266.3,63258.4,63258.4,0.84046
2026-07-08 02:30:00,63258.4,63258.5,63251.5,63251.5,0.892464
2026-07-08 02:45:00,63251.5,63251.5,63243.4,63243.4,0.919854
2026-07-08 03:00:00,63243.4,63243.5,63236.2,63236.2,0.870548
2026-07-08 03:15:00,63236.2,63236.2,63228.7,63228.7,0.849921
2026-07-08 03:30:00,63228.7,63229.0,63219.0,63219.0,0.844456
2026-07-08 03:45:00,63219.0,63219.0,63212.1,63212.1,0.860105
2026-07-08 04:00:00,63212.1,63212.4,63203.8,63203.8,0.841408
2026-07-08 04:15:00,63203.8,63203.8,63195.3,63195.3,0.883159
2026-07-08 04:30:00,63195.3,63195.3,63188.0,63188.0,0.920329
2026-07-08 04:45:00,63188.0,63188.0,63181.9,63181.9,0.838953
2026-07-08 05:00:00,63181.9,63181.9,63175.0,63175.0,0.841773
2026-07-08 05:15:00,63175.0,63175.0,63166.5,63166.5,0.914834
2026-07-08 05:30:00,63166.5,63166.5,63159.9,63159.9,0.854843
2026-07-08 05:45:00,63159.9,63160.0,63154.0,63154.0,0.855154
2026-07-08 06:00:00,63154.0,63154.1,63147.0,63147.0,0.856094
2026-07-08 06:15:00,63147.0,63147.0,63140.4,63140.4,0.845905
2026-07-08 06:30:00,63140.4,63140.5,63131.8,63131.8,0.853874
2026-07-08 06:45:00,63131.8,63131.8,63124.9,63124.9,0.837835
2026-07-08 07:00:00,63124.9,63125.0,63118.0,63118.0,0.857316
2026-07-08 07:15:00,63118.0,63118.0,62984.0,62984.0,1.845963
2026-07-08 07:30:00,62984.0,62984.2,62984.0,62984.0,0.860698
2026-07-08 07:45:00,62984.0,62984.1,62984.0,62984.0,0.856049
2026-07-08 08:00:00,62984.0,62984.4,62984.0,62984.0,0.86294
2026-07-08 08:15:00,62984.0,62984.3,62984.0,62984.0,0.858288
2026-07-08 08:30:00,62984.0,62984.2,62984.0,62984.0,1.020523
2026-07-08 08:45:00,62984.0,62984.3,62984.0,62984.0,0.855558
2026-07-08 09:00:00,62984.0,62984.4,62984.0,62984.0,0.855668
2026-07-08 09:15:00,62984.0,62984.1,62984.0,62984.0,0.845559
2026-07-08 09:30:00,62984.0,62984.2,62984.0,62984.0,0.871672
2026-07-08 09:45:00,62984.0,62984.2,62984.0,62984.0,0.873987
2026-07-08 10:00:00,62984.0,62984.3,62984.0,62984.0,0.856867
2026-07-08 10:15:00,62984.0,62984.0,62984.0,62984.0,0.843328
2026-07-08 10:30:00,62984.0,62984.1,62984.0,62984.0,0.853623
2026-07-08 10:45:00,62984.0,62984.1,62984.0,62984.0,0.852629
2026-07-08 11:00:00,62984.0,62984.1,62984.0,62984.0,0.853423
2026-07-08 11:15:00,62984.0,63282.4,62984.0,63164.7,6.048249
2026-07-08 11:30:00,63164.7,63164.8,63159.1,63159.1,0.985241
2026-07-08 11:45:00,63159.1,63159.1,63152.3,63152.3,0.839245
2026-07-08 12:00:00,63152.3,63152.4,63144.8,63144.8,1.855335
2026-07-08 12:15:00,63144.8,63282.4,62984.0,62984.0,18.385865
2026-07-08 12:30:00,62984.0,62984.0,62976.0,62976.0,0.959818
2026-07-08 12:45:00,62976.0,62976.0,62968.3,62968.3,0.886919
2026-07-08 13:00:00,62968.3,62968.4,62961.6,62961.6,0.879971
2026-07-08 13:15:00,62961.6,62961.6,62954.1,62954.1,0.842207
2026-07-08 13:30:00,62954.1,62954.6,62947.3,62947.3,0.857023
2026-07-08 13:45:00,62947.3,62947.3,62940.3,62940.3,0.8404
2026-07-08 14:00:00,62940.3,62940.7,62934.6,62934.6,0.859075
2026-07-08 14:15:00,62934.6,62934.6,62928.3,62928.3,0.842138
2026-07-08 14:30:00,62928.3,62928.5,62920.9,62920.9,0.860681
2026-07-08 14:45:00,62920.9,62921.1,62914.1,62914.1,0.840047
2026-07-08 15:00:00,62914.1,62914.2,62907.3,62907.3,0.856928
2026-07-08 15:15:00,62907.3,62907.3,61492.0,61492.9,217.479435
2026-07-08 15:30:00,61492.9,61499.4,61492.8,61499.4,1.215378
2026-07-08 15:45:00,61499.4,61507.0,61499.3,61507.0,1.300946
2026-07-08 16:00:00,61507.0,61513.5,61506.7,61513.5,0.883544
2026-07-08 16:15:00,61513.5,61520.7,61513.5,61520.7,0.872298
2026-07-08 16:30:00,61520.7,61527.7,61520.6,61527.7,0.864719
2026-07-08 16:45:00,61527.7,61534.2,61527.7,61534.2,0.863801
2026-07-08 17:00:00,61534.2,61541.3,61534.2,61541.3,0.858883
2026-07-08 17:15:00,61541.3,61549.9,61541.1,61549.9,0.868201
2026-07-08 17:30:00,61549.9,61557.1,61549.9,61557.1,0.858183
2026-07-08 17:45:00,61557.1,61564.2,61557.0,61564.2,0.908901
2026-07-08 18:00:00,61564.2,61570.9,61564.2,61570.9,0.859396
2026-07-08 18:15:00,61570.9,61576.9,61570.7,61576.9,0.863788
2026-07-08 18:30:00,61576.9,61582.2,61576.9,61582.2,0.86022
2026-07-08 18:45:00,61582.2,61588.6,61582.1,61588.6,0.862815
2026-07-08 19:00:00,61588.6,61595.9,61588.3,61595.9,0.857409
2026-07-08 19:15:00,61595.9,61602.5,61595.7,61602.5,0.8639
2026-07-08 19:30:00,61602.5,61608.7,61602.3,61608.7,0.8718
2026-07-08 19:45:00,61608.7,61616.4,61608.7,61616.4,0.858661
2026-07-08 20:00:00,61616.4,61623.0,61616.4,61623.0,0.861913
2026-07-08 20:15:00,61623.0,61629.3,61623.0,61629.3,0.856991
2026-07-08 20:30:00,61629.3,61637.1,61629.2,61637.1,0.861736
2026-07-08 20:45:00,61637.1,61646.4,61637.0,61646.4,0.856752
2026-07-08 21:00:00,61646.4,61653.5,61646.4,61653.5,0.861531
2026-07-08 21:15:00,61653.5,61661.8,61653.5,61661.8,0.860289
2026-07-08 21:30:00,61661.8,61669.0,61661.7,61669.0,0.863613
2026-07-08 21:45:00,61669.0,61675.9,61668.9,61675.9,0.857679
2026-07-08 22:00:00,61675.9,61682.1,61675.9,61682.1,0.862714
2026-07-08 22:15:00,61682.1,61790.4,61682.1,61790.4,4.718727
2026-07-08 22:30:00,61790.4,61790.4,61790.3,61790.4,0.861892
2026-07-08 22:45:00,61790.4,61790.4,61790.4,61790.4,0.854979
2026-07-08 23:00:00,61790.4,61790.4,61790.4,61790.4,0.859512
2026-07-08 23:15:00,61790.4,61790.4,61790.3,61790.4,0.856963
2026-07-08 23:30:00,61790.4,61790.4,61790.3,61790.4,0.859978
2026-07-08 23:45:00,61790.4,61790.4,61790.4,61790.4,0.859512
2026-07-09 00:00:00,61790.4,61790.4,61790.4,61790.4,0.854656
2026-07-09 00:15:00,61790.4,61790.4,61790.4,61790.4,0.85956
2026-07-09 00:30:00,61790.4,61790.4,61790.4,61790.4,0.85684
2026-07-09 00:45:00,61790.4,61790.4,61790.3,61790.4,0.861612
2026-07-09 01:00:00,61790.4,61790.4,61790.3,61790.4,0.860592
2026-07-09 01:15:00,61790.4,61790.4,61790.2,61790.4,0.861612
2026-07-09 01:30:00,61790.4,61790.4,61790.2,61790.4,0.856917
2026-07-09 01:45:00,61790.4,61790.4,61790.2,61790.4,0.942466
2026-07-09 02:00:00,61790.4,61790.4,61790.2,61790.4,0.856756
2026-07-09 02:15:00,61790.4,61790.4,61790.3,61790.4,0.859612
2026-07-09 02:30:00,61790.4,61790.4,61790.4,61790.4,0.854672
2026-07-09 02:45:00,61790.4,61790.4,61789.0,61789.7,0.873527
2026-07-09 03:00:00,61789.7,61790.4,61789.0,61790.4,0.861329
2026-07-09 03:15:00,61790.4,61790.4,61790.2,61790.4,0.857596
2026-07-09 03:30:00,61790.4,61790.4,61790.4,61790.4,0.859721
2026-07-09 03:45:00,61790.4,61790.4,61790.4,61790.4,0.854978
2026-07-09 04:00:00,61790.4,61790.4,61790.4,61790.4,0.859851
2026-07-09 04:15:00,61790.4,61791.9,61790.4,61791.9,0.935411
2026-07-09 04:30:00,61791.9,61798.2,61791.8,61798.2,1.091509
2026-07-09 04:45:00,61798.2,61803.9,61798.2,61803.9,0.864852
2026-07-09 05:00:00,61803.9,61811.4,61803.8,61811.4,0.872275
2026-07-09 05:15:00,61811.4,61816.9,61811.4,61816.9,0.855132
2026-07-09 05:30:00,61816.9,61824.6,61816.8,61824.6,0.873874
2026-07-09 05:45:00,61824.6,61830.0,61824.6,61830.0,0.872276
2026-07-09 06:00:00,61830.0,61836.2,61829.9,61836.2,0.880656
2026-07-09 06:15:00,61836.2,61844.4,61836.2,61844.4,0.865993
2026-07-09 06:30:00,61844.4,61851.6,61844.2,61851.6,0.875246
2026-07-09 06:45:00,61851.6,61858.8,61851.6,61858.8,0.859913
2026-07-09 07:00:00,61858.8,61863.9,61858.7,61863.9,0.868905
2026-07-09 07:15:00,61863.9,61871.0,61863.9,61871.0,1.033184
2026-07-09 07:30:00,61871.0,61878.0,61871.0,61878.0,0.958104
2026-07-09 07:45:00,61878.0,61884.8,61877.9,61884.8,1.561673
2026-07-09 08:00:00,61884.8,61889.4,61884.5,61889.4,1.061078
2026-07-09 08:15:00,61889.4,61895.6,61889.4,61895.6,0.85841
2026-07-09 08:30:00,61895.6,61903.1,61895.6,61903.1,1.014776
2026-07-09 08:45:00,61903.1,61909.2,61903.1,61909.2,0.860514
2026-07-09 09:00:00,61909.2,61914.8,61909.2,61914.8,0.853887
2026-07-09 09:15:00,61914.8,61920.3,61914.8,61920.3,0.864032
2026-07-09 09:30:00,61920.3,61928.7,61920.3,61928.7,0.869336
2026-07-09 09:45:00,61928.7,61933.8,61928.7,61933.8,0.859578
2026-07-09 10:00:00,61933.8,61939.6,61641.2,61643.5,14.86404
2026-07-09 10:15:00,61643.5,61649.0,61643.5,61649.0,0.857913
2026-07-09 10:30:00,61649.0,61655.3,61649.0,61655.3,0.862165
2026-07-09 10:45:00,61655.3,61661.5,61655.1,61661.5,0.919603
2026-07-09 11:00:00,61661.5,61668.4,61661.3,61668.4,0.861455
2026-07-09 11:15:00,61668.4,61677.1,61668.3,61677.1,0.857895
2026-07-09 11:30:00,61677.1,61683.9,61677.0,61683.9,0.8627
2026-07-09 11:45:00,61683.9,61691.9,61683.8,61691.9,0.856462
2026-07-09 12:00:00,61691.9,61698.1,61691.7,61698.1,0.855529
2026-07-09 12:15:00,61698.1,61705.7,61697.8,61705.7,0.859748
2026-07-09 12:30:00,61705.7,61711.3,61705.6,61711.3,0.877107
2026-07-09 12:45:00,61711.3,61719.9,61711.3,61719.9,0.856727
2026-07-09 13:00:00,61719.9,61726.2,61719.9,61726.2,0.860676
2026-07-09 13:15:00,61726.2,61733.4,61726.2,61733.4,0.857825
2026-07-09 13:30:00,61733.4,61739.9,61733.4,61739.9,0.970966
2026-07-09 13:45:00,61739.9,61748.3,61739.9,61748.3,0.866248
2026-07-09 14:00:00,61748.3,61754.1,61748.3,61754.1,0.856102
2026-07-09 14:15:00,61754.1,61762.4,61754.1,61762.4,1.871879
2026-07-09 14:30:00,61762.4,61770.7,61762.4,61770.7,0.855962
2026-07-09 14:45:00,61770.7,61777.8,61770.7,61777.8,0.862689
2026-07-09 15:00:00,61777.8,61784.2,61777.8,61784.2,0.8567
2026-07-09 15:15:00,61784.2,61791.5,61784.2,61791.5,0.862512
2026-07-09 15:30:00,61791.5,61798.8,61791.5,61798.8,0.854487
2026-07-09 15:45:00,61798.8,61805.4,61798.8,61805.4,0.916343
2026-07-09 16:00:00,61805.4,61811.5,61805.2,61811.5,0.869984
2026-07-09 16:15:00,61811.5,61818.5,61811.5,61818.5,0.875952
2026-07-09 16:30:00,61818.5,61826.4,61818.5,61826.4,0.854673
2026-07-09 16:45:00,61826.4,61832.8,61826.4,61832.8,0.861417
2026-07-09 17:00:00,61832.8,61839.1,61832.8,61839.1,0.855258
2026-07-09 17:15:00,61839.1,61849.0,61839.1,61849.0,0.860653
2026-07-09 17:30:00,61849.0,61856.4,61849.0,61856.4,0.854814
2026-07-09 17:45:00,61856.4,61864.4,61856.4,61864.4,0.853761
2026-07-09 18:00:00,61864.4,61871.2,61864.4,61871.2,0.884396
2026-07-09 18:15:00,61871.2,61878.5,61871.2,61878.5,0.854407
2026-07-09 18:30:00,61878.5,61885.3,61878.5,61885.3,0.859648
2026-07-09 18:45:00,61885.3,61892.8,61885.3,61892.8,0.856687
2026-07-09 19:00:00,61892.8,61899.6,61892.8,61899.6,0.858765
2026-07-09 19:15:00,61899.6,61907.6,61899.6,61907.6,0.853225
2026-07-09 19:30:00,61907.6,61915.9,61907.6,61915.9,0.871053
2026-07-09 19:45:00,61915.9,61922.6,61915.9,61922.6,0.85413
2026-07-09 20:00:00,61922.6,61927.7,61922.6,61927.7,0.857726
2026-07-09 20:15:00,61927.7,61933.1,61927.7,61933.1,0.852842
2026-07-09 20:30:00,61933.1,61939.6,61933.1,61939.6,0.857549
2026-07-09 20:45:00,61939.6,61939.6,61939.6,61939.6,0.852705
2026-07-09 21:00:00,61939.6,61939.6,61939.5,61939.6,0.873978
2026-07-09 21:15:00,61939.6,61939.6,61939.6,61939.6,0.854705
2026-07-09 21:30:00,61939.6,61939.6,61939.5,61939.6,0.856705
2026-07-09 21:45:00,61939.6,61939.6,61939.6,61939.6,0.857549
2026-07-09 22:00:00,61939.6,61939.6,61939.6,61939.6,0.852705
2026-07-09 22:15:00,61939.6,61939.6,61939.6,61939.6,0.857549
2026-07-09 22:30:00,61939.6,61939.6,61939.6,61939.6,0.852705
2026-07-09 22:45:00,61939.6,61939.6,61939.6,61939.6,0.857871
2026-07-09 23:00:00,61939.6,61939.6,61939.6,61939.6,0.852705
2026-07-09 23:15:00,61939.6,61939.6,61939.6,61939.6,0.857533
2026-07-09 23:30:00,61939.6,61939.6,61939.4,61939.6,0.857705
2026-07-09 23:45:00,61939.6,61939.6,61939.6,61939.6,0.857388
2026-07-10 00:00:00,61939.6,61939.6,61939.5,61939.6,0.87916
2026-07-10 00:15:00,61939.6,61939.6,61939.5,61939.6,0.862664
2026-07-10 00:30:00,61939.6,61939.6,61939.6,61939.6,0.852544
2026-07-10 00:45:00,61939.6,61939.6,61939.5,61939.6,0.861002
2026-07-10 01:00:00,61939.6,61939.6,61939.5,61939.6,0.860586
2026-07-10 01:15:00,61939.6,61939.6,61939.6,61939.6,0.857388
2026-07-10 01:30:00,61939.6,61939.6,61939.6,61939.6,0.852863
2026-07-10 01:45:00,61939.6,61944.6,61939.6,61944.6,0.852544
2026-07-10 02:00:00,61944.6,61951.3,61944.6,61951.3,0.857223
2026-07-10 02:15:00,61951.3,61956.7,61951.3,61956.7,0.852432
2026-07-10 02:30:00,61956.7,61962.8,61956.7,61962.8,0.860337
2026-07-10 02:45:00,61962.8,61969.9,61962.8,61969.9,0.852369
2026-07-10 03:00:00,61969.9,61976.6,61969.9,61976.6,0.863825
2026-07-10 03:15:00,61976.6,61982.2,61976.6,61982.2,0.853951
2026-07-10 03:30:00,61982.2,61989.0,61982.2,61989.0,0.857412
2026-07-10 03:45:00,61989.0,61995.2,61989.0,61995.2,0.85184
2026-07-10 04:00:00,61995.2,62001.5,61995.2,62001.5,0.856719
2026-07-10 04:15:00,62001.5,62009.3,62001.5,62009.3,0.860278
2026-07-10 04:30:00,62009.3,62016.1,62009.3,62015.1,2.47367
2026-07-10 04:45:00,62015.1,63431.6,62015.1,63431.6,203.428377
2026-07-10 05:00:00,63431.6,63431.6,63431.5,63431.6,0.842576
2026-07-10 05:15:00,63431.6,63431.6,63431.5,63431.6,0.834708
2026-07-10 05:30:00,63431.6,63431.6,63431.5,63431.6,0.89485
2026-07-10 05:45:00,63431.6,63431.6,63431.4,63431.5,0.936493
2026-07-10 06:00:00,63431.5,63431.6,63431.3,63431.6,0.863165
2026-07-10 06:15:00,63431.6,63431.6,63431.4,63431.6,0.848953
2026-07-10 06:30:00,63431.6,63431.6,63431.1,63431.6,1.848339
2026-07-10 06:45:00,63431.6,63431.6,63431.3,63431.6,0.858829
2026-07-10 07:00:00,63431.6,63431.6,63431.0,63431.6,0.890059
2026-07-10 07:15:00,63431.6,63431.6,63431.2,63431.6,0.843164
2026-07-10 07:30:00,63431.6,63431.6,63431.5,63431.6,0.83589
2026-07-10 07:45:00,63431.6,63431.6,63431.4,63431.6,1.337554
2026-07-10 08:00:00,63431.6,63431.6,63431.5,63431.6,0.775636
2026-07-10 08:15:00,63431.6,63431.6,63133.2,63431.6,2.023968
2026-07-10 08:30:00,63431.6,63431.6,63431.5,63431.6,0.99626
2026-07-10 08:45:00,63431.6,63431.6,63431.6,63431.6,0.915793
2026-07-10 09:00:00,63431.6,63431.6,63431.5,63431.6,0.845405
2026-07-10 09:15:00,63431.6,63431.6,63431.6,63431.6,0.837398
2026-07-10 09:30:00,63431.6,63431.6,63431.5,63431.6,0.920639
2026-07-10 09:45:00,63431.6,63431.6,63431.6,63431.6,0.837996
2026-07-10 10:00:00,63431.6,63431.6,63431.6,63431.6,0.829514
2026-07-10 10:15:00,63431.6,63431.6,63431.6,63431.6,0.837398
2026-07-10 10:30:00,63431.6,63431.6,63431.5,63431.6,0.840448
2026-07-10 10:45:00,63431.6,63431.6,63431.6,63431.6,0.846818
2026-07-10 11:00:00,63431.6,63431.6,63431.6,63431.6,0.73517
2026-07-10 11:15:00,63431.6,63433.7,63431.6,63433.7,0.850328
2026-07-10 11:30:00,63433.7,63441.2,63433.7,63441.2,0.844935
2026-07-10 11:45:00,63441.2,63730.0,63441.1,63730.0,30.837805
2026-07-10 12:00:00,63730.0,63730.0,63730.0,63730.0,0.82889
2026-07-10 12:15:00,63730.0,63730.0,63730.0,63730.0,0.834067
2026-07-10 12:30:00,63730.0,63730.0,63730.0,63730.0,0.830342
2026-07-10 12:45:00,63730.0,63730.0,63730.0,63730.0,0.82889
2026-07-10 13:00:00,63730.0,63730.0,63730.0,63730.0,0.833316
2026-07-10 13:15:00,63730.0,63730.0,63729.9,63730.0,0.82928
2026-07-10 13:30:00,63730.0,63730.0,63729.6,63730.0,2.105856
2026-07-10 13:45:00,63730.0,63730.0,63730.0,63730.0,0.82878
2026-07-10 14:00:00,63730.0,63730.0,63729.9,63730.0,0.873503
2026-07-10 14:15:00,63730.0,63730.0,63730.0,63730.0,0.828608
2026-07-10 14:30:00,63730.0,63730.0,63729.9,63730.0,0.847145
2026-07-10 14:45:00,63730.0,63730.0,63730.0,63730.0,0.828608
2026-07-10 15:00:00,63730.0,63730.0,63729.9,63730.0,0.869116
2026-07-10 15:15:00,63730.0,63730.0,63729.9,63730.0,1.609608
2026-07-10 15:30:00,63730.0,63730.0,63729.6,63730.0,2.15904
2026-07-10 15:45:00,63730.0,63730.0,63730.0,63730.0,0.82892
2026-07-10 16:00:00,63730.0,63730.0,63729.9,63730.0,0.924048
2026-07-10 16:15:00,63730.0,63734.8,63730.0,63734.8,1.020471
2026-07-10 16:30:00,63734.8,63742.7,63734.7,63742.7,1.084116
2026-07-10 16:45:00,63742.7,63749.9,63742.7,63749.9,1.841936
2026-07-10 17:00:00,63749.9,63756.0,63749.8,63756.0,0.863315
2026-07-10 17:15:00,63756.0,63763.2,63756.0,63763.2,0.869064
2026-07-10 17:30:00,63763.2,63770.9,63763.1,63770.9,0.845342
2026-07-10 17:45:00,63770.9,63779.8,63770.9,63779.8,0.834899
2026-07-10 18:00:00,63779.8,63786.6,63779.7,63786.6,0.840447
2026-07-10 18:15:00,63786.6,63793.6,63786.6,63793.6,0.832853
2026-07-10 18:30:00,63793.6,63800.3,63793.5,63800.3,0.84377
2026-07-10 18:45:00,63800.3,63804.2,63800.3,63803.8,0.832671
2026-07-10 19:00:00,63803.8,63811.0,63803.4,63811.0,0.841402
2026-07-10 19:15:00,63811.0,63816.3,63811.0,63816.3,0.843748
2026-07-10 19:30:00,63816.3,63823.5,63816.2,63823.5,0.850411
2026-07-10 19:45:00,63823.5,63831.9,63823.5,63831.9,0.827872
2026-07-10 20:00:00,63831.9,63836.9,63831.8,63836.3,0.843044
2026-07-10 20:15:00,63836.3,63879.2,63834.0,63876.4,2.282337
2026-07-10 20:30:00,63876.4,63876.5,63874.5,63875.6,0.849049
2026-07-10 20:45:00,63875.6,63876.0,63873.0,63873.0,0.827827
2026-07-10 21:00:00,63873.0,63876.1,63871.5,63876.1,0.844893
2026-07-10 21:15:00,63876.1,63879.2,63876.1,63879.2,0.833828
2026-07-10 21:30:00,63879.2,63879.2,63879.1,63879.2,0.846048
2026-07-10 21:45:00,63879.2,63879.2,63879.2,63879.2,0.826672
2026-07-10 22:00:00,63879.2,63879.2,63879.1,63879.2,0.842195
2026-07-10 22:15:00,63879.2,63879.2,63879.2,63879.2,0.831369
2026-07-10 22:30:00,63879.2,63879.2,63879.1,63879.2,0.841195
2026-07-10 22:45:00,63879.2,63879.2,63879.0,63879.2,0.839502
2026-07-10 23:00:00,63879.2,63879.2,63879.1,63879.2,0.841195
2026-07-10 23:15:00,63879.2,63879.2,63879.2,63879.2,0.831509
2026-07-10 23:30:00,63879.2,63879.2,63879.1,63879.2,0.841507
2026-07-10 23:45:00,63879.2,63879.2,63879.2,63879.2,0.831369
2026-07-11 00:00:00,63879.2,63879.2,63878.9,63879.2,0.841195
2026-07-11 00:15:00,63879.2,63879.2,63879.2,63879.2,0.847312
2026-07-11 00:30:00,63879.2,63879.2,63879.1,63879.2,0.841195
2026-07-11 00:45:00,63879.2,63879.2,63879.2,63879.2,0.831369
2026-07-11 01:00:00,63879.2,63879.2,63879.1,63879.2,0.859168
2026-07-11 01:15:00,63879.2,63879.2,63879.2,63879.2,0.831838
2026-07-11 01:30:00,63879.2,63879.2,63879.2,63879.2,0.826828
2026-07-11 01:45:00,63879.2,63879.2,63879.2,63879.2,0.826672
2026-07-11 02:00:00,63879.2,63879.2,63879.1,63879.2,0.845892
2026-07-11 02:15:00,63879.2,63879.2,63879.2,63879.2,0.826984
2026-07-11 02:30:00,63879.2,63879.2,63879.1,63879.2,0.845907
2026-07-11 02:45:00,63879.2,63879.2,63879.2,63879.2,0.826687
2026-07-11 03:00:00,63879.2,63879.2,63879.1,63879.2,0.847925
2026-07-11 03:15:00,63879.2,63879.2,63879.2,63879.2,0.828549
2026-07-11 03:30:00,63879.2,63881.9,63879.1,63881.9,0.861398
2026-07-11 03:45:00,63881.9,63889.5,63881.9,63889.5,0.835917
2026-07-11 04:00:00,63889.5,63896.2,63889.4,63896.2,0.844666
2026-07-11 04:15:00,63896.2,63905.4,63896.2,63905.4,0.834167
2026-07-11 04:30:00,63905.4,63911.4,63905.4,63911.4,0.852116
2026-07-11 04:45:00,63911.4,63918.6,63911.4,63918.6,0.828487
2026-07-11 05:00:00,63918.6,63925.3,63918.5,63925.3,0.8447
2026-07-11 05:15:00,63925.3,63932.3,63925.3,63932.3,2.714359
2026-07-11 05:30:00,63932.3,63939.3,63932.2,63939.3,1.405335
2026-07-11 05:45:00,63939.3,63945.6,63939.3,63945.6,1.128558
2026-07-11 06:00:00,63945.6,63952.7,63945.5,63952.7,0.843232
2026-07-11 06:15:00,63952.7,63960.3,63952.7,63960.3,0.850823
2026-07-11 06:30:00,63960.3,63967.7,63960.2,63967.7,0.851367
2026-07-11 06:45:00,63967.7,63975.4,63967.7,63975.4,0.832488
2026-07-11 07:00:00,63975.4,63981.8,63975.3,63981.8,1.339632
2026-07-11 07:15:00,63981.8,63987.2,63981.8,63987.2,0.833994
2026-07-11 07:30:00,63987.2,63994.2,63987.1,63994.2,0.918513
2026-07-11 07:45:00,63994.2,64001.0,63994.2,64001.0,0.831118
2026-07-11 08:00:00,64001.0,64008.1,64000.9,64008.1,0.843056
2026-07-11 08:15:00,64008.1,64015.3,64008.1,64015.3,0.82977
2026-07-11 08:30:00,64015.3,64022.1,64015.3,64022.1,0.994579
2026-07-11 08:45:00,64022.1,64027.1,64022.1,64027.1,1.612093
2026-07-11 09:00:00,64027.1,64028.4,64027.0,64028.4,0.842946
2026-07-11 09:15:00,64028.4,64028.4,64028.3,64028.4,0.827923
2026-07-11 09:30:00,64028.4,64028.4,64028.1,64028.4,0.859549
2026-07-11 09:45:00,64028.4,64028.4,64028.4,64028.4,0.824782
2026-07-11 10:00:00,64028.4,64028.4,64028.3,64028.4,0.845492
2026-07-11 10:15:00,64028.4,64028.4,64028.3,64028.4,0.827736
2026-07-11 10:30:00,64028.4,64028.4,64028.2,64028.4,0.845786
2026-07-11 10:45:00,64028.4,64028.4,64028.4,64028.4,0.831763
2026-07-11 11:00:00,64028.4,64028.4,64028.3,64028.4,0.844072
2026-07-11 11:15:00,64028.4,64028.4,64028.4,64028.4,0.824736
2026-07-11 11:30:00,64028.4,64028.4,64028.3,64028.4,0.843947
2026-07-11 11:45:00,64028.4,64028.4,64028.4,64028.4,0.825048
2026-07-11 12:00:00,64028.4,64028.4,64028.2,64028.4,0.847056
2026-07-11 12:15:00,64028.4,64028.4,64028.3,64028.4,0.825751
2026-07-11 12:30:00,64028.4,64028.4,64028.3,64028.4,0.859798
2026-07-11 12:45:00,64028.4,64028.4,64028.4,64028.4,0.824908
2026-07-11 13:00:00,64028.4,64028.4,64028.3,64028.4,0.839402
2026-07-11 13:15:00,64028.4,64028.4,64028.4,64028.4,0.829468
2026-07-11 13:30:00,64028.4,64028.4,64028.2,64028.4,0.84023
2026-07-11 13:45:00,64028.4,64028.4,64028.3,64028.4,0.834713
2026-07-11 14:00:00,64028.4,64028.4,64028.3,64028.4,0.828078
2026-07-11 14:15:00,64028.4,64028.4,64028.4,64028.4,0.830766
2026-07-11 14:30:00,64028.4,64028.4,64028.4,64028.4,0.844477
2026-07-11 14:45:00,64028.4,64028.4,64028.4,64028.4,0.829422
2026-07-11 15:00:00,64028.4,64028.4,64028.4,64028.4,0.824736
2026-07-11 15:15:00,64028.4,64028.4,64028.4,64028.4,0.829422
2026-07-11 15:30:00,64028.4,64031.8,64028.4,64031.8,0.825126
2026-07-11 15:45:00,64031.8,64037.6,64031.6,64037.6,0.833661
2026-07-11 16:00:00,64037.6,64043.9,64037.5,64043.9,0.838922
2026-07-11 16:15:00,64043.9,64050.4,64043.9,64050.4,1.829338
2026-07-11 16:30:00,64050.4,67438.4,64050.3,67161.6,698.499985
2026-07-11 16:45:00,67161.6,67161.6,67161.6,67161.6,0.790659
2026-07-11 17:00:00,67161.6,67161.7,67161.6,67161.6,1.802761
2026-07-11 17:15:00,67161.6,67161.8,67161.6,67161.6,0.789488
2026-07-11 17:30:00,67161.6,67161.7,67161.6,67161.6,1.794881
2026-07-11 17:45:00,67161.6,67161.6,67161.6,67161.6,0.786192
2026-07-11 18:00:00,67161.6,67161.6,67161.6,67161.6,0.790659
2026-07-11 18:15:00,67161.6,67161.7,67161.6,67161.6,0.794503
2026-07-11 18:30:00,67161.6,67161.7,67161.6,67161.6,0.793807
2026-07-11 18:45:00,67161.6,67161.8,67161.6,67161.6,0.789234
2026-07-11 19:00:00,67161.6,67161.6,67161.6,67161.6,0.792659
2026-07-11 19:15:00,67161.6,67162.0,67161.6,67161.6,1.797316
2026-07-11 19:30:00,67161.6,67161.8,67160.1,67160.1,0.84125
2026-07-11 19:45:00,67160.1,67160.1,67154.4,67154.4,0.803706
2026-07-11 20:00:00,67154.4,67154.4,67146.9,67146.9,0.809381
2026-07-11 20:15:00,67146.9,67146.9,67139.7,67139.7,0.796642
2026-07-11 20:30:00,67139.7,67139.7,67133.0,67133.0,0.818436
2026-07-11 20:45:00,67133.0,67133.0,67127.5,67127.5,0.807613
2026-07-11 21:00:00,67127.5,67127.5,67120.4,67120.4,0.811683
2026-07-11 21:15:00,67120.4,67120.4,67115.5,67115.5,0.82781
2026-07-11 21:30:00,67115.5,67115.5,67107.2,67107.2,1.831694
2026-07-11 21:45:00,67107.2,67107.2,67100.5,67100.5,1.841863
2026-07-11 22:00:00,67100.5,67100.5,67093.5,67093.5,0.805327
2026-07-11 22:15:00,67093.5,67093.5,67085.8,67085.8,0.814069
2026-07-11 22:30:00,67085.8,67085.8,67077.4,67077.4,0.809525
2026-07-11 22:45:00,67077.4,67077.4,67071.8,67071.8,0.806858
2026-07-11 23:00:00,67071.8,67071.8,67065.2,67065.2,0.807293
2026-07-11 23:15:00,67065.2,67065.2,67012.4,67012.4,2.143714
2026-07-11 23:30:00,67012.4,67012.7,67012.4,67012.4,0.802188
2026-07-11 23:45:00,67012.4,67012.4,67012.4,67012.4,2.142211
2026-07-12 00:00:00,67012.4,67012.4,63879.2,63879.2,452.450697
2026-07-12 00:15:00,63879.2,63881.2,63879.2,63879.2,0.831414
2026-07-12 00:30:00,63879.2,63879.4,63879.2,63879.2,0.838939
2026-07-12 00:45:00,63879.2,63879.4,63879.2,63879.2,0.832672
2026-07-12 01:00:00,63879.2,63885.7,63879.2,63885.7,0.849612
2026-07-12 01:15:00,63885.7,63892.5,63885.6,63892.5,0.840065
2026-07-12 01:30:00,63892.5,63899.5,63892.3,63899.5,0.88232
2026-07-12 01:45:00,63899.5,63906.8,63899.5,63906.8,0.84998
2026-07-12 02:00:00,63906.8,63914.2,63906.8,63914.2,0.838644
2026-07-12 02:15:00,63914.2,63922.4,63914.1,63922.4,0.826555
2026-07-12 02:30:00,63922.4,63929.4,63922.1,63929.4,0.844685
2026-07-12 02:45:00,63929.4,63937.4,63929.4,63937.4,0.828083
2026-07-12 03:00:00,63937.4,63943.4,63937.3,63943.4,0.832649
2026-07-12 03:15:00,63943.4,63949.8,63943.2,63949.8,0.836767
2026-07-12 03:30:00,63949.8,63955.7,63949.8,63955.7,0.84352
2026-07-12 03:45:00,63955.7,63964.2,63955.6,63964.2,0.845101
2026-07-12 04:00:00,63964.2,63971.8,63964.1,63971.8,0.854445
2026-07-12 04:15:00,63971.8,63979.2,63971.8,63979.2,0.82554
2026-07-12 04:30:00,63979.2,63982.3,63979.2,63982.2,0.832066
2026-07-12 04:45:00,63982.2,63986.9,63982.2,63986.9,0.813294
2026-07-12 05:00:00,63986.9,63993.0,63986.8,63992.5,0.816344
2026-07-12 05:15:00,63992.5,63992.6,63986.4,63986.4,0.821673
2026-07-12 05:30:00,63986.4,63986.4,63981.0,63981.0,0.825364
2026-07-12 05:45:00,63981.0,63981.9,63979.3,63981.1,0.833506
2026-07-12 06:00:00,63981.1,63981.1,63972.2,63972.2,0.830501
2026-07-12 06:15:00,63972.2,63972.3,63965.9,63965.9,0.843589
2026-07-12 06:30:00,63965.9,63965.9,63959.9,63959.9,0.854127
2026-07-12 06:45:00,63959.9,63959.9,63954.7,63954.7,0.825731
2026-07-12 07:00:00,63954.7,63954.7,63948.0,63948.0,1.609748
2026-07-12 07:15:00,63948.0,63948.0,63940.5,63940.5,0.825953
2026-07-12 07:30:00,63940.5,63940.6,63934.1,63934.1,0.846365
2026-07-12 07:45:00,63934.1,63934.1,63929.1,63929.1,0.83041
2026-07-12 08:00:00,63929.1,63932.3,63927.7,63932.3,0.840507
2026-07-12 08:15:00,63932.3,63938.9,63932.2,63938.9,0.830928
2026-07-12 08:30:00,63938.9,63945.4,63938.9,63945.4,0.983274
2026-07-12 08:45:00,63945.4,63952.8,63945.2,63952.8,0.826429
2026-07-12 09:00:00,63952.8,63958.7,63952.8,63957.4,0.831437
2026-07-12 09:15:00,63957.4,63957.4,63950.9,63950.9,0.826942
2026-07-12 09:30:00,63950.9,63950.9,63946.1,63948.6,0.871151
2026-07-12 09:45:00,63948.6,63956.1,63948.5,63956.1,0.825838
2026-07-12 10:00:00,63956.1,63956.5,63950.8,63950.8,0.845532
2026-07-12 10:15:00,63950.8,63950.8,63945.5,63945.5,0.825892
2026-07-12 10:30:00,63945.5,63945.5,63937.3,63937.3,0.843104
2026-07-12 10:45:00,63937.3,63937.3,63929.6,63929.6,0.833575
2026-07-12 11:00:00,63929.6,63929.7,63923.3,63923.3,0.843497
2026-07-12 11:15:00,63923.3,63923.3,63915.6,63915.6,0.826588
2026-07-12 11:30:00,63915.6,63923.9,63915.5,63923.9,0.844485
2026-07-12 11:45:00,63923.9,63932.0,63923.8,63932.0,0.826397
2026-07-12 12:00:00,63932.0,63938.9,63931.7,63938.9,0.843268
2026-07-12 12:15:00,63938.9,63946.2,63938.9,63946.2,0.825807
2026-07-12 12:30:00,63946.2,63952.1,63946.1,63952.1,1.10852
2026-07-12 12:45:00,63952.1,63959.9,63952.1,63959.9,0.830864
2026-07-12 13:00:00,63959.9,63967.4,63959.6,63967.4,2.26289
2026-07-12 13:15:00,63967.4,63974.4,63967.4,63974.4,0.830488
2026-07-12 13:30:00,63974.4,63980.7,63974.4,63980.7,0.83827
2026-07-12 13:45:00,63980.7,63987.5,63980.7,63987.5,0.83028
2026-07-12 14:00:00,63987.5,63991.6,63987.4,63991.3,0.841982
2026-07-12 14:15:00,63991.3,63993.1,63990.3,63993.1,0.817694
2026-07-12 14:30:00,63993.1,63998.8,63993.0,63998.8,0.839755
2026-07-12 14:45:00,63998.8,64005.3,63998.8,64005.3,0.830932
2026-07-12 15:00:00,64005.3,64011.4,64005.2,64011.4,0.840775
2026-07-12 15:15:00,64011.4,64018.5,64011.4,64018.5,0.834755
2026-07-12 15:30:00,64018.5,64024.1,64018.5,64024.1,0.837443
2026-07-12 15:45:00,64024.1,64031.8,64024.1,64031.8,0.829975
2026-07-12 16:00:00,64031.8,64038.0,64031.5,64038.0,0.837461
2026-07-12 16:15:00,64038.0,64043.5,64038.0,64043.5,0.829486
2026-07-12 16:30:00,64043.5,64050.3,64043.2,64050.3,0.837167
2026-07-12 16:45:00,64050.3,64056.9,64050.3,64056.9,0.825304
2026-07-12 17:00:00,64056.9,64063.3,64056.9,64063.3,0.842132
2026-07-12 17:15:00,64063.3,64070.4,64063.3,64070.4,0.831673
2026-07-12 17:30:00,64070.4,64078.3,64070.4,64078.3,0.845488
2026-07-12 17:45:00,64078.3,64082.6,64078.3,64081.2,0.832854
2026-07-12 18:00:00,64081.2,64082.9,64076.5,64076.5,0.839818
2026-07-12 18:15:00,64076.5,64076.5,64072.4,64072.9,0.83049
2026-07-12 18:30:00,64072.9,64078.2,64072.5,64078.2,0.845529
2026-07-12 18:45:00,64078.2,64085.0,64078.2,64085.0,0.829469
2026-07-12 19:00:00,64085.0,64092.8,64084.9,64092.8,0.845491
2026-07-12 19:15:00,64092.8,64099.5,64092.8,64099.5,0.828392
2026-07-12 19:30:00,64099.5,64106.5,64099.4,64106.5,0.841297
2026-07-12 19:45:00,64106.5,64114.0,64106.5,64114.0,0.823835
2026-07-12 20:00:00,64114.0,64118.8,64113.9,64118.8,0.68179
2026-07-12 20:15:00,64118.8,64124.8,64118.8,64124.8,0.833455
2026-07-12 20:30:00,64124.8,64130.8,64124.7,64130.8,0.836105
2026-07-12 20:45:00,64130.8,64138.1,64130.8,64138.1,0.82816
2026-07-12 21:00:00,64138.1,64143.9,64137.9,64143.9,0.686089
2026-07-12 21:15:00,64143.9,64147.1,64143.9,64143.9,0.837781
2026-07-12 21:30:00,64143.9,64143.9,64138.3,64138.3,0.838342
2026-07-12 21:45:00,64138.3,64138.3,64132.4,64132.4,0.829972
2026-07-12 22:00:00,64132.4,64132.6,64126.5,64126.5,0.841581
2026-07-12 22:15:00,64126.5,64126.5,64120.4,64120.4,0.835826
2026-07-12 22:30:00,64120.4,64120.4,64112.0,64112.0,0.843064
2026-07-12 22:45:00,64112.0,64112.0,64104.6,64104.6,0.823991
2026-07-12 23:00:00,64104.6,64104.8,64100.0,64100.0,0.686481
2026-07-12 23:15:00,64100.0,64100.0,64094.4,64094.4,0.829677
2026-07-12 23:30:00,64094.4,64094.4,64090.4,64090.4,0.684176
2026-07-12 23:45:00,64090.4,64090.4,64083.9,64083.9,0.823998
2026-07-13 00:00:00,64083.9,64084.0,64080.7,64083.8,0.848192
2026-07-13 00:15:00,64083.8,64089.9,64083.8,64089.9,0.824068
2026-07-13 00:30:00,64089.9,64092.1,64087.9,64087.9,0.86248
2026-07-13 00:45:00,64087.9,64087.9,64081.0,64081.0,0.8588
2026-07-13 01:00:00,64081.0,64081.1,64075.0,64075.0,0.887853
2026-07-13 01:15:00,64075.0,64075.2,64068.6,64068.6,0.865267
2026-07-13 01:30:00,64068.6,64068.6,64061.6,64061.6,0.858142
2026-07-13 01:45:00,64061.6,64061.6,64053.5,64053.5,0.829065
2026-07-13 02:00:00,64053.5,64053.5,64047.4,64047.4,0.837344
2026-07-13 02:15:00,64047.4,64150.3,64039.4,64150.2,5.417453
2026-07-13 02:30:00,64150.2,64476.0,64149.9,64475.9,64.190439
2026-07-13 02:45:00,64475.9,64476.0,64475.9,64475.9,0.826596
2026-07-13 03:00:00,64475.9,64476.0,64475.9,64475.9,0.83735
2026-07-13 03:15:00,64475.9,64476.0,64475.9,64475.9,1.831441
2026-07-13 03:30:00,64475.9,64476.0,64475.9,64475.9,0.847881
2026-07-13 03:45:00,64475.9,64475.9,64475.9,64475.9,0.823581
2026-07-13 04:00:00,64475.9,64476.0,64475.9,64475.9,0.833505
2026-07-13 04:15:00,64475.9,64475.9,64475.9,64475.9,0.818928
2026-07-13 04:30:00,64475.9,64476.0,64475.9,64475.9,1.524976
2026-07-13 04:45:00,64475.9,64476.0,64475.0,64475.0,1.175536
2026-07-13 05:00:00,64475.0,64475.2,64468.1,64468.1,1.019891
2026-07-13 05:15:00,64468.1,64468.1,64460.8,64460.8,0.829462
2026-07-13 05:30:00,64460.8,64460.8,64452.9,64452.9,0.836534
2026-07-13 05:45:00,64452.9,64453.0,64444.5,64444.5,0.829335
2026-07-13 06:00:00,64444.5,64444.7,64438.4,64438.4,0.848231
2026-07-13 06:15:00,64438.4,64438.4,64177.6,64177.6,1.82858
2026-07-13 06:30:00,64177.6,64177.8,64177.6,64177.6,0.85073
2026-07-13 06:45:00,64177.6,64177.7,64177.6,64177.6,0.823815
2026-07-13 07:00:00,64177.6,64178.0,64177.6,64177.6,1.273858
2026-07-13 07:15:00,64177.6,64177.7,64177.6,64177.6,0.861781
2026-07-13 07:30:00,64177.6,64177.8,64177.6,64177.6,0.891675
2026-07-13 07:45:00,64177.6,64177.7,64177.6,64177.6,0.82931
2026-07-13 08:00:00,64177.6,64177.9,64177.6,64177.6,0.856583
2026-07-13 08:15:00,64177.6,64177.8,64177.6,64177.6,0.827185
2026-07-13 08:30:00,64177.6,64177.8,64177.6,64177.6,1.00665
2026-07-13 08:45:00,64177.6,64177.9,63282.4,63282.4,121.481969
2026-07-13 09:00:00,63282.4,63282.6,63282.4,63282.4,0.839904
2026-07-13 09:15:00,63282.4,63282.5,63282.4,63282.4,0.914814
2026-07-13 09:30:00,63282.4,63282.5,63282.4,63282.4,0.887905
2026-07-13 09:45:00,63282.4,63282.6,63282.4,63282.4,0.876688
2026-07-13 10:00:00,63282.4,63282.6,63282.4,63282.4,0.880771
2026-07-13 10:15:00,63282.4,63282.6,63282.4,63282.4,0.88277
2026-07-13 10:30:00,63282.4,63282.4,63282.4,63282.4,0.834716
2026-07-13 10:45:00,63282.4,63282.5,63282.4,63282.4,0.851147
2026-07-13 11:00:00,63282.4,63282.5,63282.4,63282.4,0.835874
2026-07-13 11:15:00,63282.4,63282.4,63282.4,63282.4,0.839457
2026-07-13 11:30:00,63282.4,63282.5,63282.4,63282.4,0.834547
2026-07-13 11:45:00,63282.4,63282.5,63282.4,63282.4,0.841573
2026-07-13 12:00:00,63282.4,63282.4,63282.4,63282.4,0.834516
2026-07-13 12:15:00,63282.4,63282.5,63133.2,63133.2,16.717032
2026-07-13 12:30:00,63133.2,63133.3,63133.2,63133.2,0.876666
2026-07-13 12:45:00,63133.2,63133.3,63133.2,63133.2,0.871714
2026-07-13 13:00:00,63133.2,63133.2,63133.2,63133.2,0.841204
2026-07-13 13:15:00,63133.2,63133.4,63133.2,63133.2,0.84756
2026-07-13 13:30:00,63133.2,63133.4,63133.2,63133.2,0.846467
2026-07-13 13:45:00,63133.2,63133.4,63133.2,63133.2,0.839416
2026-07-13 14:00:00,63133.2,63133.3,63133.2,63133.2,0.861365
2026-07-13 14:15:00,63133.2,63133.2,63133.2,63133.2,0.836768
2026-07-13 14:30:00,63133.2,63133.3,63133.2,63133.2,0.843835
2026-07-13 14:45:00,63133.2,63133.4,63133.2,63133.2,0.840084
2026-07-13 15:00:00,63133.2,63133.4,63133.2,63133.2,0.84152
2026-07-13 15:15:00,63133.2,63133.2,63133.2,63133.2,0.836768
2026-07-13 15:30:00,63133.2,63133.3,63133.2,63133.2,0.843503
2026-07-13 15:45:00,63133.2,63133.5,63133.2,63133.2,0.849074
2026-07-13 16:00:00,63133.2,63133.4,63133.2,63133.2,0.858643
2026-07-13 16:15:00,63133.2,63133.2,63133.2,63133.2,0.841204
2026-07-13 16:30:00,63133.2,63133.3,63133.2,63133.2,0.838467
2026-07-13 16:45:00,63133.2,63133.2,63130.1,63130.1,0.841241
2026-07-13 17:00:00,63130.1,63130.1,63122.5,63122.5,0.840285
2026-07-13 17:15:00,63122.5,63122.5,63115.0,63115.0,0.883514
2026-07-13 17:30:00,63115.0,63115.0,63109.2,63109.2,0.839673
2026-07-13 17:45:00,63109.2,63109.2,63103.2,63103.2,0.847863
2026-07-13 18:00:00,63103.2,63103.2,62984.0,62984.0,1.960325
2026-07-13 18:15:00,62984.0,62984.1,62984.0,62984.0,0.845502
2026-07-13 18:30:00,62984.0,62984.2,62984.0,62984.0,0.85223
2026-07-13 18:45:00,62984.0,62984.1,62984.0,62984.0,0.851006
2026-07-13 19:00:00,62984.0,62984.2,62984.0,62984.0,1.842197
2026-07-13 19:15:00,62984.0,62984.1,62984.0,62984.0,0.856881
2026-07-13 19:30:00,62984.0,62984.0,62984.0,62984.0,0.843644
2026-07-13 19:45:00,62984.0,62984.4,62984.0,62984.0,0.84111
2026-07-13 20:00:00,62984.0,62984.0,62984.0,62984.0,0.843328
2026-07-13 20:15:00,62984.0,62984.0,62984.0,62984.0,0.838564
2026-07-13 20:30:00,62984.0,62984.2,62984.0,62984.0,0.846301
2026-07-13 20:45:00,62984.0,62984.0,62984.0,62984.0,0.838564
2026-07-13 21:00:00,62984.0,62984.3,62984.0,62984.0,0.844525
2026-07-13 21:15:00,62984.0,62984.0,62984.0,62984.0,0.841143
2026-07-13 21:30:00,62984.0,62984.1,62984.0,62984.0,0.863828
2026-07-13 21:45:00,62984.0,62984.0,62984.0,62984.0,0.912049
2026-07-13 22:00:00,62984.0,62984.1,62984.0,62984.0,0.911661
2026-07-13 22:15:00,62984.0,62984.2,62984.0,62984.0,0.843721
2026-07-13 22:30:00,62984.0,62984.0,62984.0,62984.0,0.844328
2026-07-13 22:45:00,62984.0,62984.1,62984.0,62984.0,0.84388
2026-07-13 23:00:00,62984.0,62984.1,62984.0,62984.0,0.982552
2026-07-13 23:15:00,62984.0,62984.1,62984.0,62984.0,0.850944
2026-07-13 23:30:00,62984.0,62984.2,62984.0,62984.0,0.850986
2026-07-13 23:45:00,62984.0,62984.1,62984.0,62984.0,0.847327
2026-07-14 00:00:00,62984.0,62984.1,62982.3,62982.3,0.854034
2026-07-14 00:15:00,62982.3,62982.3,62975.0,62975.0,0.845373
2026-07-14 00:30:00,62975.0,62975.0,62968.0,62968.0,0.849705
2026-07-14 00:45:00,62968.0,62968.0,62960.2,62960.2,0.848505
2026-07-14 01:00:00,62960.2,62960.4,62955.5,62955.5,0.703872
2026-07-14 01:15:00,62955.5,62955.5,62947.6,62947.6,0.841684
2026-07-14 01:30:00,62947.6,62947.6,62941.8,62941.8,0.692661
2026-07-14 01:45:00,62941.8,62941.8,62936.0,62936.0,0.850859
2026-07-14 02:00:00,62936.0,62936.0,62928.4,62928.4,0.847427
2026-07-14 02:15:00,62928.4,62928.4,62920.6,62920.6,0.898443
2026-07-14 02:30:00,62920.6,62920.6,62914.4,62914.4,0.840423
2026-07-14 02:45:00,62914.4,62914.4,62907.3,62907.3,0.847228
2026-07-14 03:00:00,62907.3,62907.4,62900.1,62900.1,0.843662
2026-07-14 03:15:00,62900.1,62900.1,62893.1,62893.1,0.850525
2026-07-14 03:30:00,62893.1,62893.1,62885.5,62885.5,0.853611
2026-07-14 03:45:00,62885.5,62885.5,62877.8,62877.8,0.842859
2026-07-14 04:00:00,62877.8,62877.8,62869.7,62869.7,0.848077
2026-07-14 04:15:00,62869.7,62869.7,62861.5,62861.5,0.84209
2026-07-14 04:30:00,62861.5,62861.5,62856.3,62856.3,0.851921
2026-07-14 04:45:00,62856.3,62856.3,62850.4,62850.4,0.852245
2026-07-14 05:00:00,62850.4,62850.4,62844.0,62844.0,0.85446
2026-07-14 05:15:00,62844.0,62844.1,62839.5,62842.3,0.84435
2026-07-14 05:30:00,62842.3,62844.2,62839.6,62839.6,0.91656
2026-07-14 05:45:00,62839.6,62839.7,62834.8,62834.8,0.851515
2026-07-14 06:00:00,62834.8,62835.0,62834.8,62834.8,0.859543
2026-07-14 06:15:00,62834.8,62835.1,62834.8,62834.8,0.866844
2026-07-14 06:30:00,62834.8,62835.0,62834.8,62834.8,0.849457
2026-07-14 06:45:00,62834.8,62835.2,62834.8,62834.8,0.84629
2026-07-14 07:00:00,62834.8,62835.1,62834.8,62834.9,0.847026
2026-07-14 07:15:00,62834.9,62835.0,62834.8,62834.8,1.253626
2026-07-14 07:30:00,62834.8,62834.9,62834.8,62834.8,0.853099
2026-07-14 07:45:00,62834.8,62835.1,62834.8,62835.1,0.851922
2026-07-14 08:00:00,62835.1,62838.5,62835.0,62838.2,0.974882
2026-07-14 08:15:00,62838.2,62842.5,62837.9,62842.5,0.993909
2026-07-14 08:30:00,62842.5,62844.2,62838.8,62838.8,1.087178
2026-07-14 08:45:00,62838.8,62838.8,62834.8,62834.8,0.857456
2026-07-14 09:00:00,62834.8,62835.0,62834.8,62834.8,0.889247
2026-07-14 09:15:00,62834.8,62834.9,62834.8,62834.8,0.882884
2026-07-14 09:30:00,62834.8,62834.9,62834.8,62834.8,0.897049
2026-07-14 09:45:00,62834.8,62835.0,62834.8,62834.8,0.921162
2026-07-14 10:00:00,62834.8,62835.1,62834.8,62834.8,0.896457
2026-07-14 10:15:00,62834.8,62834.9,62834.8,62834.8,0.886996
2026-07-14 10:30:00,62834.8,62834.9,62834.8,62834.8,0.895507
2026-07-14 10:45:00,62834.8,62837.6,62834.8,62835.2,0.918497
2026-07-14 11:00:00,62835.2,62835.2,62834.8,62834.8,0.880854
2026-07-14 11:15:00,62834.8,62836.9,62834.8,62836.9,0.847092
2026-07-14 11:30:00,62836.9,62841.8,62836.9,62841.8,0.849735
2026-07-14 11:45:00,62841.8,62847.9,62841.8,62847.6,0.831979
2026-07-14 12:00:00,62847.6,62848.2,62844.1,62844.4,0.848476
2026-07-14 12:15:00,62844.4,62850.8,62844.1,62850.8,0.820469
2026-07-14 12:30:00,62850.8,62850.8,62850.8,62850.8,0.0
2026-07-14 12:45:00,62850.8,62951.9,62850.8,62951.9,0.253395
2026-07-14 13:00:00,62951.9,62957.5,62951.9,62957.5,0.838989
2026-07-14 13:15:00,62957.5,62965.3,62957.5,62965.3,1.987476
2026-07-14 13:30:00,62965.3,62972.4,62834.8,62972.4,4.549299
2026-07-14 13:45:00,62972.4,62978.3,62972.4,62978.3,0.845306
2026-07-14 14:00:00,62978.3,62987.2,62978.3,62987.2,0.842756
2026-07-14 14:15:00,62987.2,62995.2,62987.2,62995.2,0.847216
2026-07-14 14:30:00,62995.2,63000.6,62995.2,63000.6,0.847035
2026-07-14 14:45:00,63000.6,63007.6,63000.6,63007.6,0.846204
2026-07-14 15:00:00,63007.6,63013.3,63007.6,63013.3,0.839504
2026-07-14 15:15:00,63013.3,63020.8,63013.3,63020.8,0.841265
2026-07-14 15:30:00,63020.8,63023.7,63020.8,63023.7,0.84457
2026-07-14 15:45:00,63023.7,63023.7,63023.0,63023.0,0.995374
2026-07-14 16:00:00,63023.0,63023.4,63023.0,63023.0,1.003407
2026-07-14 16:15:00,63023.0,63026.1,63023.0,63026.1,0.996145
2026-07-14 16:30:00,63026.1,63032.6,63026.1,63032.6,0.842708
2026-07-14 16:45:00,63032.6,63038.6,63032.6,63038.6,0.837913
2026-07-14 17:00:00,63038.6,63045.9,63038.6,63045.9,0.844989
2026-07-14 17:15:00,63045.9,63052.8,63045.9,63052.8,0.845167
2026-07-14 17:30:00,63052.8,63059.4,63052.8,63059.4,0.842561
2026-07-14 17:45:00,63059.4,63065.6,63059.4,63065.6,0.83754
2026-07-14 18:00:00,63065.6,63072.1,63065.6,63072.1,0.843398
2026-07-14 18:15:00,63072.1,63078.9,63072.1,63078.9,0.840701
2026-07-14 18:30:00,63078.9,63085.6,63078.9,63085.6,0.839372
2026-07-14 18:45:00,63085.6,63093.1,63085.6,63093.1,0.843168
2026-07-14 19:00:00,63093.1,63099.0,63093.1,63099.0,0.837038
2026-07-14 19:15:00,63099.0,63105.5,63099.0,63105.5,0.847158
2026-07-14 19:30:00,63105.5,63110.5,63105.4,63110.5,0.861018
2026-07-14 19:45:00,63110.5,63116.1,63110.5,63116.1,0.844783
2026-07-14 20:00:00,63116.1,63122.0,63116.1,63122.0,0.836744
2026-07-14 20:15:00,63122.0,63128.7,63122.0,63128.7,0.843438
2026-07-14 20:30:00,63128.7,63133.2,63128.7,63133.2,0.836743
2026-07-14 20:45:00,63133.2,63133.2,63133.1,63133.2,0.841419
2026-07-14 21:00:00,63133.2,63133.2,63133.2,63133.2,0.83651
2026-07-14 21:15:00,63133.2,63133.2,63132.6,63133.2,0.844261
2026-07-14 21:30:00,63133.2,63133.2,63132.9,63133.2,0.83951
2026-07-14 21:45:00,63133.2,63133.2,63133.2,63133.2,0.841262
2026-07-14 22:00:00,63133.2,63133.2,63133.2,63133.2,0.83651
2026-07-14 22:15:00,63133.2,63133.2,63132.9,63133.2,0.840667
2026-07-14 22:30:00,63133.2,63133.2,63132.9,63133.2,0.843458
2026-07-14 22:45:00,63133.2,63133.2,63133.2,63133.2,0.836826
2026-07-14 23:00:00,63133.2,63133.2,63133.2,63133.2,0.841262
2026-07-14 23:15:00,63133.2,63133.2,63133.2,63133.2,0.836652
2026-07-14 23:30:00,63133.2,63133.2,63132.9,63133.2,0.849577
2026-07-14 23:45:00,63133.2,63133.2,63133.2,63133.2,0.83651
2026-07-15 00:00:00,63133.2,63133.2,63132.9,63133.2,0.855933
2026-07-15 00:15:00,63133.2,63133.2,63133.2,63133.2,0.83754
2026-07-15 00:30:00,63133.2,63133.2,63133.1,63133.2,0.669437
2026-07-15 00:45:00,63133.2,63133.2,63133.2,63133.2,0.83851
2026-07-15 01:00:00,63133.2,63133.2,63133.2,63133.2,0.858324
2026-07-15 01:15:00,63133.2,63133.2,63133.2,63133.2,0.83651
2026-07-15 01:30:00,63133.2,63133.2,63133.1,63133.2,0.847402
2026-07-15 01:45:00,63133.2,63133.2,63133.2,63133.2,0.83651
2026-07-15 02:00:00,63133.2,63133.2,63133.1,63133.2,0.852667
2026-07-15 02:15:00,63133.2,63133.2,63133.2,63133.2,0.83651
2026-07-15 02:30:00,63133.2,63133.2,63133.1,63133.2,0.843862
2026-07-15 02:45:00,63133.2,63133.2,63133.2,63133.2,0.838683
2026-07-15 03:00:00,63133.2,63133.2,63132.9,63133.2,0.955794
2026-07-15 03:15:00,63133.2,63140.2,63133.1,63140.2,0.943805
2026-07-15 03:30:00,63140.2,63145.0,63140.2,63145.0,0.851298
2026-07-15 03:45:00,63145.0,63152.4,63145.0,63152.4,0.838334
2026-07-15 04:00:00,63152.4,63158.7,63152.4,63158.7,0.836472
2026-07-15 04:15:00,63158.7,63165.3,63158.7,63165.3,0.8433
2026-07-15 04:30:00,63165.3,63172.0,63165.3,63172.0,0.838125
2026-07-15 04:45:00,63172.0,63180.3,63172.0,63180.3,0.854494
2026-07-15 05:00:00,63180.3,63187.3,63180.3,63187.3,0.867567
2026-07-15 05:15:00,63187.3,63195.1,63187.3,63195.1,0.886111
2026-07-15 05:30:00,63195.1,63202.3,63195.1,63202.3,1.28772
2026-07-15 05:45:00,63202.3,63208.4,63202.3,63208.4,0.840392
2026-07-15 06:00:00,63208.4,63214.8,63208.4,63214.8,0.840531
2026-07-15 06:15:00,63214.8,63221.7,63214.8,63221.7,0.856918
2026-07-15 06:30:00,63221.7,63229.2,63221.7,63229.2,0.940708
2026-07-15 06:45:00,63229.2,63236.5,63229.2,63236.5,0.842163
2026-07-15 07:00:00,63236.5,63243.2,63236.5,63243.2,1.328333
2026-07-15 07:15:00,63243.2,63249.6,63243.2,63249.6,0.839749
2026-07-15 07:30:00,63249.6,63282.4,63249.6,63282.4,3.840551
2026-07-15 07:45:00,63282.4,63282.4,62984.0,62989.3,4.852483
2026-07-15 08:00:00,62989.3,62996.3,62989.2,62996.3,0.884387
2026-07-15 08:15:00,62996.3,63003.0,62996.3,63003.0,0.91802
2026-07-15 08:30:00,63003.0,63008.7,63003.0,63008.7,1.565373
2026-07-15 08:45:00,63008.7,63016.1,63008.7,63016.1,0.857012
2026-07-15 09:00:00,63016.1,63024.7,63016.1,63024.7,0.858827
2026-07-15 09:15:00,63024.7,63165.5,63024.7,63165.5,0.840227
2026-07-15 09:30:00,63165.5,63171.7,63165.5,63171.7,0.858017
2026-07-15 09:45:00,63171.7,63178.5,63171.7,63178.5,0.838154
2026-07-15 10:00:00,63178.5,63186.0,63178.5,63186.0,0.890365
2026-07-15 10:15:00,63186.0,63191.8,63186.0,63191.8,0.844341
2026-07-15 10:30:00,63191.8,63199.8,63191.8,63199.8,0.840361
2026-07-15 10:45:00,63199.8,63207.1,63199.8,63207.1,1.030614
2026-07-15 11:00:00,63207.1,63214.6,63207.1,63214.6,0.840963
2026-07-15 11:15:00,63214.6,63221.6,63214.6,63221.6,0.838174
2026-07-15 11:30:00,63221.6,63226.7,63221.6,63226.7,0.940006
2026-07-15 11:45:00,63226.7,63234.2,63226.7,63234.2,0.835481
2026-07-15 12:00:00,63234.2,63240.3,63234.1,63240.3,0.838789
2026-07-15 12:15:00,63240.3,63248.1,63240.3,63248.1,1.842177
2026-07-15 12:30:00,63248.1,63254.9,63248.1,63254.9,0.853253
2026-07-15 12:45:00,63254.9,63282.4,62984.0,62985.6,18.843715
2026-07-15 13:00:00,62985.6,62992.8,62985.6,62992.8,0.866387
2026-07-15 13:15:00,62992.8,64625.2,62992.8,64625.2,185.604219
2026-07-15 13:30:00,64625.2,64625.2,64625.1,64625.2,0.873647
2026-07-15 13:45:00,64625.2,64625.2,64625.1,64625.2,0.94156
2026-07-15 14:00:00,64625.2,64625.2,64625.1,64625.2,0.82897
2026-07-15 14:15:00,64625.2,64625.2,64625.1,64625.2,0.826584
2026-07-15 14:30:00,64625.2,64625.2,64625.2,64625.2,0.817168
2026-07-15 14:45:00,64625.2,64625.2,64625.2,64625.2,0.821811
2026-07-15 15:00:00,64625.2,64625.2,64625.1,64625.2,0.840814
2026-07-15 15:15:00,64625.2,64625.2,64625.1,64625.2,0.830453
2026-07-15 15:30:00,64625.2,64625.2,64625.1,64625.2,0.831632
2026-07-15 15:45:00,64625.2,64625.2,64625.1,64625.2,0.832069
2026-07-15 16:00:00,64625.2,64625.2,64625.1,64625.2,0.846043
2026-07-15 16:15:00,64625.2,64625.2,64625.1,64625.2,0.831785
2026-07-15 16:30:00,64625.2,64625.2,64625.1,64625.2,0.842205
2026-07-15 16:45:00,64625.2,64625.2,64625.2,64625.2,0.830168
2026-07-15 17:00:00,64625.2,64625.2,64625.1,64625.2,0.856887
2026-07-15 17:15:00,64625.2,64625.2,64625.2,64625.2,0.821782
2026-07-15 17:30:00,64625.2,64625.2,64625.1,64625.2,0.843421
2026-07-15 17:45:00,64625.2,64625.2,64625.2,64625.2,0.824168
2026-07-15 18:00:00,64625.2,64625.2,64625.1,64625.2,0.843591
2026-07-15 18:15:00,64625.2,64625.2,64625.2,64625.2,0.818338
2026-07-15 18:30:00,64625.2,64625.2,64625.1,64625.2,0.837498
2026-07-15 18:45:00,64625.2,64625.2,64625.1,64625.2,0.822448
2026-07-15 19:00:00,64625.2,64625.2,64625.1,64625.2,0.839059
2026-07-15 19:15:00,64625.2,64625.2,64625.1,64625.2,0.827394
2026-07-15 19:30:00,64625.2,64625.2,64625.1,64625.2,0.84919
2026-07-15 19:45:00,64625.2,64625.2,64625.2,64625.2,0.819168
2026-07-15 20:00:00,64625.2,64631.1,64625.1,64631.1,0.835007
2026-07-15 20:15:00,64631.1,64640.2,64631.0,64640.2,0.823899
2026-07-15 20:30:00,64640.2,64646.8,64640.0,64646.8,0.82923
2026-07-15 20:45:00,64646.8,64653.8,64646.8,64653.8,1.823776
2026-07-15 21:00:00,64653.8,64659.9,64653.6,64659.9,0.832142
2026-07-15 21:15:00,64659.9,64667.0,64659.9,64667.0,0.872509
2026-07-15 21:30:00,64667.0,64674.5,64666.8,64674.5,0.830418
2026-07-15 21:45:00,64674.5,64682.2,64674.5,64682.2,0.823422
2026-07-15 22:00:00,64682.2,64690.6,64682.1,64690.6,0.831766
2026-07-15 22:15:00,64690.6,64697.4,64690.6,64697.4,0.822914
2026-07-15 22:30:00,64697.4,64703.8,64697.1,64703.8,0.839477
2026-07-15 22:45:00,64703.8,64711.0,64703.8,64711.0,0.824057
2026-07-15 23:00:00,64711.0,64719.1,64710.9,64719.1,0.834477
2026-07-15 23:15:00,64719.1,64725.7,64719.1,64725.7,0.827315
2026-07-15 23:30:00,64725.7,64732.5,64725.6,64732.5,0.828801
2026-07-15 23:45:00,64732.5,64736.2,64731.8,64736.2,0.825395
2026-07-16 00:00:00,64736.2,64774.4,64736.1,64774.2,4.582512
2026-07-16 00:15:00,64774.2,64774.4,64476.0,64767.7,4.735256
2026-07-16 00:30:00,64767.7,64767.8,64760.5,64760.5,0.833371
2026-07-16 00:45:00,64760.5,64760.5,64753.4,64753.4,2.715292
2026-07-16 01:00:00,64753.4,64753.5,64745.9,64745.9,1.807395
2026-07-16 01:15:00,64745.9,64746.2,64738.5,64738.5,1.742662
2026-07-16 01:30:00,64738.5,64774.4,64476.0,64483.2,2.827367
2026-07-16 01:45:00,64483.2,64491.0,64483.2,64491.0,0.81888
2026-07-16 02:00:00,64491.0,64498.6,64490.7,64498.6,0.836178
2026-07-16 02:15:00,64498.6,64505.0,64498.6,64505.0,0.821713
2026-07-16 02:30:00,64505.0,64512.1,64504.8,64512.1,0.853774
2026-07-16 02:45:00,64512.1,64520.0,64512.1,64520.0,0.820609
2026-07-16 03:00:00,64520.0,64527.5,64519.9,64527.5,0.83291
2026-07-16 03:15:00,64527.5,64534.9,64527.5,64534.9,0.82785
2026-07-16 03:30:00,64534.9,64541.9,64534.9,64541.9,0.832764
2026-07-16 03:45:00,64541.9,64547.4,64541.9,64547.4,0.8229
2026-07-16 04:00:00,64547.4,64554.5,64547.4,64554.5,0.830865
2026-07-16 04:15:00,64554.5,64698.6,64554.5,64695.9,2.762844
2026-07-16 04:30:00,64695.9,64695.9,64688.1,64688.1,1.794652
2026-07-16 04:45:00,64688.1,64774.4,64683.7,64772.1,4.42115
2026-07-16 05:00:00,64772.1,64772.2,64765.9,64766.1,0.828599
2026-07-16 05:15:00,64766.1,64774.4,64476.0,64477.4,7.295004
2026-07-16 05:30:00,64477.4,64483.3,64477.3,64483.3,0.939923
2026-07-16 05:45:00,64483.3,64490.9,64483.2,64490.9,0.820987
2026-07-16 06:00:00,64490.9,64496.7,64490.8,64496.7,0.85176
2026-07-16 06:15:00,64496.7,64502.2,64496.7,64502.2,0.828354
2026-07-16 06:30:00,64502.2,64510.7,64502.1,64510.7,0.885034
2026-07-16 06:45:00,64510.7,64517.6,64510.7,64517.6,0.82908
2026-07-16 07:00:00,64517.6,64525.4,64517.5,64525.4,0.837521
2026-07-16 07:15:00,64525.4,64530.5,64525.4,64529.7,0.818544
2026-07-16 07:30:00,64529.7,64529.8,64523.4,64523.4,0.903907
2026-07-16 07:45:00,64523.4,64523.4,64517.1,64517.1,0.820837
2026-07-16 08:00:00,64517.1,64517.4,64510.2,64510.2,0.838445
2026-07-16 08:15:00,64510.2,64510.4,64504.2,64504.2,0.81931
2026-07-16 08:30:00,64504.2,64504.3,64498.5,64498.5,1.040524
2026-07-16 08:45:00,64498.5,64498.5,64491.5,64491.5,1.600981
2026-07-16 09:00:00,64491.5,64491.5,64483.2,64483.2,0.831583
2026-07-16 09:15:00,64483.2,64483.2,64476.0,64476.0,0.825492
2026-07-16 09:30:00,64476.0,64476.3,64476.0,64476.0,0.906577
2026-07-16 09:45:00,64476.0,64476.1,64476.0,64476.0,0.881321
2026-07-16 10:00:00,64476.0,64476.1,64476.0,64476.0,0.840999
2026-07-16 10:15:00,64476.0,64476.0,64476.0,64476.0,0.823991
2026-07-16 10:30:00,64476.0,64476.1,64476.0,64476.0,0.833433
2026-07-16 10:45:00,64476.0,64476.1,64476.0,64476.0,0.834659
2026-07-16 11:00:00,64476.0,64476.1,64476.0,64476.0,0.825382
2026-07-16 11:15:00,64476.0,64476.3,64476.0,64476.0,1.201131
2026-07-16 11:30:00,64476.0,64476.1,64476.0,64476.0,0.821089
2026-07-16 11:45:00,64476.0,64476.2,64476.0,64476.0,0.841971
2026-07-16 12:00:00,64476.0,64476.1,64476.0,64476.0,0.824027
2026-07-16 12:15:00,64476.0,64476.1,64476.0,64476.0,0.826243
2026-07-16 12:30:00,64476.0,64476.0,64476.0,64476.0,0.826681
2026-07-16 12:45:00,64476.0,64476.0,64476.0,64476.0,0.821128
2026-07-16 13:00:00,64476.0,64476.1,64476.0,64476.0,0.827499
2026-07-16 13:15:00,64476.0,64476.3,64476.0,64476.0,0.822074
2026-07-16 13:30:00,64476.0,64476.0,64476.0,64476.0,0.823681
2026-07-16 13:45:00,64476.0,64476.1,64476.0,64476.0,0.837813
2026-07-16 14:00:00,64476.0,64478.2,64476.0,64478.2,0.828438
2026-07-16 14:15:00,64478.2,64478.3,64478.1,64478.2,1.209811
2026-07-16 14:30:00,64478.2,64480.4,64478.2,64480.4,0.824356
2026-07-16 14:45:00,64480.4,64485.4,64480.4,64485.4,0.820601
2026-07-16 15:00:00,64485.4,64487.4,64482.5,64482.5,0.8266
2026-07-16 15:15:00,64482.5,64485.8,64481.0,64485.8,0.831454
2026-07-16 15:30:00,64485.8,64491.3,64485.8,64491.3,0.826613
2026-07-16 15:45:00,64491.3,64498.8,64491.3,64498.8,0.861167
2026-07-16 16:00:00,64498.8,64504.7,64498.7,64504.7,1.022688
2026-07-16 16:15:00,64504.7,64504.7,64502.0,64504.4,0.837613
2026-07-16 16:30:00,64504.4,64508.0,64504.4,64506.1,1.856192
2026-07-16 16:45:00,64506.1,64506.1,64502.5,64503.5,0.841123
2026-07-16 17:00:00,64503.5,64503.6,64497.3,64497.3,0.850367
2026-07-16 17:15:00,64497.3,64497.3,64491.2,64491.2,0.834811
2026-07-16 17:30:00,64491.2,64491.3,64485.2,64485.2,0.84389
2026-07-16 17:45:00,64485.2,64485.2,64478.0,64478.0,1.830548
2026-07-16 18:00:00,64478.0,64478.1,64476.0,64476.0,0.662134
2026-07-16 18:15:00,64476.0,64476.3,64476.0,64476.0,0.679958
2026-07-16 18:30:00,64476.0,64476.1,64476.0,64476.0,0.703117
2026-07-16 18:45:00,64476.0,64476.1,64476.0,64476.0,0.817086
2026-07-16 19:00:00,64476.0,64476.1,64476.0,64476.0,0.843412
2026-07-16 19:15:00,64476.0,64476.2,64475.2,64475.2,0.852682
2026-07-16 19:30:00,64475.2,64475.2,64469.2,64469.2,0.85253
2026-07-16 19:45:00,64469.2,64469.2,64462.9,64462.9,0.823858
2026-07-16 20:00:00,64462.9,64463.0,64456.2,64456.2,0.832037
2026-07-16 20:15:00,64456.2,64456.2,64449.6,64449.6,0.838415
2026-07-16 20:30:00,64449.6,64449.6,64442.1,64442.1,0.832972
2026-07-16 20:45:00,64442.1,64442.1,64434.6,64434.6,0.839709
2026-07-16 21:00:00,64434.6,64434.7,64427.7,64427.7,0.835106
2026-07-16 21:15:00,64427.7,64427.8,64421.5,64421.5,0.815515
2026-07-16 21:30:00,64421.5,64421.6,64415.8,64415.8,0.69222
2026-07-16 21:45:00,64415.8,64415.8,64409.8,64409.8,0.666194
2026-07-16 22:00:00,64409.8,64409.8,64401.8,64401.8,0.831678
2026-07-16 22:15:00,64401.8,64401.8,64394.5,64394.5,0.825178
2026-07-16 22:30:00,64394.5,64394.5,64387.9,64387.9,0.822169
2026-07-16 22:45:00,64387.9,64387.9,64380.9,64380.9,0.828334
2026-07-16 23:00:00,64380.9,64380.9,64028.4,64028.5,59.942329
2026-07-16 23:15:00,64028.5,64028.5,64028.4,64028.4,0.834818
2026-07-16 23:30:00,64028.4,64028.5,64028.4,64028.4,0.833991
2026-07-16 23:45:00,64028.4,64028.4,64028.4,64028.4,0.829522
2026-07-17 00:00:00,64028.4,64028.6,64028.4,64028.4,0.83933
2026-07-17 00:15:00,64028.4,64028.5,64028.4,64028.4,0.835567
2026-07-17 00:30:00,64028.4,64028.5,64028.4,64028.4,1.831835
2026-07-17 00:45:00,64028.4,64028.4,64028.4,64028.4,0.833522
2026-07-17 01:00:00,64028.4,64028.7,64028.4,64028.4,0.84092
2026-07-17 01:15:00,64028.4,64028.5,64028.4,64028.4,0.845708
2026-07-17 01:30:00,64028.4,64028.5,64028.4,64028.4,0.845224
2026-07-17 01:45:00,64028.4,64028.4,64023.0,64023.0,1.033942
2026-07-17 02:00:00,64023.0,64023.1,64016.4,64016.4,0.877129
2026-07-17 02:15:00,64016.4,64016.4,64009.0,64009.0,0.832818
2026-07-17 02:30:00,64009.0,64009.1,64002.2,64002.2,0.991921
2026-07-17 02:45:00,64002.2,64002.2,63994.3,63994.3,0.825203
2026-07-17 03:00:00,63994.3,63994.4,63987.1,63987.1,0.844556
2026-07-17 03:15:00,63987.1,63987.1,63980.9,63980.9,0.842169
2026-07-17 03:30:00,63980.9,63980.9,63974.9,63974.9,0.845298
2026-07-17 03:45:00,63974.9,63974.9,63968.7,63968.7,0.844358
2026-07-17 04:00:00,63968.7,63968.9,63963.7,63963.7,0.84558
2026-07-17 04:15:00,63963.7,63963.7,63955.7,63955.7,1.294795
2026-07-17 04:30:00,63955.7,63955.8,63949.2,63949.2,0.849152
2026-07-17 04:45:00,63949.2,63949.2,63943.1,63943.1,0.829018
2026-07-17 05:00:00,63943.1,63943.3,63937.1,63937.1,0.849377
2026-07-17 05:15:00,63937.1,63937.1,63930.5,63930.5,0.826428
2026-07-17 05:30:00,63930.5,63930.7,63923.2,63923.2,0.849451
2026-07-17 05:45:00,63923.2,63923.3,63915.3,63915.3,0.829386
2026-07-17 06:00:00,63915.3,63915.4,63908.6,63908.9,0.871692
2026-07-17 06:15:00,63908.9,63908.9,63901.9,63901.9,1.297513
2026-07-17 06:30:00,63901.9,63902.4,63896.0,63896.0,0.851765
2026-07-17 06:45:00,63896.0,63896.0,63887.6,63887.6,0.856318
2026-07-17 07:00:00,63887.6,63887.7,63881.6,63881.6,1.172147
2026-07-17 07:15:00,63881.6,63881.6,63879.2,63879.2,0.83153
2026-07-17 07:30:00,63879.2,63879.4,63879.2,63879.2,0.860648
2026-07-17 07:45:00,63879.2,63879.4,63879.2,63879.2,0.840377
2026-07-17 08:00:00,63879.2,63879.4,63730.0,63730.0,29.66657
2026-07-17 08:15:00,63730.0,63730.1,63730.0,63730.0,0.841076
2026-07-17 08:30:00,63730.0,63730.2,63730.0,63730.0,1.008384
2026-07-17 08:45:00,63730.0,63730.1,63730.0,63730.0,0.838601
2026-07-17 09:00:00,63730.0,63730.2,63730.0,63730.0,0.84129
2026-07-17 09:15:00,63730.0,63730.1,63730.0,63730.0,0.843019
2026-07-17 09:30:00,63730.0,63730.2,63730.0,63730.0,1.865448
2026-07-17 09:45:00,63730.0,63730.2,63730.0,63730.0,0.841832
2026-07-17 10:00:00,63730.0,63730.2,63730.0,63730.0,0.890582
2026-07-17 10:15:00,63730.0,63730.2,63730.0,63730.0,0.903281
2026-07-17 10:30:00,63730.0,63730.1,63730.0,63730.0,0.853615
2026-07-17 10:45:00,63730.0,63730.1,63730.0,63730.0,0.844035
2026-07-17 11:00:00,63730.0,63730.1,63730.0,63730.0,0.833972
2026-07-17 11:15:00,63730.0,63730.0,63730.0,63730.0,0.828708
2026-07-17 11:30:00,63730.0,63730.2,63730.0,63730.0,1.037809
2026-07-17 11:45:00,63730.0,63730.1,63730.0,63730.0,0.831435
2026-07-17 12:00:00,63730.0,63730.0,63730.0,63730.0,0.833416
2026-07-17 12:15:00,63730.0,63730.1,63730.0,63730.0,0.832333
2026-07-17 12:30:00,63730.0,63730.0,63730.0,63730.0,0.833616
2026-07-17 12:45:00,63730.0,63730.1,63725.5,63725.5,0.854085
2026-07-17 13:00:00,63725.5,63725.5,63717.3,63717.3,0.864493
2026-07-17 13:15:00,63717.3,63717.3,63709.7,63709.7,0.830015
2026-07-17 13:30:00,63709.7,63709.7,63701.1,63701.1,0.833742
2026-07-17 13:45:00,63701.1,63701.1,63695.1,63695.1,0.831231
2026-07-17 14:00:00,63695.1,63695.1,63688.0,63688.0,0.829405
2026-07-17 14:15:00,63688.0,63688.0,63682.0,63682.0,0.834831
2026-07-17 14:30:00,63682.0,63682.0,63675.1,63675.1,0.829373
2026-07-17 14:45:00,63675.1,63675.1,63668.7,63668.7,0.83675
2026-07-17 15:00:00,63668.7,63668.7,63662.7,63662.7,0.858305
2026-07-17 15:15:00,63662.7,63662.7,63655.0,63655.0,0.839014
2026-07-17 15:30:00,63655.0,63655.0,63648.5,63648.5,0.829733
2026-07-17 15:45:00,63648.5,63648.5,63641.0,63641.0,0.834792
2026-07-17 16:00:00,63641.0,63641.0,63632.8,63632.8,0.838389
2026-07-17 16:15:00,63632.8,63632.8,63626.8,63626.8,0.844655
2026-07-17 16:30:00,63626.8,63626.9,63620.1,63620.1,1.836121
2026-07-17 16:45:00,63620.1,63622.9,63619.2,63620.6,0.995191
2026-07-17 17:00:00,63620.6,63625.3,63580.8,63625.3,1.849547
2026-07-17 17:15:00,63625.3,63632.5,63625.3,63632.5,0.839422
2026-07-17 17:30:00,63632.5,63639.0,63632.4,63639.0,0.840075
2026-07-17 17:45:00,63639.0,63646.7,63638.9,63646.7,0.84453
2026-07-17 18:00:00,63646.7,63652.9,63646.7,63652.9,0.876459
2026-07-17 18:15:00,63652.9,63660.8,63652.9,63660.8,0.849824
2026-07-17 18:30:00,63660.8,63666.8,63660.8,63666.8,0.852372
2026-07-17 18:45:00,63666.8,63674.8,63666.8,63674.8,0.846143
2026-07-17 19:00:00,63674.8,63681.4,63674.8,63681.4,0.852142
2026-07-17 19:15:00,63681.4,63687.4,63681.4,63687.4,0.848365
2026-07-17 19:30:00,63687.4,63694.9,63687.4,63694.9,0.851177
2026-07-17 19:45:00,63694.9,63700.1,63694.9,63700.1,0.849518
2026-07-17 20:00:00,63700.1,63706.5,63700.1,63706.5,0.850792
2026-07-17 20:15:00,63706.5,63713.3,63706.5,63713.3,0.829836
2026-07-17 20:30:00,63713.3,63721.3,63713.3,63721.3,0.881451
2026-07-17 20:45:00,63721.3,63728.5,63721.3,63728.5,0.883021
2026-07-17 21:00:00,63728.5,63737.0,63728.5,63737.0,0.936252
2026-07-17 21:15:00,63737.0,63742.3,63737.0,63742.3,0.856335
2026-07-17 21:30:00,63742.3,63749.6,63742.3,63749.6,0.861006
2026-07-17 21:45:00,63749.6,63756.3,63749.6,63756.3,0.877285
2026-07-17 22:00:00,63756.3,63762.4,63756.3,63762.4,0.850659
2026-07-17 22:15:00,63762.4,63769.4,63762.4,63769.4,0.857068
2026-07-17 22:30:00,63769.4,63775.7,63769.4,63775.7,0.850471
2026-07-17 22:45:00,63775.7,63784.2,63775.7,63784.2,0.833196
2026-07-17 23:00:00,63784.2,63791.4,63784.2,63791.4,0.828015
2026-07-17 23:15:00,63791.4,63798.7,63791.4,63798.7,0.836197
2026-07-17 23:30:00,63798.7,63804.3,63798.7,63804.3,0.829964
2026-07-17 23:45:00,63804.3,63810.5,63804.3,63810.5,0.83241
2026-07-18 00:00:00,63810.5,63816.6,63810.4,63816.6,0.840423
2026-07-18 00:15:00,63816.6,63822.9,63816.6,63822.9,0.829776
2026-07-18 00:30:00,63822.9,63828.0,63822.9,63828.0,0.832233
2026-07-18 00:45:00,63828.0,63834.7,63828.0,63834.7,0.830459
2026-07-18 01:00:00,63834.7,63843.8,63834.7,63843.8,0.834759
2026-07-18 01:15:00,63843.8,63849.9,63843.8,63849.9,0.829379
2026-07-18 01:30:00,63849.9,63857.1,63849.9,63857.1,0.837033
2026-07-18 01:45:00,63857.1,63863.5,63857.1,63863.5,0.827004
2026-07-18 02:00:00,63863.5,63870.2,63863.5,63870.2,0.832134
2026-07-18 02:15:00,63870.2,63876.9,63870.2,63876.9,0.828841
2026-07-18 02:30:00,63876.9,63879.2,63876.9,63879.2,0.845627
2026-07-18 02:45:00,63879.2,63879.2,63879.2,63879.2,0.826843
2026-07-18 03:00:00,63879.2,63879.2,63879.2,63879.2,0.833558
2026-07-18 03:15:00,63879.2,63879.2,63879.1,63879.2,0.83408
2026-07-18 03:30:00,63879.2,63879.2,63879.1,63879.2,1.001459
2026-07-18 03:45:00,63879.2,63879.2,63879.2,63879.2,0.826828
2026-07-18 04:00:00,63879.2,63879.2,63879.2,63879.2,0.827
2026-07-18 04:15:00,63879.2,63879.2,63879.2,63879.2,0.831525
2026-07-18 04:30:00,63879.2,63879.2,63879.1,63879.2,1.219792
2026-07-18 04:45:00,63879.2,63879.2,63879.1,63879.2,0.844172
2026-07-18 05:00:00,63879.2,63879.2,63879.2,63879.2,0.826828
2026-07-18 05:15:00,63879.2,63879.2,63879.0,63879.2,0.834067
2026-07-18 05:30:00,63879.2,63879.2,63879.1,63879.2,0.830361
2026-07-18 05:45:00,63879.2,63879.2,63879.2,63879.2,0.834516
2026-07-18 06:00:00,63879.2,63879.2,63879.2,63879.2,0.831072
2026-07-18 06:15:00,63879.2,63879.2,63879.2,63879.2,0.841119
2026-07-18 06:30:00,63879.2,63879.2,63879.1,63879.2,0.836654
2026-07-18 06:45:00,63879.2,63879.2,63879.2,63879.2,0.83154
2026-07-18 07:00:00,63879.2,63879.2,63879.2,63879.2,0.828608
2026-07-18 07:15:00,63879.2,63879.2,63879.2,63879.2,0.833152
2026-07-18 07:30:00,63879.2,63879.2,63879.0,63879.2,0.836893
2026-07-18 07:45:00,63879.2,63879.2,63879.2,63879.2,0.82717
2026-07-18 08:00:00,63879.2,63879.2,63879.2,63879.2,0.83356
2026-07-18 08:15:00,63879.2,63879.2,63879.2,63879.2,0.830131
2026-07-18 08:30:00,63879.2,63879.2,63879.1,63879.2,0.839788
2026-07-18 08:45:00,63879.2,63879.2,63879.2,63879.2,0.827074
2026-07-18 09:00:00,63879.2,63884.4,63879.2,63884.4,0.831549
2026-07-18 09:15:00,63884.4,63891.6,63884.4,63891.6,0.826839
2026-07-18 09:30:00,63891.6,63898.2,63891.6,63898.2,0.847199
2026-07-18 09:45:00,63898.2,63905.7,63898.2,63905.7,0.832779
2026-07-18 10:00:00,63905.7,63912.7,63905.7,63912.7,0.832709
2026-07-18 10:15:00,63912.7,63921.1,63912.7,63921.1,0.8263
2026-07-18 10:30:00,63921.1,63927.3,63921.1,63927.3,0.830941
2026-07-18 10:45:00,63927.3,63933.9,63927.3,63933.9,0.849178
2026-07-18 11:00:00,63933.9,63940.2,63933.9,63940.2,0.830938
2026-07-18 11:15:00,63940.2,63947.0,63940.2,63947.0,0.840513
2026-07-18 11:30:00,63947.0,63955.5,63946.9,63955.5,0.835335
2026-07-18 11:45:00,63955.5,63962.1,63955.5,63962.1,0.82859
2026-07-18 12:00:00,63962.1,63969.7,63962.1,63969.7,0.848558
2026-07-18 12:15:00,63969.7,63974.8,63969.7,63974.8,0.841243
2026-07-18 12:30:00,63974.8,63981.4,63974.8,63981.4,0.831831
2026-07-18 12:45:00,63981.4,63989.4,63981.4,63989.4,0.844975
2026-07-18 13:00:00,63989.4,63996.1,63989.4,63996.1,0.834722
2026-07-18 13:15:00,63996.1,63998.5,63996.1,63998.5,0.844352
2026-07-18 13:30:00,63998.5,64004.1,63998.5,64004.1,0.853481
2026-07-18 13:45:00,64004.1,64011.1,64004.1,64011.1,0.831724
2026-07-18 14:00:00,64011.1,64017.8,64011.1,64017.8,0.852966
2026-07-18 14:15:00,64017.8,64025.3,64017.8,64025.3,1.143304
2026-07-18 14:30:00,64025.3,64028.4,64025.3,64028.4,0.825204
2026-07-18 14:45:00,64028.4,64028.4,64028.2,64028.4,0.832006
2026-07-18 15:00:00,64028.4,64028.4,64028.3,64028.4,0.866238
2026-07-18 15:15:00,64028.4,64028.4,64028.4,64028.4,0.825653
2026-07-18 15:30:00,64028.4,64028.4,64028.4,64028.4,0.830705
2026-07-18 15:45:00,64028.4,64028.4,64028.3,64028.4,0.975569
2026-07-18 16:00:00,64028.4,64028.4,64028.3,64028.4,0.846741
2026-07-18 16:15:00,64028.4,64028.4,64028.3,64028.4,0.826449
2026-07-18 16:30:00,64028.4,64028.4,64028.3,64028.4,0.833793
2026-07-18 16:45:00,64028.4,64028.4,64028.3,64028.4,0.838092
2026-07-18 17:00:00,64028.4,64028.4,63730.0,63999.7,1.928693
2026-07-18 17:15:00,63999.7,64028.4,63999.7,64028.4,0.833164
2026-07-18 17:30:00,64028.4,64028.4,64028.3,64028.4,0.836054
2026-07-18 17:45:00,64028.4,64028.4,64028.3,64028.4,0.835204
2026-07-18 18:00:00,64028.4,64028.4,64028.3,64028.4,0.909132
2026-07-18 18:15:00,64028.4,64028.4,64028.3,64028.4,0.830607
2026-07-18 18:30:00,64028.4,64028.4,64028.3,64028.4,0.926442
2026-07-18 18:45:00,64028.4,64028.4,64028.3,64028.4,0.965505
2026-07-18 19:00:00,64028.4,64177.6,63730.0,64177.6,18.144931
2026-07-18 19:15:00,64177.6,64177.6,64177.5,64177.6,0.830167
2026-07-18 19:30:00,64177.6,64177.6,64177.5,64177.6,0.833955
2026-07-18 19:45:00,64177.6,64177.6,64177.5,64177.6,0.82886
2026-07-18 20:00:00,64177.6,64177.6,64177.5,64177.6,0.900962
2026-07-18 20:15:00,64177.6,64177.6,64177.6,64177.6,0.82763
2026-07-18 20:30:00,64177.6,64177.6,64177.6,64177.6,0.822955
2026-07-18 20:45:00,64177.6,64177.6,64177.5,64177.6,0.827629
2026-07-18 21:00:00,64177.6,64177.6,64177.5,64177.6,0.900416
2026-07-18 21:15:00,64177.6,64177.6,64177.5,64177.6,0.833475
2026-07-18 21:30:00,64177.6,64177.6,64177.5,64177.6,0.8258
2026-07-18 21:45:00,64177.6,64177.6,64177.5,64177.6,0.829575
2026-07-18 22:00:00,64177.6,64177.6,64177.5,64177.6,0.904406
2026-07-18 22:15:00,64177.6,64177.6,64177.6,64177.6,0.828475
2026-07-18 22:30:00,64177.6,64177.6,64177.6,64177.6,0.8228
2026-07-18 22:45:00,64177.6,64177.6,64177.6,64177.6,0.827786
2026-07-18 23:00:00,64177.6,64177.6,64177.5,64177.6,0.902183
2026-07-18 23:15:00,64177.6,64177.6,64177.6,64177.6,0.824095
2026-07-18 23:30:00,64177.6,64177.6,64177.5,64177.6,0.82863
2026-07-18 23:45:00,64177.6,64177.6,64177.5,64177.6,0.8246
2026-07-19 00:00:00,64177.6,64177.6,64177.5,64177.6,0.905024
2026-07-19 00:15:00,64177.6,64177.6,64177.6,64177.6,0.825885
2026-07-19 00:30:00,64177.6,64177.6,64177.5,64177.6,0.83994
2026-07-19 00:45:00,64177.6,64177.6,64177.6,64177.6,0.8228
2026-07-19 01:00:00,64177.6,64177.6,64177.5,64177.6,0.92133
2026-07-19 01:15:00,64177.6,64180.7,64177.6,64180.7,0.823267
2026-07-19 01:30:00,64180.7,64188.4,64180.7,64188.4,0.856476
2026-07-19 01:45:00,64188.4,64193.6,64188.4,64193.6,0.822624
2026-07-19 02:00:00,64193.6,64199.8,64193.4,64199.8,0.917436
2026-07-19 02:15:00,64199.8,64204.9,64199.8,64204.9,0.827087
2026-07-19 02:30:00,64204.9,64210.2,64204.7,64210.2,0.839596
2026-07-19 02:45:00,64210.2,64217.0,64210.2,64217.0,0.823331
2026-07-19 03:00:00,64217.0,64223.3,64216.8,64223.3,0.915165
2026-07-19 03:15:00,64223.3,64229.8,64223.3,64229.8,0.842406
2026-07-19 03:30:00,64229.8,64237.8,64229.7,64237.8,0.838945
2026-07-19 03:45:00,64237.8,64244.9,64237.8,64244.9,0.907042
2026-07-19 04:00:00,64244.9,64250.9,64244.8,64250.9,0.838499
2026-07-19 04:15:00,64250.9,64257.5,64250.9,64257.5,0.830915
2026-07-19 04:30:00,64257.5,64263.6,64257.4,64263.6,1.073279
2026-07-19 04:45:00,64263.6,64269.8,64263.6,64269.8,0.836715
2026-07-19 05:00:00,64269.8,64276.4,64269.7,64276.4,0.834015
2026-07-19 05:15:00,64276.4,64283.2,64276.4,64283.2,0.828938
2026-07-19 05:30:00,64283.2,64290.7,64283.1,64290.7,0.837271
2026-07-19 05:45:00,64290.7,64298.1,64290.7,64298.1,0.846114
2026-07-19 06:00:00,64298.1,64306.5,64298.0,64306.5,0.834855
2026-07-19 06:15:00,64306.5,64312.5,64306.5,64312.5,0.837657
2026-07-19 06:30:00,64312.5,64319.3,64312.5,64319.3,0.844479
2026-07-19 06:45:00,64319.3,64326.3,64319.3,64326.3,0.825622
2026-07-19 07:00:00,64326.3,64326.8,64326.2,64326.8,0.834869
2026-07-19 07:15:00,64326.8,64326.8,64326.8,64326.8,0.820925
2026-07-19 07:30:00,64326.8,64326.8,64326.5,64326.8,0.846133
2026-07-19 07:45:00,64326.8,64326.8,64326.6,64326.8,1.18335
2026-07-19 08:00:00,64326.8,64326.8,64326.6,64326.8,0.840068
2026-07-19 08:15:00,64326.8,64326.8,64326.6,64326.8,0.917706
2026-07-19 08:30:00,64326.8,64326.8,64326.7,64326.8,0.889633
2026-07-19 08:45:00,64326.8,64326.8,64326.8,64326.8,0.82301
2026-07-19 09:00:00,64326.8,64326.8,64326.5,64326.8,0.843392
2026-07-19 09:15:00,64326.8,64326.8,64326.8,64326.8,0.821895
2026-07-19 09:30:00,64326.8,64326.8,64326.7,64326.8,0.859754
2026-07-19 09:45:00,64326.8,64326.8,64326.8,64326.8,0.82211
2026-07-19 10:00:00,64326.8,64326.8,64326.6,64326.8,0.851592
2026-07-19 10:15:00,64326.8,64326.8,64326.8,64326.8,0.834064
2026-07-19 10:30:00,64326.8,64326.8,64326.7,64326.8,0.845997
2026-07-19 10:45:00,64326.8,64326.8,64294.8,64326.8,2.12986
2026-07-19 11:00:00,64326.8,64326.8,64326.7,64326.8,0.938486
2026-07-19 11:15:00,64326.8,64326.8,64326.6,64326.8,0.840654
2026-07-19 11:30:00,64326.8,64326.8,64326.6,64326.8,0.8616
2026-07-19 11:45:00,64326.8,64326.8,64326.8,64326.8,0.827853
2026-07-19 12:00:00,64326.8,64326.8,64326.7,64326.8,0.836408
2026-07-19 12:15:00,64326.8,64326.8,64326.5,64326.5,0.826053
2026-07-19 12:30:00,64326.5,64326.8,64326.5,64326.8,0.840329
2026-07-19 12:45:00,64326.8,64326.8,64326.8,64326.8,0.833728
2026-07-19 13:00:00,64326.8,64326.8,64326.7,64326.8,0.841699
2026-07-19 13:15:00,64326.8,64326.8,64326.6,64326.8,0.857641
2026-07-19 13:30:00,64326.8,64333.1,64326.7,64333.1,0.850927
2026-07-19 13:45:00,64333.1,64340.9,64333.1,64340.9,0.887034
2026-07-19 14:00:00,64340.9,64347.5,64340.8,64347.5,1.939964
2026-07-19 14:15:00,64347.5,64354.9,64347.4,64354.9,0.912135
2026-07-19 14:30:00,64354.9,64476.0,64354.8,64476.0,3.457509
2026-07-19 14:45:00,64476.0,64476.0,64475.8,64476.0,0.845777
2026-07-19 15:00:00,64476.0,64476.0,64475.9,64476.0,0.849142
2026-07-19 15:15:00,64476.0,64476.0,64475.9,64476.0,0.918169
2026-07-19 15:30:00,64476.0,64476.0,64475.9,64476.0,0.837988
2026-07-19 15:45:00,64476.0,64476.0,64475.9,64476.0,0.832818
2026-07-19 16:00:00,64476.0,64476.0,64475.9,64476.0,0.843188
2026-07-19 16:15:00,64476.0,64476.0,64476.0,64476.0,0.828928
2026-07-19 16:30:00,64476.0,64476.0,64475.9,64476.0,0.836003
2026-07-19 16:45:00,64476.0,64476.0,64476.0,64476.0,0.821953
2026-07-19 17:00:00,64476.0,64476.0,64475.9,64476.0,0.15713
2026-07-19 17:15:00,64476.0,64476.0,64476.0,64476.0,0.581934
2026-07-19 17:30:00,64476.0,64476.0,64475.9,64476.0,0.831567
2026-07-19 17:45:00,64476.0,64476.0,64475.9,64476.0,0.826603
2026-07-19 18:00:00,64476.0,64476.0,64474.8,64475.4,0.831644
2026-07-19 18:15:00,64475.4,64475.4,64473.3,64473.3,0.820315
2026-07-19 18:30:00,64473.3,64473.3,64466.1,64466.1,0.994795
2026-07-19 18:45:00,64466.1,64466.2,64457.8,64457.8,0.957084
2026-07-19 19:00:00,64457.8,64457.9,64451.9,64451.9,0.877397
2026-07-19 19:15:00,64451.9,64452.2,64447.4,64447.5,0.888439
2026-07-19 19:30:00,64447.5,64447.6,64441.9,64441.9,0.909968
2026-07-19 19:45:00,64441.9,64441.9,64435.2,64435.4,0.890337
2026-07-19 20:00:00,64435.4,64439.8,64435.3,64439.8,0.836837
2026-07-19 20:15:00,64439.8,64446.9,64439.8,64446.9,0.97402
2026-07-19 20:30:00,64446.9,64452.1,64446.8,64452.1,0.887661
2026-07-19 20:45:00,64452.1,64458.8,64452.1,64458.8,0.864375
2026-07-19 21:00:00,64458.8,64464.7,64458.7,64464.7,0.861904
2026-07-19 21:15:00,64464.7,64470.1,64464.7,64470.1,0.816005
2026-07-19 21:30:00,64470.1,64476.0,64470.0,64472.6,0.848089
2026-07-19 21:45:00,64472.6,64472.6,64467.0,64467.0,0.905869
2026-07-19 22:00:00,64467.0,64469.8,64466.2,64469.8,0.836674
2026-07-19 22:15:00,64469.8,64476.0,64469.8,64476.0,0.826261
2026-07-19 22:30:00,64476.0,64476.0,64475.9,64476.0,0.842766
2026-07-19 22:45:00,64476.0,64476.0,64476.0,64476.0,0.822202
2026-07-19 23:00:00,64476.0,64476.0,64475.8,64476.0,0.841335
2026-07-19 23:15:00,64476.0,64476.0,64476.0,64476.0,0.824875
2026-07-19 23:30:00,64476.0,64476.0,64475.9,64476.0,0.83349
2026-07-19 23:45:00,64476.0,64476.0,64475.7,64476.0,0.826542
2026-07-20 00:00:00,64476.0,64476.0,64475.9,64476.0,0.831335
2026-07-20 00:15:00,64476.0,64476.0,64476.0,64476.0,0.823626
2026-07-20 00:30:00,64476.0,64476.0,64475.9,64476.0,0.83135
2026-07-20 00:45:00,64476.0,64476.0,64475.5,64476.0,0.829507
2026-07-20 01:00:00,64476.0,64476.0,64475.9,64476.0,0.840012
2026-07-20 01:15:00,64476.0,64476.0,64476.0,64476.0,0.824046
2026-07-20 01:30:00,64476.0,64476.0,64475.9,64476.0,0.83149
2026-07-20 01:45:00,64476.0,64476.3,64476.0,64476.3,0.828275
2026-07-20 02:00:00,64476.3,64481.9,64476.1,64481.9,0.850176
2026-07-20 02:15:00,64481.9,64488.5,64481.9,64488.5,0.893939
2026-07-20 02:30:00,64488.5,64494.9,64488.3,64494.9,0.876957
2026-07-20 02:45:00,64494.9,64500.7,64494.9,64500.7,0.872933
2026-07-20 03:00:00,64500.7,64508.4,64500.6,64508.4,0.852585
2026-07-20 03:15:00,64508.4,64515.7,64508.4,64515.7,0.994239
2026-07-20 03:30:00,64515.7,64521.7,64515.4,64521.7,0.955962
2026-07-20 03:45:00,64521.7,64526.9,64521.7,64526.9,0.846397
2026-07-20 04:00:00,64526.9,64532.3,64526.7,64532.3,0.846663
2026-07-20 04:15:00,64532.3,64539.7,64532.3,64539.7,0.824938
2026-07-20 04:30:00,64539.7,64547.5,64539.4,64547.5,0.851191
2026-07-20 04:45:00,64547.5,64551.8,64547.5,64551.1,0.821473
2026-07-20 05:00:00,64551.1,64551.2,64326.8,64326.9,24.774794
2026-07-20 05:15:00,64326.9,64327.7,64324.6,64324.6,0.940877
2026-07-20 05:30:00,64324.6,64324.7,64317.5,64317.5,0.834119
2026-07-20 05:45:00,64317.5,64317.6,64312.2,64312.2,0.850063
2026-07-20 06:00:00,64312.2,64312.5,64304.9,64304.9,1.004689
2026-07-20 06:15:00,64304.9,64304.9,64298.1,64298.1,0.845086
2026-07-20 06:30:00,64298.1,64298.2,64289.1,64289.1,0.849958
2026-07-20 06:45:00,64289.1,64289.1,64282.8,64282.8,0.870284
2026-07-20 07:00:00,64282.8,64283.1,64276.7,64276.7,0.978955
2026-07-20 07:15:00,64276.7,64276.7,64271.0,64271.0,1.001907
2026-07-20 07:30:00,64271.0,64271.2,64263.9,64263.9,0.877557
2026-07-20 07:45:00,64263.9,64263.9,64259.7,64259.8,0.817514
2026-07-20 08:00:00,64259.8,64313.1,64259.7,64311.6,3.89193
2026-07-20 08:15:00,64311.6,64476.0,64308.5,64308.7,4.054242
2026-07-20 08:30:00,64308.7,64308.8,64301.7,64301.7,0.88236
2026-07-20 08:45:00,64301.7,64301.7,64294.7,64294.7,0.867384
2026-07-20 09:00:00,64294.7,64294.8,64287.5,64287.5,1.064936
2026-07-20 09:15:00,64287.5,64287.5,64280.5,64280.5,0.919806
2026-07-20 09:30:00,64280.5,64280.6,64272.9,64272.9,0.913388
2026-07-20 09:45:00,64272.9,64272.9,64267.1,64267.1,0.880572
2026-07-20 10:00:00,64267.1,64267.2,64261.7,64262.5,0.862932
2026-07-20 10:15:00,64262.5,64266.1,64262.5,64266.1,0.822508
2026-07-20 10:30:00,64266.1,64269.6,64266.0,64269.6,1.022135
2026-07-20 10:45:00,64269.6,64276.7,64269.6,64276.7,0.855032
2026-07-20 11:00:00,64276.7,64283.9,64276.7,64283.9,0.882392
2026-07-20 11:15:00,64283.9,64290.8,64283.8,64290.8,0.876661
2026-07-20 11:30:00,64290.8,64298.7,64290.7,64298.7,0.865837
2026-07-20 11:45:00,64298.7,64476.0,64298.6,64476.0,1.792699
2026-07-20 12:00:00,64476.0,64476.0,64475.5,64476.0,1.603306
2026-07-20 12:15:00,64476.0,64476.0,64475.9,64476.0,0.819532
2026-07-20 12:30:00,64476.0,64476.0,64469.4,64472.4,2.427617
2026-07-20 12:45:00,64472.4,64476.0,64472.2,64476.0,2.335923
2026-07-20 13:00:00,64476.0,64476.0,64474.7,64476.0,2.657442
2026-07-20 13:15:00,64476.0,64476.0,64475.4,64476.0,1.532142
2026-07-20 13:30:00,64476.0,64476.0,64475.7,64476.0,1.539108
2026-07-20 13:45:00,64476.0,64476.0,64474.3,64474.3,2.932241
2026-07-20 14:00:00,64474.3,64474.4,64177.6,64469.2,2.228157
2026-07-20 14:15:00,64469.2,64469.2,64462.2,64462.3,1.531722
2026-07-20 14:30:00,64462.3,64463.6,64458.7,64458.7,2.233004
2026-07-20 14:45:00,64458.7,64459.2,64177.6,64183.3,1.532328
2026-07-20 15:00:00,64183.3,64189.5,64183.1,64189.5,1.541405
2026-07-20 15:15:00,64189.5,64195.1,64189.5,64195.1,1.536549
2026-07-20 15:30:00,64195.1,64202.2,64195.1,64202.2,2.960686
2026-07-20 15:45:00,64202.2,64209.4,64202.2,64209.4,0.834071
2026-07-20 16:00:00,64209.4,64216.9,64209.4,64216.9,2.322562
2026-07-20 16:15:00,64216.9,64224.8,64216.9,64224.8,1.538187
2026-07-20 16:30:00,64224.8,64476.0,64224.8,64476.0,2.246058
2026-07-20 16:45:00,64476.0,64476.0,64177.6,64180.1,4.37038
2026-07-20 17:00:00,64180.1,64185.5,64180.1,64185.5,0.827633
2026-07-20 17:15:00,64185.5,64476.0,64185.5,64476.0,4.343925
2026-07-20 17:30:00,64476.0,64476.0,64475.6,64476.0,2.229081
2026-07-20 17:45:00,64476.0,64554.2,64476.0,64554.2,22.938654
2026-07-20 18:00:00,64554.2,64774.4,64554.2,64774.4,28.612401
2026-07-20 18:15:00,64774.4,64774.4,64773.8,64774.4,1.592955
2026-07-20 18:30:00,64774.4,64774.4,64774.2,64774.4,0.823883
2026-07-20 18:45:00,64774.4,64774.4,64774.2,64774.4,0.982331
2026-07-20 19:00:00,64774.4,64774.4,64774.1,64774.4,2.318217
2026-07-20 19:15:00,64774.4,64774.4,64774.3,64774.4,0.819539
2026-07-20 19:30:00,64774.4,64774.4,64774.2,64774.4,1.538737
2026-07-20 19:45:00,64774.4,64774.4,64772.6,64774.4,2.209479
2026-07-20 20:00:00,64774.4,64774.4,64770.7,64773.7,3.224549
2026-07-20 20:15:00,64773.7,64774.4,64773.6,64774.4,1.223266
2026-07-20 20:30:00,64774.4,64774.4,64774.0,64774.4,1.582163
2026-07-20 20:45:00,64774.4,64774.4,64774.1,64774.4,2.89835
2026-07-20 21:00:00,64774.4,64774.4,64773.9,64774.4,2.909752
2026-07-20 21:15:00,64774.4,64778.6,64774.1,64778.4,3.469549
2026-07-20 21:30:00,64778.4,64784.6,64778.4,64784.5,2.137566
2026-07-20 21:45:00,64784.5,64791.6,64784.5,64791.6,0.753216
2026-07-20 22:00:00,64791.6,64797.9,64791.4,64797.9,0.69395
