timestamp,open,high,low,close,volume
2025-05-01 00:00:00,99337.98,100681.75,98705.73,100227.21,1.313031
2025-05-01 00:15:00,100227.21,101058.63,99772.67,99959.72,1.316147
2025-05-01 00:30:00,99959.72,99999.71,99871.34,99959.65,1.305245
2025-05-01 00:45:00,99959.65,100588.05,99779.14,100588.05,1.295201
2025-05-01 01:00:00,100588.05,101293.92,100117.47,100636.94,1.304012
2025-05-01 01:15:00,100636.94,101764.5,99646.89,100352.76,1.352096
2025-05-01 01:30:00,100352.76,101847.9,98705.73,101590.83,1.301501
2025-05-01 01:45:00,101590.83,101999.79,98470.44,98896.82,1.289572
2025-05-01 02:00:00,98896.82,100117.47,98266.32,98482.98,1.310611
2025-05-01 02:15:00,98482.98,99117.4,98200.0,98705.73,1.307399
2025-05-01 02:30:00,98705.73,99176.31,97616.34,97999.86,1.291917
2025-05-01 02:45:00,97999.86,98235.15,97132.18,97573.34,1.327497
2025-05-01 03:00:00,97573.34,99349.62,97529.28,99349.62,1.296063
2025-05-01 03:15:00,99349.62,99646.89,98235.15,98941.02,1.300192
2025-05-01 03:30:00,98941.02,98941.02,96733.75,97058.7,1.515842
2025-05-01 03:45:00,97058.7,98470.44,96733.75,98235.08,1.365629
2025-05-01 04:00:00,98235.08,99779.14,96638.62,96638.62,7.794794
2025-05-01 04:15:00,96638.62,97529.28,96638.62,96638.62,6.508164
2025-05-01 04:30:00,96638.62,97764.57,96638.62,97352.76,1.290876
2025-05-01 04:45:00,97352.76,98235.08,96691.02,97833.0,1.305097
2025-05-01 05:00:00,97833.0,98181.78,96638.62,97352.76,1.300669
2025-05-01 05:15:00,97352.76,98470.44,97058.7,97529.28,1.290652
2025-05-01 05:30:00,97529.28,98235.15,96638.62,96823.41,1.306269
2025-05-01 05:45:00,96823.41,97499.97,96638.62,97132.18,1.308271
2025-05-01 06:00:00,97132.18,97999.86,96638.62,97293.99,1.283992
2025-05-01 06:15:00,97293.99,98896.82,97045.43,98014.5,1.294925
2025-05-01 06:30:00,98014.5,99132.96,97573.34,98941.02,1.303186
2025-05-01 06:45:00,98941.02,99337.98,97793.92,98049.66,1.30175
2025-05-01 07:00:00,98049.66,103427.33,97764.57,103181.72,26.312359
2025-05-01 07:15:00,103181.72,103427.33,97424.65,97999.86,2.378658
2025-05-01 07:30:00,97999.86,98863.59,97727.24,98235.15,1.332748
2025-05-01 07:45:00,98235.15,98896.82,97424.65,97764.57,1.31591
2025-05-01 08:00:00,97764.57,98941.02,97424.65,98235.15,1.299756
2025-05-01 08:15:00,98235.15,99176.31,97424.65,98941.02,1.2856
2025-05-01 08:30:00,98941.02,99411.6,97793.92,99411.6,1.318614
2025-05-01 08:45:00,99411.6,100117.47,98470.44,99566.28,1.363496
2025-05-01 09:00:00,99566.28,100352.76,99176.31,99782.94,1.326645
2025-05-01 09:15:00,99782.94,101058.63,99558.56,99999.6,1.318038
2025-05-01 09:30:00,99999.6,101058.63,98941.02,100681.75,1.288137
2025-05-01 09:45:00,100681.75,101058.63,98676.24,99772.67,1.327204
2025-05-01 10:00:00,99772.67,102691.74,97079.06,102499.91,6.826629
2025-05-01 10:15:00,102499.91,102691.74,97079.06,97293.99,7.103844
2025-05-01 10:30:00,97293.99,102691.74,97079.06,97699.26,25.205802
2025-05-01 10:45:00,97699.26,102262.49,97633.56,101279.86,90.997196
2025-05-01 11:00:00,101279.86,101279.86,98734.02,99999.94,9.325651
2025-05-01 11:15:00,99999.94,101113.27,98505.06,98863.59,8.239007
2025-05-01 11:30:00,98863.59,100819.97,98505.06,99411.6,5.801961
2025-05-01 11:45:00,99411.6,100819.97,98505.06,100588.05,6.203926
2025-05-01 12:00:00,100588.05,100819.97,99882.18,100588.05,1.304037
2025-05-01 12:15:00,100588.05,100819.97,98505.06,100487.31,3.310108
2025-05-01 12:30:00,100487.31,100819.97,98505.06,98941.02,2.334057
2025-05-01 12:45:00,98941.02,99779.14,98300.0,99772.67,1.305815
2025-05-01 13:00:00,99772.67,100100.0,99176.31,99999.72,1.301783
2025-05-01 13:15:00,99999.72,100117.47,98470.44,99782.94,1.314421
2025-05-01 13:30:00,99782.94,100200.0,99100.0,99337.98,1.319234
2025-05-01 13:45:00,99337.98,101316.99,97473.09,100771.58,17.542928
2025-05-01 14:00:00,100771.58,101316.99,97473.09,99999.6,14.563945
2025-05-01 14:15:00,99999.6,101006.43,99337.98,100909.02,2.311825
2025-05-01 14:30:00,100909.02,101006.43,97978.47,98014.5,29.438891
2025-05-01 14:45:00,98014.5,99100.0,98014.5,98235.08,1.350827
2025-05-01 15:00:00,98235.08,99176.31,97978.47,98100.0,1.31059
2025-05-01 15:15:00,98100.0,99200.0,98049.66,98896.82,1.305537
2025-05-01 15:30:00,98896.82,99300.0,97999.86,98916.3,1.305925
2025-05-01 15:45:00,98916.3,99176.31,97978.47,98863.59,1.311875
2025-05-01 16:00:00,98863.59,99300.0,97978.47,98941.02,1.28369
2025-05-01 16:15:00,98941.02,99411.6,98100.0,98100.0,1.309095
2025-05-01 16:30:00,98100.0,99100.0,97978.47,98235.08,1.291238
2025-05-01 16:45:00,98235.08,99318.13,97978.47,98941.02,1.314708
2025-05-01 17:00:00,98941.02,99558.56,98235.15,98455.66,1.290166
2025-05-01 17:15:00,98455.66,99779.14,97978.47,99117.4,1.316572
2025-05-01 17:30:00,99117.4,99411.6,97978.47,98235.08,2.30562
2025-05-01 17:45:00,98235.08,98941.02,97978.47,98266.32,1.308615
2025-05-01 18:00:00,98266.32,101006.43,98235.15,100352.76,1.809682
2025-05-01 18:15:00,100352.76,100955.41,98941.02,99782.94,1.800972
2025-05-01 18:30:00,99782.94,101006.43,97978.47,97999.86,2.34637
2025-05-01 18:45:00,97999.86,101006.43,97978.47,100909.02,25.130613
2025-05-01 19:00:00,100909.02,101006.43,97978.47,99176.31,4.719133
2025-05-01 19:15:00,99176.31,101006.43,97978.47,100681.75,3.458506
2025-05-01 19:30:00,100681.75,101006.43,98266.32,98896.82,1.70161
2025-05-01 19:45:00,98896.82,99300.0,98235.15,98941.02,1.305706
2025-05-01 20:00:00,98941.02,99318.13,98200.0,98941.02,1.294831
2025-05-01 20:15:00,98941.02,99545.4,98235.15,99545.4,1.312111
2025-05-01 20:30:00,99545.4,101006.43,98181.78,99349.62,2.652521
2025-05-01 20:45:00,99349.62,101006.43,97978.47,99117.4,7.216859
2025-05-01 21:00:00,99117.4,101006.43,99117.4,100352.76,2.004652
2025-05-01 21:15:00,100352.76,101006.43,96891.32,100454.48,8.64488
2025-05-01 21:30:00,100454.48,101006.43,97793.92,100588.05,3.324455
2025-05-01 21:45:00,100588.05,101006.43,99949.32,100227.21,1.289599
2025-05-01 22:00:00,100227.21,101006.43,99882.18,101006.43,1.29926
2025-05-01 22:15:00,101006.43,101006.43,99646.89,99772.67,1.314345
2025-05-01 22:30:00,99772.67,101006.43,99558.56,101006.43,1.31712
2025-05-01 22:45:00,101006.43,101006.43,99646.89,99999.72,1.302982
2025-05-01 23:00:00,99999.72,100909.02,97132.18,97573.34,2.325298
2025-05-01 23:15:00,97573.34,98200.0,97100.0,97999.86,1.29419
2025-05-01 23:30:00,97999.86,98100.0,96891.32,97764.57,1.285725
2025-05-01 23:45:00,97764.57,98200.0,96911.6,97399.68,1.313547
2025-05-02 00:00:00,97399.68,98190.0,97100.0,97183.02,1.310812
2025-05-02 00:15:00,97183.02,98100.0,97058.7,97499.97,1.311674
2025-05-02 00:30:00,97499.97,98100.0,96891.32,97954.51,1.310353
2025-05-02 00:45:00,97954.51,98190.0,96891.32,97727.24,1.309408
2025-05-02 01:00:00,97727.24,98014.5,96911.6,97132.18,1.286116
2025-05-02 01:15:00,97132.18,98190.0,96966.36,98190.0,1.382004
2025-05-02 01:30:00,98190.0,98190.0,97058.7,97951.14,1.317808
2025-05-02 01:45:00,97951.14,98100.0,97253.02,97431.26,1.315612
2025-05-02 02:00:00,97431.26,98100.0,97132.18,98100.0,1.404409
2025-05-02 02:15:00,98100.0,98190.0,97352.76,97800.82,1.411122
2025-05-02 02:30:00,97800.82,98190.0,97100.0,97352.76,1.309105
2025-05-02 02:45:00,97352.76,98190.0,97045.43,97833.0,1.307967
2025-05-02 03:00:00,97833.0,98100.0,97045.43,97132.18,1.308247
2025-05-02 03:15:00,97132.18,97833.0,97045.43,97573.69,1.336591
2025-05-02 03:30:00,97573.69,98100.0,97071.41,97399.68,1.29857
2025-05-02 03:45:00,97399.68,97930.0,97000.0,97183.02,2.296031
2025-05-02 04:00:00,97183.02,97864.6,97132.18,97727.24,1.320966
2025-05-02 04:15:00,97727.24,97793.92,97183.02,97399.68,1.363683
2025-05-02 04:30:00,97399.68,97954.51,96911.6,96911.6,1.327239
2025-05-02 04:45:00,96911.6,98190.0,96911.6,97352.76,1.302216
2025-05-02 05:00:00,97352.76,98190.0,97293.99,97764.57,1.363
2025-05-02 05:15:00,97764.57,98190.0,96911.6,96911.6,1.309603
2025-05-02 05:30:00,96911.6,98100.0,96891.32,97352.76,1.315465
2025-05-02 05:45:00,97352.76,97764.57,96891.32,97499.97,1.286254
2025-05-02 06:00:00,97499.97,97764.57,96891.32,97058.7,1.301791
2025-05-02 06:15:00,97058.7,98190.0,96891.32,97272.7,1.305931
2025-05-02 06:30:00,97272.7,97999.86,96891.32,97352.76,1.284556
2025-05-02 06:45:00,97352.76,98100.0,96966.36,96966.36,1.315849
2025-05-02 07:00:00,96966.36,97995.0,96891.32,97352.76,1.289741
2025-05-02 07:15:00,97352.76,97764.57,96891.32,96891.32,1.295465
2025-05-02 07:30:00,96891.32,97954.51,96891.32,97573.34,1.437616
2025-05-02 07:45:00,97573.34,98705.73,97293.99,97954.51,2.311363
2025-05-02 08:00:00,97954.51,98896.82,97720.18,98235.15,1.308477
2025-05-02 08:15:00,98235.15,99117.4,97720.18,98266.32,1.41651
2025-05-02 08:30:00,98266.32,99318.13,98100.0,98470.44,1.527963
2025-05-02 08:45:00,98470.44,99300.0,97999.86,98235.08,1.287203
2025-05-02 09:00:00,98235.08,99100.0,97529.28,97999.86,1.292931
2025-05-02 09:15:00,97999.86,98430.0,97300.0,97833.0,1.282494
2025-05-02 09:30:00,97833.0,98181.78,97250.84,98014.5,1.284324
2025-05-02 09:45:00,98014.5,98235.08,97250.84,97954.51,1.297441
2025-05-02 10:00:00,97954.51,98300.0,97250.84,97833.0,1.65067
2025-05-02 10:15:00,97833.0,98014.5,97250.84,97999.86,1.866668
2025-05-02 10:30:00,97999.86,98249.0,97250.84,97293.99,1.649804
2025-05-02 10:45:00,97293.99,97999.86,97250.84,97529.28,1.356225
2025-05-02 11:00:00,97529.28,97999.86,97250.84,97833.0,1.540458
2025-05-02 11:15:00,97833.0,97999.86,97250.84,97272.7,1.439638
2025-05-02 11:30:00,97272.7,98235.08,97250.84,97793.92,2.34452
2025-05-02 11:45:00,97793.92,98409.05,97250.84,97293.99,1.535825
2025-05-02 12:00:00,97293.99,98266.32,97250.84,98181.78,1.131462
2025-05-02 12:15:00,98181.78,100117.47,97833.0,99999.94,0.689339
2025-05-02 12:30:00,99999.94,100200.0,99337.98,99882.18,1.031905
2025-05-02 12:45:00,99882.18,99999.94,97250.84,98200.0,3.42807
2025-05-02 13:00:00,98200.0,99558.56,98200.0,98941.02,1.231521
2025-05-02 13:15:00,98941.02,99882.18,96266.3,97058.7,61.607011
2025-05-02 13:30:00,97058.7,98100.0,96823.41,97764.57,1.286526
2025-05-02 13:45:00,97764.57,98455.66,97352.76,98181.78,1.22849
2025-05-02 14:00:00,98181.78,98676.24,97300.0,98235.08,1.029552
2025-05-02 14:15:00,98235.08,98863.59,97300.0,97573.34,1.030785
2025-05-02 14:30:00,97573.34,99000.0,97293.99,98863.59,1.151233
2025-05-02 14:45:00,98863.59,99176.31,98235.15,98455.66,1.114075
2025-05-02 15:00:00,98455.66,99200.0,98100.0,98235.15,1.037999
2025-05-02 15:15:00,98235.15,99300.0,97003.46,97529.28,2.09224
2025-05-02 15:30:00,97529.28,97793.92,97132.18,97764.57,1.019643
2025-05-02 15:45:00,97764.57,100729.28,97003.46,98676.24,6.480244
2025-05-02 16:00:00,98676.24,98705.73,96734.6,97616.34,2.156921
2025-05-02 16:15:00,97616.34,98100.0,97529.28,97616.34,1.016896
2025-05-02 16:30:00,97616.34,100469.64,96823.41,100469.64,5.747661
2025-05-02 16:45:00,100469.64,101058.63,99646.89,99782.94,24.311104
2025-05-02 17:00:00,99782.94,100300.0,99200.0,99999.72,1.133483
2025-05-02 17:15:00,99999.72,100300.0,99411.6,99999.72,1.0358
2025-05-02 17:30:00,99999.72,100318.47,99300.0,99999.72,1.041621
2025-05-02 17:45:00,99999.72,100588.05,99337.98,99646.89,1.030862
2025-05-02 18:00:00,99646.89,100300.0,99176.31,99337.98,1.028412
2025-05-02 18:15:00,99337.98,100200.0,99337.98,99882.18,1.036747
2025-05-02 18:30:00,99882.18,100300.0,99117.4,99782.94,1.024747
2025-05-02 18:45:00,99782.94,100823.34,99300.0,99566.28,1.13134
2025-05-02 19:00:00,99566.28,100117.47,99200.0,99349.62,1.03048
2025-05-02 19:15:00,99349.62,100300.0,99100.0,99349.62,1.018954
2025-05-02 19:30:00,99349.62,100352.76,96734.6,96911.61,4.036125
2025-05-02 19:45:00,96911.61,98896.82,96823.41,98705.73,1.457484
2025-05-02 20:00:00,98705.73,99882.18,98300.0,99411.6,1.238197
2025-05-02 20:15:00,99411.6,101108.0,97793.92,98916.3,5.582634
2025-05-02 20:30:00,98916.3,100318.47,98470.44,99566.28,1.546042
2025-05-02 20:45:00,99566.28,100636.94,99558.56,100227.21,1.030061
2025-05-02 21:00:00,100227.21,100823.34,97200.0,97272.7,2.05256
2025-05-02 21:15:00,97272.7,98200.0,97100.0,97100.0,1.04495
2025-05-02 21:30:00,97100.0,98200.0,97100.0,97352.76,1.096125
2025-05-02 21:45:00,97352.76,98200.0,97071.41,97132.18,1.031947
2025-05-02 22:00:00,97132.18,98300.0,97100.0,97999.86,1.043098
2025-05-02 22:15:00,97999.86,98303.81,97293.99,97727.24,1.016043
2025-05-02 22:30:00,97727.24,98455.66,97300.0,97954.51,1.032227
2025-05-02 22:45:00,97954.51,98705.73,97300.0,97573.34,1.049365
2025-05-02 23:00:00,97573.34,97573.34,97000.0,97132.18,1.024401
2025-05-02 23:15:00,97132.18,97573.34,97000.0,97000.0,1.038987
2025-05-02 23:30:00,97000.0,97573.34,96818.15,97352.76,1.031993
2025-05-02 23:45:00,97352.76,97573.34,96823.41,97045.43,1.031552
2025-05-03 00:00:00,97045.43,97573.34,96734.6,96823.41,1.02097
2025-05-03 00:15:00,96823.41,97573.34,96734.6,97132.18,1.051146
2025-05-03 00:30:00,97132.18,97352.76,96749.7,97045.43,1.043059
2025-05-03 00:45:00,97045.43,97573.34,96734.6,97293.99,1.039076
2025-05-03 01:00:00,97293.99,97573.34,96734.6,96966.36,1.467491
2025-05-03 01:15:00,96966.36,97573.34,96734.6,96911.6,1.05449
2025-05-03 01:30:00,96911.6,97573.34,96734.6,97058.7,1.026272
2025-05-03 01:45:00,97058.7,97573.34,96734.6,97573.34,1.021523
2025-05-03 02:00:00,97573.34,97573.34,96734.6,96749.7,1.029081
2025-05-03 02:15:00,96749.7,97573.34,96734.6,97132.18,1.032757
2025-05-03 02:30:00,97132.18,97573.34,96734.6,97293.99,1.029016
2025-05-03 02:45:00,97293.99,97573.34,96734.6,96823.41,1.029301
2025-05-03 03:00:00,96823.41,97573.34,96734.6,96734.6,1.044366
2025-05-03 03:15:00,96734.6,97573.34,96734.6,97272.7,1.02957
2025-05-03 03:30:00,97272.7,99176.31,96818.16,99117.4,1.793444
2025-05-03 03:45:00,99117.4,100000.0,97300.0,99999.94,2.642025
2025-05-03 04:00:00,99999.94,100000.0,99176.31,99545.4,1.028469
2025-05-03 04:15:00,99545.4,100100.0,99176.31,100100.0,1.033637
2025-05-03 04:30:00,100100.0,100200.0,99100.0,99772.67,1.012889
2025-05-03 04:45:00,99772.67,100200.0,99100.0,99566.28,1.027489
2025-05-03 05:00:00,99566.28,100100.0,99000.0,99999.94,1.026942
2025-05-03 05:15:00,99999.94,100100.0,99000.0,99782.94,1.021624
2025-05-03 05:30:00,99782.94,100117.47,99100.0,99646.89,1.011761
2025-05-03 05:45:00,99646.89,100300.0,99337.98,99999.6,1.027278
2025-05-03 06:00:00,99999.6,100335.5,99281.07,99558.56,1.014116
2025-05-03 06:15:00,99558.56,100300.0,99318.13,99411.6,1.018768
2025-05-03 06:30:00,99411.6,100117.47,99200.0,99782.94,1.025561
2025-05-03 06:45:00,99782.94,100454.48,99300.0,100117.47,1.034566
2025-05-03 07:00:00,100117.47,101108.0,100117.47,100681.75,1.040605
2025-05-03 07:15:00,100681.75,101108.0,100200.0,100909.02,1.038453
2025-05-03 07:30:00,100909.02,101108.0,100100.0,100681.75,1.025428
2025-05-03 07:45:00,100681.75,101058.63,99882.18,100454.48,1.019933
2025-05-03 08:00:00,100454.48,101108.0,99882.18,100318.47,1.026486
2025-05-03 08:15:00,100318.47,101108.0,100000.0,100117.47,1.123799
2025-05-03 08:30:00,100117.47,100682.95,99300.0,99782.94,1.502576
2025-05-03 08:45:00,99782.94,100300.0,99200.0,99779.14,1.426946
2025-05-03 09:00:00,99779.14,99779.14,97162.37,97293.99,2.648847
2025-05-03 09:15:00,97293.99,99300.0,97162.37,98482.98,1.947697
2025-05-03 09:30:00,98482.98,99411.6,98235.15,98699.64,1.439938
2025-05-03 09:45:00,98699.64,100000.0,98676.24,99132.96,1.445713
2025-05-03 10:00:00,99132.96,99411.6,98200.0,98916.3,1.445849
2025-05-03 10:15:00,98916.3,99300.0,98100.0,98916.3,1.433791
2025-05-03 10:30:00,98916.3,99200.0,98049.66,98100.0,1.451419
2025-05-03 10:45:00,98100.0,99200.0,98000.0,98941.02,1.441677
2025-05-03 11:00:00,98941.02,100000.0,98200.0,99558.56,1.464764
2025-05-03 11:15:00,99558.56,100100.0,99000.0,99646.89,1.447252
2025-05-03 11:30:00,99646.89,100100.0,99000.0,99090.86,1.450025
2025-05-03 11:45:00,99090.86,100000.0,98941.02,99558.56,1.451838
2025-05-03 12:00:00,99558.56,100000.0,98841.29,99176.31,1.42279
2025-05-03 12:15:00,99176.31,100000.0,98841.29,99772.67,1.425405
2025-05-03 12:30:00,99772.67,100117.47,99132.96,99411.6,1.43365
2025-05-03 12:45:00,99411.6,100200.0,99000.0,99999.6,1.806927
2025-05-03 13:00:00,99999.6,100000.0,98841.29,99318.13,1.430024
2025-05-03 13:15:00,99318.13,99337.98,97449.13,98676.24,2.217944
2025-05-03 13:30:00,98676.24,99200.0,98455.66,98676.24,1.453137
2025-05-03 13:45:00,98676.24,99300.0,98100.0,98482.98,1.465174
2025-05-03 14:00:00,98482.98,99337.98,98200.0,98896.82,1.459454
2025-05-03 14:15:00,98896.82,100000.0,98235.15,99090.86,1.455222
2025-05-03 14:30:00,99090.86,100000.0,98470.44,99090.86,1.444855
2025-05-03 14:45:00,99090.86,99999.72,98300.0,99117.4,1.454747
2025-05-03 15:00:00,99117.4,100318.47,98896.82,99782.94,0.567916
2025-05-03 15:15:00,99782.94,99999.94,99779.14,99782.94,0.023323
2025-05-03 15:30:00,99782.94,100085.0,99779.14,99779.14,0.037868
2025-05-03 15:45:00,99779.14,100117.47,99772.67,99999.72,0.035243
2025-05-03 16:00:00,99999.72,99999.72,99772.67,99772.67,0.019506
2025-05-03 16:15:00,99772.67,99999.6,97808.61,98896.82,6.341091
2025-05-03 16:30:00,98896.82,100677.06,98280.11,98475.0,5.807095
2025-05-03 16:45:00,98475.0,98705.73,98280.11,98676.24,0.227486
2025-05-03 17:00:00,98676.24,98705.73,98280.11,98705.73,0.048982
2025-05-03 17:15:00,98705.73,98941.02,98455.66,98699.64,0.126836
2025-05-03 17:30:00,98699.64,98896.82,98470.44,98896.82,0.027978
2025-05-03 17:45:00,98896.82,99117.4,98636.32,99117.4,0.040684
2025-05-03 18:00:00,99117.4,99117.4,98705.73,99117.4,0.021708
2025-05-03 18:15:00,99117.4,100677.06,98280.11,100495.87,1.918046
2025-05-03 18:30:00,100495.87,100677.06,100352.76,100352.76,0.019555
2025-05-03 18:45:00,100352.76,100677.06,98280.11,100677.06,9.027424
2025-05-03 19:00:00,100677.06,100677.06,96207.49,99882.18,25.470493
2025-05-03 19:15:00,99882.18,99999.6,96207.49,97293.99,2.263021
2025-05-03 19:30:00,97293.99,97293.99,96691.02,96691.02,0.091364
2025-05-03 19:45:00,96691.02,97045.43,96691.02,96966.36,0.022935
2025-05-03 20:00:00,96966.36,100677.06,96207.49,100677.06,6.112954
2025-05-03 20:15:00,100677.06,100677.06,96207.49,100677.06,20.061308
2025-05-03 20:30:00,100677.06,100677.06,96207.49,100352.76,15.568534
2025-05-03 20:45:00,100352.76,100677.06,97999.86,99300.0,1.434837
2025-05-03 21:00:00,99300.0,100677.06,96533.04,100352.76,3.058133
2025-05-03 21:15:00,100352.76,100677.06,96207.49,96470.44,4.035187
2025-05-03 21:30:00,96470.44,100677.06,96207.49,97999.86,7.039156
2025-05-03 21:45:00,97999.86,100677.06,96207.49,100676.05,17.091199
2025-05-03 22:00:00,100676.05,100676.05,100352.76,100676.05,0.017387
2025-05-03 22:15:00,100676.05,100676.05,100318.47,100318.47,0.032433
2025-05-03 22:30:00,100318.47,100588.05,100227.21,100390.0,0.029376
2025-05-03 22:45:00,100390.0,100636.94,100227.21,100636.94,0.020119
2025-05-03 23:00:00,100636.94,100676.05,100318.47,100318.48,0.039133
2025-05-03 23:15:00,100318.48,100352.72,100117.42,100117.42,0.042408
2025-05-03 23:30:00,100117.42,100117.42,99882.18,99882.18,0.036267
2025-05-03 23:45:00,99882.18,100117.48,99882.18,100117.48,0.020313
2025-05-04 00:00:00,100117.48,100154.97,99779.14,99779.14,0.030946
2025-05-04 00:15:00,99779.14,99999.6,99779.14,99999.6,0.022691
2025-05-04 00:30:00,99999.6,100117.47,99779.14,99779.14,0.02281
2025-05-04 00:45:00,99779.14,100117.47,99779.14,99999.6,0.020229
2025-05-04 01:00:00,99999.6,100155.0,99779.14,100155.0,0.022519
2025-05-04 01:15:00,100155.0,100227.19,99882.18,100227.19,0.020565
2025-05-04 01:30:00,100227.19,100677.06,99882.18,100352.76,0.136395
2025-05-04 01:45:00,100352.76,100677.06,100352.76,100352.76,0.022095
2025-05-04 02:00:00,100352.76,100677.06,100318.47,100318.47,0.029241
2025-05-04 02:15:00,100318.47,100588.05,100227.21,100227.21,0.022549
2025-05-04 02:30:00,100227.21,100588.05,100117.47,100227.21,0.031871
2025-05-04 02:45:00,100227.21,100636.94,100117.47,100454.48,0.047627
2025-05-04 03:00:00,100454.48,100588.05,100117.47,100227.21,0.03155
2025-05-04 03:15:00,100227.21,100588.05,100117.47,100515.0,0.030391
2025-05-04 03:30:00,100515.0,100588.05,100227.21,100290.0,0.017818
2025-05-04 03:45:00,100290.0,100677.06,100227.21,100677.06,0.02425
2025-05-04 04:00:00,100677.06,100677.06,100352.76,100352.76,0.019489
2025-05-04 04:15:00,100352.76,100677.06,100318.47,100588.05,0.032388
2025-05-04 04:30:00,100588.05,100588.05,100000.0,100000.0,0.028467
2025-05-04 04:45:00,100000.0,100352.76,99999.94,100352.76,0.027155
2025-05-04 05:00:00,100352.76,100454.48,100000.0,100117.47,0.021719
2025-05-04 05:15:00,100117.47,100588.05,100117.47,100588.05,0.030498
2025-05-04 05:30:00,100588.05,100636.94,100227.21,100352.76,0.02238
2025-05-04 05:45:00,100352.76,100677.06,100352.76,100677.06,0.02112
2025-05-04 06:00:00,100677.06,100677.06,100352.76,100352.76,0.019371
2025-05-04 06:15:00,100352.76,100677.06,100318.47,100588.05,0.023501
2025-05-04 06:30:00,100588.05,100588.05,99882.18,100227.21,0.045579
2025-05-04 06:45:00,100227.21,100227.21,99772.67,99999.72,0.028146
2025-05-04 07:00:00,99999.72,100380.28,99566.28,99882.18,0.245025
2025-05-04 07:15:00,99882.18,99882.18,99558.56,99782.94,0.019935
2025-05-04 07:30:00,99782.94,99882.18,99558.56,99558.56,0.019607
2025-05-04 07:45:00,99558.56,99882.18,99558.56,99882.18,0.022295
2025-05-04 08:00:00,99882.18,99882.18,99558.56,99646.89,0.021578
2025-05-04 08:15:00,99646.89,100286.24,97300.0,98014.5,3.281075
2025-05-04 08:30:00,98014.5,98014.5,97727.24,98014.5,0.042882
2025-05-04 08:45:00,98014.5,100286.24,96899.21,100231.03,3.018435
2025-05-04 09:00:00,100231.03,100286.24,96899.21,100286.24,2.022987
2025-05-04 09:15:00,100286.24,100286.24,99999.94,100185.02,0.040507
2025-05-04 09:30:00,100185.02,100185.02,99882.18,100185.02,0.029955
2025-05-04 09:45:00,100185.02,100286.24,96899.21,99999.94,4.088567
2025-05-04 10:00:00,99999.94,100286.24,99779.14,99782.94,0.134569
2025-05-04 10:15:00,99782.94,100117.47,99779.14,99782.13,0.035198
2025-05-04 10:30:00,99782.13,100185.0,99646.89,99882.18,0.226075
2025-05-04 10:45:00,99882.18,100227.21,99882.18,99882.18,0.043027
2025-05-04 11:00:00,99882.18,100286.24,99882.18,99999.94,0.030901
2025-05-04 11:15:00,99999.94,100286.24,99999.94,100214.92,0.070551
2025-05-04 11:30:00,100214.92,100286.24,99882.18,99882.18,0.031977
2025-05-04 11:45:00,99882.18,100286.24,99882.18,100143.6,0.030812
2025-05-04 12:00:00,100143.6,100286.24,96899.21,96899.21,2.065049
2025-05-04 12:15:00,96899.21,97132.18,96899.21,97073.44,1.026414
2025-05-04 12:30:00,97073.44,97132.18,96899.21,97132.18,0.018324
2025-05-04 12:45:00,97132.18,97183.02,96899.21,97100.0,0.029086
2025-05-04 13:00:00,97100.0,97272.7,96899.21,96899.21,0.137427
2025-05-04 13:15:00,96899.21,97131.0,96899.21,97131.0,0.174913
2025-05-04 13:30:00,97131.0,99349.62,96899.21,99349.62,1.360959
2025-05-04 13:45:00,99349.62,100286.24,96899.21,100286.24,5.770049
2025-05-04 14:00:00,100286.24,100286.24,96911.6,99779.14,2.069416
2025-05-04 14:15:00,99779.14,100117.47,99779.14,100117.47,0.022156
2025-05-04 14:30:00,100117.47,100117.47,97833.0,98181.78,0.924582
2025-05-04 14:45:00,98181.78,98181.78,97793.92,97833.0,0.02472
2025-05-04 15:00:00,97833.0,98699.64,97833.0,98699.64,0.152213
2025-05-04 15:15:00,98699.64,98941.02,98455.66,98941.02,0.108586
2025-05-04 15:30:00,98941.02,98941.02,96899.21,96899.21,0.613367
2025-05-04 15:45:00,96899.21,97183.02,96899.21,97183.02,0.267977
2025-05-04 16:00:00,97183.02,99772.67,96899.21,99411.6,3.422972
2025-05-04 16:15:00,99411.6,99779.14,99411.6,99779.14,0.026077
2025-05-04 16:30:00,99779.14,99882.18,99545.4,99686.01,0.021512
2025-05-04 16:45:00,99686.01,99881.18,99686.01,99881.18,0.0303
2025-05-04 17:00:00,99881.18,99882.18,99686.01,99686.01,0.021551
2025-05-04 17:15:00,99686.01,99882.18,99680.0,99881.18,0.026457
2025-05-04 17:30:00,99881.18,99882.18,99681.0,99882.18,0.022094
2025-05-04 17:45:00,99882.18,99882.18,99681.0,99881.18,0.022272
2025-05-04 18:00:00,99881.18,99881.18,99681.0,99682.0,0.029565
2025-05-04 18:15:00,99682.0,99999.94,99682.0,99999.94,0.040433
2025-05-04 18:30:00,99999.94,100000.0,99779.14,100000.0,0.023638
2025-05-04 18:45:00,100000.0,100000.0,99779.14,99999.6,0.028752
2025-05-04 19:00:00,99999.6,100000.0,99772.67,99782.94,0.035419
2025-05-04 19:15:00,99782.94,99999.72,99772.67,99911.92,0.027743
2025-05-04 19:30:00,99911.92,99924.48,99682.0,99682.0,0.023512
2025-05-04 19:45:00,99682.0,100286.24,96899.21,100286.24,2.026014
2025-05-04 20:00:00,100286.24,100286.24,100085.0,100086.0,0.021324
2025-05-04 20:15:00,100086.0,100286.24,96966.36,99999.72,3.339339
2025-05-04 20:30:00,99999.72,100147.87,96433.56,98409.05,11.428058
2025-05-04 20:45:00,98409.05,99772.67,98409.05,99771.67,0.420512
2025-05-04 21:00:00,99771.67,99771.67,99411.6,99771.67,0.016934
2025-05-04 21:15:00,99771.67,100117.47,96433.56,100117.47,3.128686
2025-05-04 21:30:00,100117.47,100117.47,99779.14,99782.94,0.022259
2025-05-04 21:45:00,99782.94,100117.47,99000.0,99000.0,0.289905
2025-05-04 22:00:00,99000.0,99779.14,97700.0,97700.0,0.745189
2025-05-04 22:15:00,97700.0,100147.87,97352.76,98235.08,2.715866
2025-05-04 22:30:00,98235.08,99411.6,96966.36,98957.92,1.583214
2025-05-04 22:45:00,98957.92,99558.56,96749.7,99478.11,2.051201
2025-05-04 23:00:00,99478.11,99478.11,99378.68,99477.12,0.013447
2025-05-04 23:15:00,99477.12,99477.12,96433.56,96691.02,2.18052
2025-05-04 23:30:00,96691.02,96749.7,96433.56,96470.44,0.028523
2025-05-04 23:45:00,96470.44,96818.16,96470.44,96818.16,0.02309
2025-05-05 00:00:00,96818.16,96823.41,96590.89,96590.89,0.030264
2025-05-05 00:15:00,96590.89,96823.41,96470.44,96818.16,0.023528
2025-05-05 00:30:00,96818.16,96818.16,96470.44,96533.04,0.023617
2025-05-05 00:45:00,96533.04,96911.6,96533.04,96590.89,0.022965
2025-05-05 01:00:00,96590.89,96966.36,96590.89,96691.02,0.021294
2025-05-05 01:15:00,96691.02,97045.43,96691.02,96691.02,0.035734
2025-05-05 01:30:00,96691.02,97045.43,96691.02,96691.02,0.030588
2025-05-05 01:45:00,96691.02,97058.7,96691.02,96818.16,0.022922
2025-05-05 02:00:00,96818.16,97058.7,96749.7,97045.43,0.020047
2025-05-05 02:15:00,97045.43,97045.43,96588.12,96818.16,0.023577
2025-05-05 02:30:00,96818.16,97764.57,96588.12,97399.68,0.219068
2025-05-05 02:45:00,97399.68,97727.24,97352.76,97616.34,0.022795
2025-05-05 03:00:00,97616.34,97764.57,97499.97,97499.97,0.026827
2025-05-05 03:15:00,97499.97,97793.92,97499.97,97529.28,0.024553
2025-05-05 03:30:00,97529.28,97833.0,97529.28,97833.0,0.015709
2025-05-05 03:45:00,97833.0,97954.51,97573.34,97954.51,0.023493
2025-05-05 04:00:00,97954.51,97999.86,97727.24,97727.24,0.023512
2025-05-05 04:15:00,97727.24,97999.86,97616.34,97954.51,0.028462
2025-05-05 04:30:00,97954.51,97954.51,97573.34,97954.51,0.02587
2025-05-05 04:45:00,97954.51,97999.86,97616.34,97999.86,0.012276
2025-05-05 05:00:00,97999.86,98000.0,97779.08,98000.0,0.007764
2025-05-05 05:15:00,98000.0,98000.0,97904.59,98000.0,0.006381
2025-05-05 05:30:00,98000.0,98000.0,97904.59,97904.59,0.011822
2025-05-05 05:45:00,97904.59,98000.0,97904.59,98000.0,0.009217
2025-05-05 06:00:00,98000.0,98000.0,97904.59,98000.0,0.002373
2025-05-05 06:15:00,98000.0,98000.0,97904.59,98000.0,0.006025
2025-05-05 06:30:00,98000.0,98000.0,97904.59,97904.59,0.003109
2025-05-05 06:45:00,97904.59,98000.0,97904.59,98000.0,0.004006
2025-05-05 07:00:00,98000.0,98000.0,97904.59,97904.59,0.004755
2025-05-05 07:15:00,97904.59,98000.0,97904.59,98000.0,0.004206
2025-05-05 07:30:00,98000.0,98000.0,97727.24,97779.08,0.04745
2025-05-05 07:45:00,97779.08,97999.86,97779.08,97999.86,0.00391
2025-05-05 08:00:00,97999.86,98235.08,97293.99,97573.34,0.582926
2025-05-05 08:15:00,97573.34,97573.34,97293.99,97573.34,0.004842
2025-05-05 08:30:00,97573.34,98699.64,97475.0,98699.64,0.228846
2025-05-05 08:45:00,98699.64,100147.87,96730.22,96966.36,4.914834
2025-05-05 09:00:00,96966.36,98014.5,96966.36,98014.5,0.677413
2025-05-05 09:15:00,98014.5,98014.5,97132.18,97399.68,0.16387
2025-05-05 09:30:00,97399.68,97399.68,97180.0,97374.93,0.003976
2025-05-05 09:45:00,97374.93,99000.0,97276.88,98790.0,0.61379
2025-05-05 10:00:00,98790.0,98941.02,98470.44,98471.42,0.64185
2025-05-05 10:15:00,98471.42,98940.03,98470.44,98940.03,0.148717
2025-05-05 10:30:00,98940.03,98941.02,98840.0,98840.0,0.003432
2025-05-05 10:45:00,98840.0,99010.0,98455.66,98817.19,0.454067
2025-05-05 11:00:00,98817.19,99117.4,98676.24,98941.02,0.065057
2025-05-05 11:15:00,98941.02,99558.56,98014.5,98941.02,2.443968
2025-05-05 11:30:00,98941.02,99830.38,98000.0,98705.73,4.403388
2025-05-05 11:45:00,98705.73,99830.38,98000.0,98000.0,4.420094
2025-05-05 12:00:00,98000.0,98705.73,94470.51,95882.25,376.078949
2025-05-05 12:15:00,95882.25,96588.12,92736.84,93857.34,412.903455
2025-05-05 12:30:00,93857.34,94470.51,90210.52,90947.42,559.905997
2025-05-05 12:45:00,90947.42,91400.0,86000.0,87216.66,3723.745981
2025-05-05 13:00:00,87216.66,87652.74,87000.0,87649.98,0.415871
2025-05-05 13:15:00,87649.98,87800.0,87433.32,87800.0,0.005169
2025-05-05 13:30:00,87800.0,87897.05,87600.0,87897.05,0.015617
2025-05-05 13:45:00,87897.05,87897.05,86543.42,86800.0,0.218649
2025-05-05 14:00:00,86800.0,86810.48,86689.47,86810.48,0.015804
2025-05-05 14:15:00,86810.48,87000.0,86600.0,87000.0,0.025081
2025-05-05 14:30:00,87000.0,87897.05,86810.48,86810.48,0.655285
2025-05-05 14:45:00,86810.48,87897.05,86600.0,87802.06,0.168137
2025-05-05 15:00:00,87802.06,87897.05,86543.42,87897.05,3.693837
2025-05-05 15:15:00,87897.05,87897.05,86543.42,87897.05,0.958646
2025-05-05 15:30:00,87897.05,88547.1,87649.98,88445.0,0.241877
2025-05-05 15:45:00,88445.0,88547.1,88445.0,88547.1,0.01323
2025-05-05 16:00:00,88547.1,88547.1,87745.0,88547.1,0.146537
2025-05-05 16:15:00,88547.1,88547.1,86200.0,86600.0,3.519278
2025-05-05 16:30:00,86600.0,87177.55,86200.0,87177.55,3.464428
2025-05-05 16:45:00,87177.55,88547.1,87177.55,88547.1,0.372421
2025-05-05 17:00:00,88547.1,88547.1,88299.96,88299.96,0.260514
2025-05-05 17:15:00,88299.96,88547.1,88299.96,88547.1,0.00408
2025-05-05 17:30:00,88547.1,88547.1,88299.96,88299.96,0.003456
2025-05-05 17:45:00,88299.96,88547.1,88299.96,88299.96,0.240829
2025-05-05 18:00:00,88299.96,89200.0,88299.96,88600.0,6.770905
2025-05-05 18:15:00,88600.0,88600.0,86200.0,86432.12,5.023473
2025-05-05 18:30:00,86432.12,86810.48,86432.12,86810.48,0.017505
2025-05-05 18:45:00,86810.48,87200.0,86810.48,87200.0,0.023926
2025-05-05 19:00:00,87200.0,87649.98,86810.48,87649.98,0.039381
2025-05-05 19:15:00,87649.98,87800.0,87400.0,87800.0,0.016018
2025-05-05 19:30:00,87800.0,88027.33,87433.32,88027.33,0.018472
2025-05-05 19:45:00,88027.33,88396.98,87800.0,88396.98,0.448025
2025-05-05 20:00:00,88396.98,88396.98,88083.3,88396.98,0.020447
2025-05-05 20:15:00,88396.98,88396.98,88083.3,88396.98,0.003758
2025-05-05 20:30:00,88396.98,88396.98,88083.3,88396.98,0.010232
2025-05-05 20:45:00,88396.98,88396.98,88083.3,88396.98,0.003527
2025-05-05 21:00:00,88396.98,88396.98,88083.3,88396.98,0.002662
2025-05-05 21:15:00,88396.98,88396.98,88083.3,88396.98,0.00324
2025-05-05 21:30:00,88396.98,88396.98,88083.3,88083.3,0.002918
2025-05-05 21:45:00,88083.3,88396.98,88083.3,88396.98,0.004782
2025-05-05 22:00:00,88396.98,88396.98,88000.0,88299.96,0.009111
2025-05-05 22:15:00,88299.96,88299.96,88000.0,88000.0,0.005237
2025-05-05 22:30:00,88000.0,88396.98,88000.0,88083.3,0.007625
2025-05-05 22:45:00,88083.3,88396.98,88083.3,88396.98,0.006945
2025-05-05 23:00:00,88396.98,88396.98,88000.0,88299.96,0.009937
2025-05-05 23:15:00,88299.96,88396.98,88000.0,88396.98,0.008104
2025-05-05 23:30:00,88396.98,88396.98,88083.3,88396.98,0.87606
2025-05-05 23:45:00,88396.98,88396.98,88083.3,88396.98,0.749928
2025-05-06 00:00:00,88396.98,88396.98,87292.79,88396.98,2.294469
2025-05-06 00:15:00,88396.98,88547.1,88299.96,88547.1,0.912413
2025-05-06 00:30:00,88547.1,88547.1,88299.96,88299.96,0.004483
2025-05-06 00:45:00,88299.96,88547.1,88299.96,88547.1,0.003627
2025-05-06 01:00:00,88547.1,88547.1,88299.96,88547.1,0.008029
2025-05-06 01:15:00,88547.1,88547.1,88299.96,88547.1,0.004517
2025-05-06 01:30:00,88547.1,88547.1,88299.96,88547.1,0.020842
2025-05-06 01:45:00,88547.1,88547.1,88299.96,88547.1,0.006144
2025-05-06 02:00:00,88547.1,88547.1,88299.96,88547.1,0.017934
2025-05-06 02:15:00,88547.1,88547.1,88200.0,88547.1,0.018081
2025-05-06 02:30:00,88547.1,88547.1,88299.96,88345.0,0.005955
2025-05-06 02:45:00,88345.0,88547.1,88299.96,88547.1,0.020467
2025-05-06 03:00:00,88547.1,88547.1,88299.96,88299.96,0.010317
2025-05-06 03:15:00,88299.96,88547.1,88299.96,88547.1,0.007459
2025-05-06 03:30:00,88547.1,88547.1,88299.96,88547.1,0.07051
2025-05-06 03:45:00,88547.1,88547.1,88345.0,88547.1,0.005123
2025-05-06 04:00:00,88547.1,88547.1,88299.96,88345.0,0.01118
2025-05-06 04:15:00,88345.0,88547.1,88345.0,88547.1,0.006649
2025-05-06 04:30:00,88547.1,88547.1,88299.96,88547.1,0.026332
2025-05-06 04:45:00,88547.1,88547.1,88345.0,88547.1,0.010731
2025-05-06 05:00:00,88547.1,88547.1,88299.96,88547.1,0.011429
2025-05-06 05:15:00,88547.1,89001.78,88299.96,88949.94,4.989111
2025-05-06 05:30:00,88949.94,89001.78,88800.0,88900.0,0.130078
2025-05-06 05:45:00,88900.0,89001.78,88800.0,89001.78,0.005113
2025-05-06 06:00:00,89001.78,89001.78,88800.0,89001.78,0.012652
2025-05-06 06:15:00,89001.78,89001.78,88800.0,89001.78,0.009682
2025-05-06 06:30:00,89001.78,89001.78,88800.0,89001.78,0.009215
2025-05-06 06:45:00,89001.78,89001.78,88800.0,88800.0,0.14491
2025-05-06 07:00:00,88800.0,89001.78,88800.0,89001.78,0.015646
2025-05-06 07:15:00,89001.78,89001.78,88299.96,88600.0,0.33699
2025-05-06 07:30:00,88600.0,89001.78,88299.96,89001.78,1.658406
2025-05-06 07:45:00,89001.78,89001.78,88800.0,89001.78,0.01087
2025-05-06 08:00:00,89001.78,89001.78,88800.0,88866.24,0.023318
2025-05-06 08:15:00,88866.24,89001.78,88800.0,88928.28,0.020077
2025-05-06 08:30:00,88928.28,89001.78,88299.96,88673.6,0.256126
2025-05-06 08:45:00,88673.6,88673.6,88083.3,88357.51,2.884723
2025-05-06 09:00:00,88357.51,88357.51,88061.28,88155.68,0.032539
2025-05-06 09:15:00,88155.68,88357.51,88061.28,88254.73,0.05732
2025-05-06 09:30:00,88254.73,88357.51,88100.0,88260.0,0.048776
2025-05-06 09:45:00,88260.0,88357.51,87800.0,87920.63,0.084144
2025-05-06 10:00:00,87920.63,88295.0,87866.64,88000.0,0.064028
2025-05-06 10:15:00,88000.0,88357.51,88000.0,88357.51,0.064584
2025-05-06 10:30:00,88357.51,88357.51,88083.3,88277.53,0.055244
2025-05-06 10:45:00,88277.53,88357.51,88083.3,88083.3,0.0608
2025-05-06 11:00:00,88083.3,88357.51,88000.0,88076.82,0.084245
2025-05-06 11:15:00,88076.82,88299.95,87587.99,87587.99,1.512093
2025-05-06 11:30:00,87587.99,87866.64,87587.99,87600.0,0.01087
2025-05-06 11:45:00,87600.0,88083.3,87600.0,87800.0,0.03506
2025-05-06 12:00:00,87800.0,88200.0,87800.0,87866.64,0.080868
2025-05-06 12:15:00,87866.64,88357.51,87866.64,88281.79,0.315895
2025-05-06 12:30:00,88281.79,88357.51,88083.3,88176.49,0.06538
2025-05-06 12:45:00,88176.49,88357.51,88083.3,88257.67,0.083778
2025-05-06 13:00:00,88257.67,88357.51,88060.0,88357.51,0.111845
2025-05-06 13:15:00,88357.51,88357.51,87587.99,88276.4,0.161809
2025-05-06 13:30:00,88276.4,88357.51,88083.3,88357.51,0.180361
2025-05-06 13:45:00,88357.51,88357.51,87587.99,87857.4,0.178993
2025-05-06 14:00:00,87857.4,87931.24,87857.4,87931.24,0.061854
2025-05-06 14:15:00,87931.24,88000.0,87649.98,88000.0,0.062117
2025-05-06 14:30:00,88000.0,88083.3,87743.84,88083.3,0.071461
2025-05-06 14:45:00,88083.3,88083.3,87905.51,87924.62,0.060264
2025-05-06 15:00:00,87924.62,88083.3,87866.64,87945.51,0.074144
2025-05-06 15:15:00,87945.51,88083.3,87866.64,88008.99,0.074805
2025-05-06 15:30:00,88008.99,88083.3,87866.64,87946.1,0.077074
2025-05-06 15:45:00,87946.1,88083.3,87930.18,87969.67,0.075495
2025-05-06 16:00:00,87969.67,88083.3,87874.79,87965.46,0.050766
2025-05-06 16:15:00,87965.46,88083.3,87870.82,87988.14,0.334573
2025-05-06 16:30:00,87988.14,88031.28,87931.15,87966.36,0.15485
2025-05-06 16:45:00,87966.36,88031.28,87934.38,87992.07,0.057001
2025-05-06 17:00:00,87992.07,88031.28,87929.92,88001.04,0.071062
2025-05-06 17:15:00,88001.04,88031.28,87929.92,88031.28,1.032642
2025-05-06 17:30:00,88031.28,88083.3,87929.92,88083.3,2.750078
2025-05-06 17:45:00,88083.3,88083.3,87929.92,88083.3,0.222367
2025-05-06 18:00:00,88083.3,88357.51,87929.92,88000.0,0.58789
2025-05-06 18:15:00,88000.0,88299.96,88000.0,88000.0,0.005643
2025-05-06 18:30:00,88000.0,88299.96,88000.0,88200.0,0.00382
2025-05-06 18:45:00,88200.0,88357.51,88100.0,88100.0,0.571988
2025-05-06 19:00:00,88100.0,88656.77,86200.0,88276.4,23.998343
2025-05-06 19:15:00,88276.4,88656.77,88276.4,88555.0,0.165322
2025-05-06 19:30:00,88555.0,88656.77,86200.0,88555.0,3.008568
2025-05-06 19:45:00,88555.0,88656.77,86200.0,88656.77,2.986019
2025-05-06 20:00:00,88656.77,88656.77,88400.0,88656.77,0.026641
2025-05-06 20:15:00,88656.77,88656.77,88455.0,88656.77,0.009095
2025-05-06 20:30:00,88656.77,88656.77,88400.0,88500.0,0.007994
2025-05-06 20:45:00,88500.0,88656.77,88400.0,88400.0,0.006634
2025-05-06 21:00:00,88400.0,88656.77,87216.66,87600.0,0.115602
2025-05-06 21:15:00,87600.0,87600.0,87216.66,87400.0,0.010815
2025-05-06 21:30:00,87400.0,87649.98,87400.0,87400.0,0.006345
2025-05-06 21:45:00,87400.0,87700.0,87400.0,87700.0,0.006078
2025-05-06 22:00:00,87700.0,87700.0,87433.32,87700.0,0.010442
2025-05-06 22:15:00,87700.0,87700.0,87500.0,87700.0,0.003996
2025-05-06 22:30:00,87700.0,87700.0,87600.0,87700.0,0.004131
2025-05-06 22:45:00,87700.0,87700.0,87433.32,87700.0,0.006547
2025-05-06 23:00:00,87700.0,87700.0,87433.32,87700.0,0.005042
2025-05-06 23:15:00,87700.0,87700.0,87500.0,87600.0,0.102797
2025-05-06 23:30:00,87600.0,87700.0,87600.0,87600.0,0.003262
2025-05-06 23:45:00,87600.0,87700.0,87600.0,87600.0,0.004878
2025-05-07 00:00:00,87600.0,87700.0,87600.0,87700.0,0.006317
2025-05-07 00:15:00,87700.0,87700.0,87500.0,87500.0,0.005113
2025-05-07 00:30:00,87500.0,87700.0,87433.32,87611.72,0.004733
2025-05-07 00:45:00,87611.72,87650.0,87611.72,87650.0,0.003472
2025-05-07 01:00:00,87650.0,87700.0,87637.02,87700.0,0.003401
2025-05-07 01:15:00,87700.0,87700.0,87700.0,87700.0,0.004504
2025-05-07 01:30:00,87700.0,87700.0,87600.0,87600.0,0.100801
2025-05-07 01:45:00,87600.0,87700.0,87500.0,87687.07,0.033602
2025-05-07 02:00:00,87687.07,87700.0,87433.32,87433.32,0.00957
2025-05-07 02:15:00,87433.32,87700.0,87433.32,87500.0,0.011621
2025-05-07 02:30:00,87500.0,87700.0,87433.32,87600.0,0.004396
2025-05-07 02:45:00,87600.0,87700.0,87500.0,87700.0,0.008122
2025-05-07 03:00:00,87700.0,87700.0,87433.32,87700.0,0.004997
2025-05-07 03:15:00,87700.0,88656.77,87216.66,88656.77,0.940785
2025-05-07 03:30:00,88656.77,88656.77,88400.0,88656.77,0.005903
2025-05-07 03:45:00,88656.77,88656.77,88400.0,88400.0,0.006656
2025-05-07 04:00:00,88400.0,88500.0,88400.0,88400.0,0.00867
2025-05-07 04:15:00,88400.0,88656.77,88351.32,88351.32,0.010796
2025-05-07 04:30:00,88351.32,88656.77,88300.0,88500.0,0.014523
2025-05-07 04:45:00,88500.0,88656.77,88400.0,88400.0,0.028542
2025-05-07 05:00:00,88400.0,88656.77,88400.0,88529.91,0.017092
2025-05-07 05:15:00,88529.91,89200.0,88415.0,89150.0,13.269461
2025-05-07 05:30:00,89150.0,89150.0,88949.94,89150.0,0.006035
2025-05-07 05:45:00,89150.0,89150.0,88083.3,88516.62,0.102514
2025-05-07 06:00:00,88516.62,88733.28,88299.96,88500.0,0.014049
2025-05-07 06:15:00,88500.0,88733.28,88500.0,88733.28,0.005591
2025-05-07 06:30:00,88733.28,88800.0,88516.62,88635.0,0.004509
2025-05-07 06:45:00,88635.0,88800.0,88516.62,88800.0,0.005608
2025-05-07 07:00:00,88800.0,88894.4,88750.0,88894.4,0.013448
2025-05-07 07:15:00,88894.4,88949.94,88750.0,88795.0,0.006515
2025-05-07 07:30:00,88795.0,89150.0,88795.0,88950.0,0.061219
2025-05-07 07:45:00,88950.0,89150.0,88276.4,88276.4,0.060797
2025-05-07 08:00:00,88276.4,88516.62,87200.0,88200.0,4.343935
2025-05-07 08:15:00,88200.0,91983.18,87400.0,90600.0,3019.393893
2025-05-07 08:30:00,90600.0,91728.51,90200.0,91400.0,2.335761
2025-05-07 08:45:00,91400.0,91882.32,90318.05,91800.0,2.009755
2025-05-07 09:00:00,91800.0,92600.0,90789.31,91882.32,1.980249
2025-05-07 09:15:00,91882.32,92600.0,91176.45,91411.74,1.037463
2025-05-07 09:30:00,91411.74,92823.48,91411.74,92588.19,1.021779
2025-05-07 09:45:00,92588.19,92588.19,90705.87,92000.0,0.998348
2025-05-07 10:00:00,92000.0,93200.0,91411.74,92800.0,59.351207
2025-05-07 10:15:00,92800.0,93200.0,92633.16,92633.16,1.032488
2025-05-07 10:30:00,92633.16,93200.0,92633.16,93161.74,1.018324
2025-05-07 10:45:00,93161.74,93200.0,92633.16,92823.48,1.007475
2025-05-07 11:00:00,92823.48,93200.0,92633.16,92720.58,1.01395
2025-05-07 11:15:00,92720.58,93200.0,90929.47,91000.0,3.297879
2025-05-07 11:30:00,91000.0,91647.03,90500.0,91000.0,1.035703
2025-05-07 11:45:00,91000.0,92117.61,90500.0,91600.0,1.059402
2025-05-07 12:00:00,91600.0,91647.03,90235.29,91200.0,1.017532
2025-05-07 12:15:00,91200.0,92117.61,90000.0,90033.24,1.037375
2025-05-07 12:30:00,90033.24,91647.03,89453.18,91647.03,1.030888
2025-05-07 12:45:00,91647.03,92588.19,90705.87,91000.0,1.040325
2025-05-07 13:00:00,91000.0,91176.45,89400.0,90941.16,1.104911
2025-05-07 13:15:00,90941.16,91929.95,90400.0,91411.74,1.025029
2025-05-07 13:30:00,91411.74,93357.89,91100.0,93357.89,402.01568
2025-05-07 13:45:00,93357.89,94887.22,93058.77,94600.0,2546.281899
2025-05-07 14:00:00,94600.0,94887.22,93999.93,94000.0,1.048634
2025-05-07 14:15:00,94000.0,94470.51,93382.32,93529.35,1.002734
2025-05-07 14:30:00,93529.35,94235.22,93200.0,93529.35,1.036491
2025-05-07 14:45:00,93529.35,94887.22,93529.35,94799.76,1.045794
2025-05-07 15:00:00,94799.76,94926.38,93200.0,93800.0,1.007731
2025-05-07 15:15:00,93800.0,94941.09,93800.0,94200.0,1.002231
2025-05-07 15:30:00,94200.0,95200.0,94000.0,94926.38,2.304467
2025-05-07 15:45:00,94926.38,95200.0,94470.51,95146.96,1.001391
2025-05-07 16:00:00,95146.96,95200.0,94264.64,94470.51,1.057456
2025-05-07 16:15:00,94470.51,95200.0,94044.06,94485.22,2.161744
2025-05-07 16:30:00,94485.22,95146.96,94044.06,94800.0,1.000554
2025-05-07 16:45:00,94800.0,95176.38,94264.64,94366.44,1.002136
2025-05-07 17:00:00,94366.44,95176.38,94000.0,94705.8,1.004794
2025-05-07 17:15:00,94705.8,94941.09,93764.64,93800.0,1.117806
2025-05-07 17:30:00,93800.0,94705.8,93200.0,94470.51,1.20208
2025-05-07 17:45:00,94470.51,94925.43,93823.48,94400.0,1.011186
2025-05-07 18:00:00,94400.0,95200.0,94044.06,94926.38,1.038866
2025-05-07 18:15:00,94926.38,95200.0,93335.0,93335.0,1.232829
2025-05-07 18:30:00,93335.0,93764.64,91411.74,93000.0,1051.652604
2025-05-07 18:45:00,93000.0,94043.12,92600.0,93600.0,1.097697
2025-05-07 19:00:00,93600.0,94235.22,93200.0,93823.48,1.012568
2025-05-07 19:15:00,93823.48,94470.51,93602.9,93933.12,1.010556
2025-05-07 19:30:00,93933.12,94700.0,93529.35,94264.64,1.028212
2025-05-07 19:45:00,94264.64,95146.96,93200.0,94705.8,2.15725
2025-05-07 20:00:00,94705.8,95176.38,93999.93,94926.38,0.997744
2025-05-07 20:15:00,94926.38,95200.0,94235.22,94600.0,1.005227
2025-05-07 20:30:00,94600.0,94600.0,93529.35,93823.48,0.998051
2025-05-07 20:45:00,93823.48,95200.0,93823.48,94941.09,1.029196
2025-05-07 21:00:00,94941.09,95200.0,94200.0,94200.0,1.003039
2025-05-07 21:15:00,94200.0,94941.09,93602.9,94941.09,1.003331
2025-05-07 21:30:00,94941.09,95200.0,93800.0,94485.22,0.994076
2025-05-07 21:45:00,94485.22,95200.0,94235.22,94600.0,1.036982
2025-05-07 22:00:00,94600.0,95200.0,94366.44,94941.09,1.022955
2025-05-07 22:15:00,94941.09,95200.0,93382.32,94000.0,1.060679
2025-05-07 22:30:00,94000.0,95200.0,93933.12,95200.0,1.013113
2025-05-07 22:45:00,95200.0,95200.0,93764.64,94583.1,0.988901
2025-05-07 23:00:00,94583.1,95200.0,93999.93,94044.06,1.008911
2025-05-07 23:15:00,94044.06,95200.0,93602.9,94941.09,1.013643
2025-05-07 23:30:00,94941.09,94941.09,93529.35,94705.8,1.004411
2025-05-07 23:45:00,94705.8,95200.0,94235.22,94705.8,1.004068
2025-05-08 00:00:00,94705.8,94705.8,93716.46,94102.58,1.106737
2025-05-08 00:15:00,94102.58,95200.0,93200.0,94604.63,1.489315
2025-05-08 00:30:00,94604.63,95200.0,94264.64,94705.8,0.999853
2025-05-08 00:45:00,94705.8,95200.0,94235.22,94705.8,1.004614
2025-05-08 01:00:00,94705.8,95176.38,93764.64,94264.64,1.004035
2025-05-08 01:15:00,94264.64,94941.09,93602.9,94264.64,0.990611
2025-05-08 01:30:00,94264.64,94264.64,93300.0,93300.0,0.998686
2025-05-08 01:45:00,93300.0,95200.0,93294.06,95000.0,1.006172
2025-05-08 02:00:00,95000.0,95200.0,94200.0,94470.51,0.995991
2025-05-08 02:15:00,94470.51,94926.38,93823.48,94705.8,0.988718
2025-05-08 02:30:00,94705.8,95176.38,93529.35,94200.0,0.997716
2025-05-08 02:45:00,94200.0,94470.51,93200.0,93382.32,1.000038
2025-05-08 03:00:00,93382.32,95200.0,93382.32,94799.76,0.992742
2025-05-08 03:15:00,94799.76,95200.0,93999.93,94200.0,1.008497
2025-05-08 03:30:00,94200.0,95200.0,94149.78,94926.38,1.033007
2025-05-08 03:45:00,94926.38,95146.96,93200.0,94705.8,1.206599
2025-05-08 04:00:00,94705.8,95200.0,94485.22,95098.02,1.250235
2025-05-08 04:15:00,95098.02,95200.0,93529.35,93716.46,1.072161
2025-05-08 04:30:00,93716.46,94264.64,93200.0,93823.48,1.001473
2025-05-08 04:45:00,93823.48,94470.51,93200.0,94235.22,0.992709
2025-05-08 05:00:00,94235.22,95200.0,93602.9,93933.12,1.212649
2025-05-08 05:15:00,93933.12,94044.06,93200.0,93933.12,1.00025
2025-05-08 05:30:00,93933.12,94470.51,93294.06,93999.93,0.999535
2025-05-08 05:45:00,93999.93,95200.0,93200.0,94800.0,1.24026
2025-05-08 06:00:00,94800.0,94941.09,93382.32,93382.32,0.999781
2025-05-08 06:15:00,93382.32,94044.06,93200.0,93602.9,1.003147
2025-05-08 06:30:00,93602.9,95176.38,93602.9,94941.09,0.987178
2025-05-08 06:45:00,94941.09,95200.0,93200.0,95000.0,5.611176
2025-05-08 07:00:00,95000.0,95200.0,94264.64,94600.0,0.993625
2025-05-08 07:15:00,94600.0,95200.0,93999.93,95200.0,1.032535
2025-05-08 07:30:00,95200.0,95200.0,94200.0,94485.22,0.989052
2025-05-08 07:45:00,94485.22,95200.0,93823.48,95146.96,1.028559
2025-05-08 08:00:00,95146.96,95200.0,93999.93,94902.65,1.016256
2025-05-08 08:15:00,94902.65,95200.0,93200.0,93200.0,4.001025
2025-05-08 08:30:00,93200.0,94235.22,93200.0,93294.06,1.050025
2025-05-08 08:45:00,93294.06,94400.0,93200.0,93382.32,1.01531
2025-05-08 09:00:00,93382.32,94470.51,93382.32,93764.64,1.016397
2025-05-08 09:15:00,93764.64,96684.21,93400.0,96029.28,1596.220018
2025-05-08 09:30:00,96029.28,96684.21,95646.96,96352.83,1.014972
2025-05-08 09:45:00,96352.83,96684.21,95411.67,96590.89,1.012389
2025-05-08 10:00:00,96590.89,96684.21,93200.0,93499.8,2.484157
2025-05-08 10:15:00,93499.8,93999.93,93200.0,93294.06,2.007057
2025-05-08 10:30:00,93294.06,94235.22,93200.0,93382.32,1.015491
2025-05-08 10:45:00,93382.32,96733.75,93200.0,96382.57,76.453014
2025-05-08 11:00:00,96382.57,98900.0,96171.06,98014.5,225.167809
2025-05-08 11:15:00,98014.5,99999.72,97764.57,99349.62,6.323464
2025-05-08 11:30:00,99349.62,99779.14,96966.36,97999.86,10.815488
2025-05-08 11:45:00,97999.86,99625.29,97727.24,99566.28,1.300655
2025-05-08 12:00:00,99566.28,99626.07,99464.48,99464.48,0.016546
2025-05-08 12:15:00,99464.48,99621.78,99365.0,99621.77,0.021829
2025-05-08 12:30:00,99621.77,99646.89,99374.46,99374.46,0.015848
2025-05-08 12:45:00,99374.46,99475.0,98533.59,98863.59,6.266668
2025-05-08 13:00:00,98863.59,99295.0,98795.0,99232.09,0.087416
2025-05-08 13:15:00,99232.09,99318.13,99220.0,99318.13,0.00391
2025-05-08 13:30:00,99318.13,99318.13,99120.0,99120.0,0.003155
2025-05-08 13:45:00,99120.0,99999.6,98533.59,98941.02,0.738286
2025-05-08 14:00:00,98941.02,99318.13,98941.02,99120.0,0.003399
2025-05-08 14:15:00,99120.0,99349.62,99120.0,99349.62,0.02625
2025-05-08 14:30:00,99349.62,99558.56,99220.0,99558.56,0.043357
2025-05-08 14:45:00,99558.56,99779.14,99411.6,99411.6,0.097774
2025-05-08 15:00:00,99411.6,99772.67,99411.44,99484.95,0.028937
2025-05-08 15:15:00,99484.95,99999.94,99484.16,99999.94,0.087905
2025-05-08 15:30:00,99999.94,100580.74,97927.68,98201.42,2.257643
2025-05-08 15:45:00,98201.42,101641.11,97200.0,100877.23,33.190199
2025-05-08 16:00:00,100877.23,101176.11,100771.58,101025.0,0.028069
2025-05-08 16:15:00,101025.0,101045.2,100864.99,100925.0,0.012473
2025-05-08 16:30:00,100925.0,101045.2,100458.87,100919.11,0.137159
2025-05-08 16:45:00,100919.11,100955.41,100681.75,100681.75,0.048301
2025-05-08 17:00:00,100681.75,100955.41,100681.75,100682.76,0.016313
2025-05-08 17:15:00,100682.76,100955.41,100352.76,100454.48,0.147547
2025-05-08 17:30:00,100454.48,100688.99,98235.15,98636.32,72.507249
2025-05-08 17:45:00,98636.32,99545.4,98014.5,99132.96,1.473097
2025-05-08 18:00:00,99132.96,101529.21,98715.93,100823.34,1004.180316
2025-05-08 18:15:00,100823.34,101273.88,100823.34,101271.86,0.003773
2025-05-08 18:30:00,101271.86,101271.86,101070.0,101269.0,0.048766
2025-05-08 18:45:00,101269.0,101270.85,100636.94,100637.95,0.039729
2025-05-08 19:00:00,100637.95,100909.02,100637.95,100909.02,0.003923
2025-05-08 19:15:00,100909.02,100909.02,100810.0,100909.02,0.003132
2025-05-08 19:30:00,100909.02,100909.02,100710.0,100909.02,0.002386
2025-05-08 19:45:00,100909.02,101058.63,100681.75,101058.63,0.00768
2025-05-08 20:00:00,101058.63,101058.63,100681.75,101058.63,0.014133
2025-05-08 20:15:00,101058.63,101058.63,100960.0,101058.63,0.008129
2025-05-08 20:30:00,101058.63,101270.85,100860.0,101270.85,0.005276
2025-05-08 20:45:00,101270.85,101271.86,100885.0,101271.86,0.013134
2025-05-08 21:00:00,101271.86,101272.87,100870.0,101271.86,0.041007
2025-05-08 21:15:00,101271.86,101271.86,100823.34,100971.01,0.004957
2025-05-08 21:30:00,100971.01,101271.86,100971.01,101271.86,0.006559
2025-05-08 21:45:00,101271.86,101272.87,101170.0,101272.87,0.00561
2025-05-08 22:00:00,101272.87,101273.88,101175.0,101273.88,0.005064
2025-05-08 22:15:00,101273.88,101293.92,101175.0,101293.92,0.00915
2025-05-08 22:30:00,101293.92,101293.92,101000.0,101175.0,0.00858
2025-05-08 22:45:00,101175.0,101293.92,100975.0,101293.92,0.004466
2025-05-08 23:00:00,101293.92,101293.92,100971.01,101173.99,0.00396
2025-05-08 23:15:00,101173.99,101173.99,100090.16,100090.16,0.25594
2025-05-08 23:30:00,100090.16,100205.81,100090.16,100190.0,0.003261
2025-05-08 23:45:00,100190.0,100290.28,100090.16,100290.28,0.002868
2025-05-09 00:00:00,100290.28,100321.69,100090.16,100090.16,0.002687
2025-05-09 00:15:00,100090.16,100290.28,100090.16,100290.28,0.034887
2025-05-09 00:30:00,100290.28,100290.28,100290.0,100290.28,0.004864
2025-05-09 00:45:00,100290.28,100290.28,100290.0,100290.28,0.003979
2025-05-09 01:00:00,100290.28,100290.28,100290.0,100290.0,0.078975
2025-05-09 01:15:00,100290.0,100290.28,100290.0,100290.28,0.002775
2025-05-09 01:30:00,100290.28,100290.28,100290.0,100290.28,0.002335
2025-05-09 01:45:00,100290.28,100290.28,100290.0,100290.28,0.003879
2025-05-09 02:00:00,100290.28,100290.28,100290.0,100290.28,0.024904
2025-05-09 02:15:00,100290.28,100290.28,100290.0,100290.0,0.004262
2025-05-09 02:30:00,100290.0,100290.28,100290.0,100290.28,0.002521
2025-05-09 02:45:00,100290.28,100290.28,100290.0,100290.28,0.003586
2025-05-09 03:00:00,100290.28,100290.28,100290.0,100290.0,0.010376
2025-05-09 03:15:00,100290.0,100290.28,100290.0,100290.0,0.052783
2025-05-09 03:30:00,100290.0,100290.28,100290.0,100290.28,0.026318
2025-05-09 03:45:00,100290.28,100290.28,100290.0,100290.28,0.004826
2025-05-09 04:00:00,100290.28,100290.28,100290.0,100290.28,0.006442
2025-05-09 04:15:00,100290.28,100290.28,100290.0,100290.0,0.00589
2025-05-09 04:30:00,100290.0,100290.28,100290.0,100290.0,0.011393
2025-05-09 04:45:00,100290.0,101058.63,100090.16,100353.77,3.026654
2025-05-09 05:00:00,100353.77,100823.34,100117.47,100692.28,0.215823
2025-05-09 05:15:00,100692.28,102050.0,100090.16,100588.05,1.703864
2025-05-09 05:30:00,100588.05,100588.05,100585.18,100588.05,0.003552
2025-05-09 05:45:00,100588.05,101058.63,100090.16,101058.63,0.272225
2025-05-09 06:00:00,101058.63,101058.63,101057.6,101057.6,0.005138
2025-05-09 06:15:00,101057.6,101057.61,101050.46,101057.61,0.006137
2025-05-09 06:30:00,101057.61,101057.61,101050.46,101057.6,0.005563
2025-05-09 06:45:00,101057.6,102045.37,100681.75,102045.37,0.339139
2025-05-09 07:00:00,102045.37,103368.42,101818.1,103368.42,421.11621
2025-05-09 07:15:00,103368.42,103368.42,103270.0,103338.01,0.006835
2025-05-09 07:30:00,103338.01,103368.42,101833.86,102903.71,1.47317
2025-05-09 07:45:00,102903.71,103368.42,101833.86,102867.26,1.720479
2025-05-09 08:00:00,102867.26,103368.42,102867.26,103368.42,0.07916
2025-05-09 08:15:00,103368.42,103368.42,103259.28,103368.42,0.056008
2025-05-09 08:30:00,103368.42,103368.42,102861.66,102866.23,0.32205
2025-05-09 08:45:00,102866.23,103176.24,102681.64,103025.82,0.279029
2025-05-09 09:00:00,103025.82,103140.83,102779.28,102797.19,1.002514
2025-05-09 09:15:00,102797.19,102954.45,101833.86,102954.45,1.314312
2025-05-09 09:30:00,102954.45,103168.67,102560.52,102560.52,0.105039
2025-05-09 09:45:00,102560.52,102762.19,102560.52,102739.07,0.004026
2025-05-09 10:00:00,102739.07,103181.72,102636.37,103181.72,0.110687
2025-05-09 10:15:00,103181.72,103368.42,103010.78,103181.11,0.299821
2025-05-09 10:30:00,103181.11,103368.42,103081.49,103195.0,0.080311
2025-05-09 10:45:00,103195.0,103368.42,103180.14,103213.1,0.659789
2025-05-09 11:00:00,103213.1,103736.84,103180.14,103440.18,95.0496
2025-05-09 11:15:00,103440.18,103548.37,103014.73,103117.81,0.110522
2025-05-09 11:30:00,103117.81,103181.65,102903.93,103017.22,0.05741
2025-05-09 11:45:00,103017.22,103066.3,102914.24,103066.3,0.004472
2025-05-09 12:00:00,103066.3,103736.84,102016.13,102355.71,4.668091
2025-05-09 12:15:00,102355.71,103411.53,102016.13,103069.79,0.5986
2025-05-09 12:30:00,103069.79,103736.84,102705.66,102990.0,1.843432
2025-05-09 12:45:00,102990.0,103207.8,102990.0,103196.76,0.00491
2025-05-09 13:00:00,103196.76,104897.59,102940.95,104800.0,571.454221
2025-05-09 13:15:00,104800.0,105210.52,103184.7,103545.0,119.414826
2025-05-09 13:30:00,103545.0,103555.87,103445.0,103445.0,0.003128
2025-05-09 13:45:00,103445.0,103676.38,103411.53,103411.53,0.044178
2025-05-09 14:00:00,103411.53,103775.0,103411.53,103775.0,0.003406
2025-05-09 14:15:00,103775.0,103821.64,103184.7,103184.7,0.044622
2025-05-09 14:30:00,103184.7,103636.26,103184.7,103285.0,0.003506
2025-05-09 14:45:00,103285.0,103485.0,103023.47,103408.99,0.754157
2025-05-09 15:00:00,103408.99,103408.99,103023.47,103310.0,0.086291
2025-05-09 15:15:00,103310.0,105210.52,102724.33,104823.27,26.046411
2025-05-09 15:30:00,104823.27,105210.52,102582.46,103176.24,6.6164
2025-05-09 15:45:00,103176.24,103176.24,102840.0,103176.24,0.005871
2025-05-09 16:00:00,103176.24,103181.72,102481.29,102501.07,1.05271
2025-05-09 16:15:00,102501.07,102866.23,102182.15,102473.35,0.291134
2025-05-09 16:30:00,102473.35,104071.69,102473.35,102940.95,2.144133
2025-05-09 16:45:00,102940.95,103140.0,102622.85,102622.85,0.048465
2025-05-09 17:00:00,102622.85,103181.72,102547.76,103181.72,0.080126
2025-05-09 17:15:00,103181.72,103636.26,102954.45,103636.26,0.195079
2025-05-09 17:30:00,103636.26,103636.26,103176.24,103624.47,0.189068
2025-05-09 17:45:00,103624.47,103646.82,103190.0,103636.26,0.215111
2025-05-09 18:00:00,103636.26,103646.82,103190.0,103235.0,0.221093
2025-05-09 18:15:00,103235.0,103646.82,103235.0,103235.0,0.017573
2025-05-09 18:30:00,103235.0,103636.26,103222.52,103636.26,0.004753
2025-05-09 18:45:00,103636.26,103787.45,102397.15,102954.47,0.637122
2025-05-09 19:00:00,102954.47,103263.63,102954.45,102954.61,0.047754
2025-05-09 19:15:00,102954.61,103365.0,102954.45,102954.45,0.009056
2025-05-09 19:30:00,102954.45,103365.0,102954.45,103260.0,0.00194
2025-05-09 19:45:00,103260.0,103360.0,103060.0,103060.01,0.00393
2025-05-09 20:00:00,103060.01,103787.45,102727.18,103787.45,2.092327
2025-05-09 20:15:00,103787.45,103787.45,102866.23,102984.83,2.236691
2025-05-09 20:30:00,102984.83,103787.45,102397.15,103408.99,7.899495
2025-05-09 20:45:00,103408.99,103646.82,102470.37,102955.58,1.214214
2025-05-09 21:00:00,102955.58,103646.82,102499.91,102954.45,2.740089
2025-05-09 21:15:00,102954.45,103636.26,102705.66,103240.0,0.793649
2025-05-09 21:30:00,103240.0,103365.0,102954.45,103064.99,0.005056
2025-05-09 21:45:00,103064.99,103365.0,102965.0,103171.03,0.003312
2025-05-09 22:00:00,103171.03,103171.03,102954.45,103160.38,0.003922
2025-05-09 22:15:00,103160.38,103365.0,102954.45,103365.0,0.003099
2025-05-09 22:30:00,103365.0,103408.99,103065.04,103070.0,0.003635
2025-05-09 22:45:00,103070.0,103370.0,102397.15,102954.45,0.883792
2025-05-09 23:00:00,102954.45,103411.53,102705.97,102976.17,0.174837
2025-05-09 23:15:00,102976.17,103503.17,102976.17,103181.72,0.270675
2025-05-09 23:30:00,103181.72,103450.57,102976.16,102980.1,0.271172
2025-05-09 23:45:00,102980.1,103649.49,102980.0,103545.85,0.266369
2025-05-10 00:00:00,103545.85,103646.82,103165.0,103165.0,0.226605
2025-05-10 00:15:00,103165.0,103408.99,102397.15,102499.91,0.802008
2025-05-10 00:30:00,102499.91,102940.95,102499.91,102904.79,0.033563
2025-05-10 00:45:00,102904.79,102940.95,102548.79,102641.4,0.005217
2025-05-10 01:00:00,102641.4,102939.92,102548.8,102939.92,0.005653
2025-05-10 01:15:00,102939.92,102940.95,102840.0,102940.95,0.012781
2025-05-10 01:30:00,102940.95,103140.0,102840.01,102841.04,0.055778
2025-05-10 01:45:00,102841.04,103640.0,102841.04,103184.7,0.112788
2025-05-10 02:00:00,103184.7,103385.0,103085.04,103085.04,0.043058
2025-05-10 02:15:00,103085.04,103408.99,103085.0,103408.99,0.006091
2025-05-10 02:30:00,103408.99,103408.99,103095.0,103200.0,0.002883
2025-05-10 02:45:00,103200.0,103408.99,103200.0,103406.43,0.002869
2025-05-10 03:00:00,103406.43,103406.43,103100.03,103306.22,0.001638
2025-05-10 03:15:00,103306.22,103408.99,103100.0,103408.99,0.004038
2025-05-10 03:30:00,103408.99,103408.99,103200.0,103300.0,0.002703
2025-05-10 03:45:00,103300.0,103408.99,102954.45,103408.99,0.005749
2025-05-10 04:00:00,103408.99,103408.99,102954.45,103190.0,0.005072
2025-05-10 04:15:00,103190.0,103328.45,102954.45,102954.45,0.005489
2025-05-10 04:30:00,102954.45,103361.03,102954.45,102954.45,0.002865
2025-05-10 04:45:00,102954.45,103411.53,102954.45,103411.53,0.010625
2025-05-10 05:00:00,103411.53,103411.53,103310.0,103310.0,0.002145
2025-05-10 05:15:00,103310.0,103411.53,103310.0,103411.53,0.004623
2025-05-10 05:30:00,103411.53,103411.53,103210.0,103310.0,0.00628
2025-05-10 05:45:00,103310.0,103503.17,103310.0,103503.17,0.011992
2025-05-10 06:00:00,103503.17,103503.17,103210.0,103210.0,0.002658
2025-05-10 06:15:00,103210.0,103605.0,103210.0,103605.0,0.006661
2025-05-10 06:30:00,103605.0,103787.45,103405.0,103610.0,0.02608
2025-05-10 06:45:00,103610.0,103787.45,103411.53,103787.45,0.003143
2025-05-10 07:00:00,103787.45,103882.11,103411.53,103882.11,0.896066
2025-05-10 07:15:00,103882.11,103882.11,103780.0,103780.0,0.003244
2025-05-10 07:30:00,103780.0,103882.11,103580.0,103580.0,0.002808
2025-05-10 07:45:00,103580.0,103882.11,103580.0,103580.0,0.002716
2025-05-10 08:00:00,103580.0,104000.0,103580.0,104000.0,0.059542
2025-05-10 08:15:00,104000.0,104051.44,103680.0,104051.44,0.00646
2025-05-10 08:30:00,104051.44,104090.8,103646.82,104090.8,0.032
2025-05-10 08:45:00,104090.8,104117.4,103646.82,104077.78,0.03872
2025-05-10 09:00:00,104077.78,104077.78,103550.0,103850.0,0.010428
2025-05-10 09:15:00,103850.0,103882.11,103503.17,103503.17,0.006398
2025-05-10 09:30:00,103503.17,103882.11,103503.17,103882.11,0.002571
2025-05-10 09:45:00,103882.11,103882.11,103503.17,103503.17,0.011254
2025-05-10 10:00:00,103503.17,103882.11,103503.17,103780.0,0.002116
2025-05-10 10:15:00,103780.0,103882.11,103780.0,103780.0,0.005302
2025-05-10 10:30:00,103780.0,103882.11,103580.0,103580.0,0.088487
2025-05-10 10:45:00,103580.0,103882.11,103503.17,103670.65,0.007529
2025-05-10 11:00:00,103670.65,103965.0,103665.68,103965.0,0.007574
2025-05-10 11:15:00,103965.0,104060.62,103665.68,103665.68,0.004812
2025-05-10 11:30:00,103665.68,104090.8,103580.0,103882.11,0.042899
2025-05-10 11:45:00,103882.11,103882.11,103503.17,103882.11,0.003198
2025-05-10 12:00:00,103882.11,103882.11,103503.17,103503.17,0.005744
2025-05-10 12:15:00,103503.17,103882.11,103503.17,103580.0,0.005294
2025-05-10 12:30:00,103580.0,103882.11,103580.0,103882.11,0.003272
2025-05-10 12:45:00,103882.11,103882.11,103780.0,103882.11,0.003231
2025-05-10 13:00:00,103882.11,104117.4,102797.76,103184.7,1.251202
2025-05-10 13:15:00,103184.7,104294.05,102797.76,103411.53,1.463699
2025-05-10 13:30:00,103411.53,104294.05,103135.76,103405.0,1.473883
2025-05-10 13:45:00,103405.0,103949.38,103181.72,103636.26,0.198583
2025-05-10 14:00:00,103636.26,103949.38,103227.26,103948.34,0.934491
2025-05-10 14:15:00,103948.34,103948.34,103632.6,103882.11,0.048394
2025-05-10 14:30:00,103882.11,104695.57,103580.0,104061.58,2.090197
2025-05-10 14:45:00,104061.58,104061.58,103626.43,103626.43,0.026753
2025-05-10 15:00:00,103626.43,104695.57,102912.05,104079.61,2.227031
2025-05-10 15:15:00,104079.61,104695.57,102912.05,104060.37,10.23891
2025-05-10 15:30:00,104060.37,104060.37,103426.31,103426.31,0.183074
2025-05-10 15:45:00,103426.31,103821.64,103426.31,103426.31,0.003811
2025-05-10 16:00:00,103426.31,104695.57,103411.53,103882.11,0.899151
2025-05-10 16:15:00,103882.11,103882.11,103411.53,103620.0,0.016781
2025-05-10 16:30:00,103620.0,103821.64,103520.0,103720.0,0.002164
2025-05-10 16:45:00,103720.0,103821.64,103520.0,103520.0,0.003667
2025-05-10 17:00:00,103520.0,103821.64,103420.0,103646.82,0.009583
2025-05-10 17:15:00,103646.82,103821.64,103411.53,103411.53,0.029979
2025-05-10 17:30:00,103411.53,104695.57,103411.53,103860.0,5.032455
2025-05-10 17:45:00,103860.0,104090.8,103475.41,103475.41,0.038252
2025-05-10 18:00:00,103475.41,103675.0,103411.53,103675.0,0.002618
2025-05-10 18:15:00,103675.0,103775.0,103411.53,103610.0,0.003778
2025-05-10 18:30:00,103610.0,103636.26,103306.92,103410.0,0.417693
2025-05-10 18:45:00,103410.0,103610.0,103306.92,103306.92,0.00509
2025-05-10 19:00:00,103306.92,103636.26,103306.92,103435.0,0.010032
2025-05-10 19:15:00,103435.0,103646.82,103335.0,103646.82,0.004907
2025-05-10 19:30:00,103646.82,103646.82,103408.99,103545.0,0.002413
2025-05-10 19:45:00,103545.0,103646.82,103545.0,103545.0,0.003057
2025-05-10 20:00:00,103545.0,103646.82,103306.92,103306.92,0.022525
2025-05-10 20:15:00,103306.92,103636.26,103306.92,103503.17,0.007556
2025-05-10 20:30:00,103503.17,103646.82,103503.17,103646.82,0.003739
2025-05-10 20:45:00,103646.82,104598.99,103115.13,104598.99,31.013525
2025-05-10 21:00:00,104598.99,104598.99,104352.69,104598.99,0.017184
2025-05-10 21:15:00,104598.99,104598.99,104352.69,104598.99,0.005371
2025-05-10 21:30:00,104598.99,104598.99,104352.69,104455.0,0.011508
2025-05-10 21:45:00,104455.0,104598.99,104352.69,104352.69,0.004299
2025-05-10 22:00:00,104352.69,104598.99,104352.69,104352.69,0.009401
2025-05-10 22:15:00,104352.69,104598.99,104352.69,104352.69,0.006445
2025-05-10 22:30:00,104352.69,104598.99,104352.69,104455.0,0.002273
2025-05-10 22:45:00,104455.0,104598.99,104352.69,104352.69,0.003505
2025-05-10 23:00:00,104352.69,104598.99,104352.69,104598.99,0.007848
2025-05-10 23:15:00,104598.99,104598.99,103115.13,104352.69,8.368843
2025-05-10 23:30:00,104352.69,104598.99,104134.03,104360.0,0.046132
2025-05-10 23:45:00,104360.0,104587.98,104318.07,104587.98,0.046289
2025-05-11 00:00:00,104587.98,104598.99,104352.69,104352.69,0.0186
2025-05-11 00:15:00,104352.69,104598.99,104299.97,104299.97,0.039142
2025-05-11 00:30:00,104299.97,104545.34,104140.11,104140.18,0.014219
2025-05-11 00:45:00,104140.18,104598.99,104140.11,104598.99,0.066998
2025-05-11 01:00:00,104598.99,104598.99,104255.0,104255.04,0.123854
2025-05-11 01:15:00,104255.04,104545.34,104155.0,104155.02,0.03567
2025-05-11 01:30:00,104155.02,104598.99,104155.0,104455.0,0.050202
2025-05-11 01:45:00,104455.0,104598.99,104117.45,104318.07,0.226847
2025-05-11 02:00:00,104318.07,104545.34,103920.0,103920.0,0.155103
2025-05-11 02:15:00,103920.0,104352.69,103882.11,104090.8,0.035752
2025-05-11 02:30:00,104090.8,104352.69,104090.8,104090.8,0.00837
2025-05-11 02:45:00,104090.8,104352.69,103649.49,104012.69,0.063282
2025-05-11 03:00:00,104012.69,104090.8,103646.82,103649.52,0.011187
2025-05-11 03:15:00,103649.52,104090.8,103646.82,103646.92,0.049434
2025-05-11 03:30:00,103646.92,103950.0,103646.85,103646.87,0.041209
2025-05-11 03:45:00,103646.87,104060.62,103646.85,103647.0,0.063985
2025-05-11 04:00:00,103647.0,104145.0,103646.82,103882.23,0.100832
2025-05-11 04:15:00,103882.23,104280.0,103882.11,103882.16,0.062038
2025-05-11 04:30:00,103882.16,104318.07,103882.11,103882.15,0.008297
2025-05-11 04:45:00,103882.15,104318.07,103882.11,104318.07,0.008258
2025-05-11 05:00:00,104318.07,104318.07,103882.11,104089.92,0.014774
2025-05-11 05:15:00,104089.92,104318.07,103882.11,103882.11,0.005192
2025-05-11 05:30:00,103882.11,104318.07,103882.11,103980.0,0.004183
2025-05-11 05:45:00,103980.0,104090.8,103821.64,103821.64,0.042595
2025-05-11 06:00:00,103821.64,104117.4,103720.0,104090.8,0.025726
2025-05-11 06:15:00,104090.8,104090.8,103649.49,103649.56,0.035397
2025-05-11 06:30:00,103649.56,104060.62,103646.82,103745.0,0.03697
2025-05-11 06:45:00,103745.0,103945.0,103646.82,103646.83,0.00415
2025-05-11 07:00:00,103646.83,104090.8,103646.82,103650.41,0.012545
2025-05-11 07:15:00,103650.41,104090.8,103646.82,103760.0,0.00731
2025-05-11 07:30:00,103760.0,104090.8,103503.17,103503.17,0.031353
2025-05-11 07:45:00,103503.17,103876.57,103503.17,103876.57,0.003726
2025-05-11 08:00:00,103876.57,103882.11,103675.0,103882.11,0.007909
2025-05-11 08:15:00,103882.11,103882.11,103647.86,103875.0,0.004377
2025-05-11 08:30:00,103875.0,104090.8,103834.96,104090.8,0.022224
2025-05-11 08:45:00,104090.8,104598.99,103115.13,104044.83,15.40042
2025-05-11 09:00:00,104044.83,104318.07,104020.0,104318.07,0.011682
2025-05-11 09:15:00,104318.07,104318.07,104020.0,104318.07,0.003362
2025-05-11 09:30:00,104318.07,104598.99,103411.53,104240.0,0.746161
2025-05-11 09:45:00,104240.0,104318.07,103115.13,104140.11,1.152425
2025-05-11 10:00:00,104140.11,104265.0,104129.7,104254.57,0.015086
2025-05-11 10:15:00,104254.57,104598.99,103882.11,104318.07,0.399987
2025-05-11 10:30:00,104318.07,104318.07,104205.0,104305.52,0.003071
2025-05-11 10:45:00,104305.52,104352.69,104292.99,104352.69,1.013578
2025-05-11 11:00:00,104352.69,104545.34,104342.25,104545.34,0.05256
2025-05-11 11:15:00,104545.34,104545.34,103115.13,104318.07,1.159179
2025-05-11 11:30:00,104318.07,104628.69,104117.4,104393.13,0.192625
2025-05-11 11:45:00,104393.13,104455.77,104382.69,104436.81,0.016669
2025-05-11 12:00:00,104436.81,104645.0,104436.81,104645.0,0.414038
2025-05-11 12:15:00,104645.0,104772.61,104634.54,104762.13,0.018469
2025-05-11 12:30:00,104762.13,104772.61,104675.0,104691.74,0.0359
2025-05-11 12:45:00,104691.74,104772.61,104680.29,104759.54,0.012092
2025-05-11 13:00:00,104759.54,104770.02,103863.53,104555.78,1.128267
2025-05-11 13:15:00,104555.78,104555.78,104451.84,104462.29,0.019252
2025-05-11 13:30:00,104462.29,104555.78,104255.0,104452.84,0.02523
2025-05-11 13:45:00,104452.84,104455.0,104117.4,104117.4,0.051255
2025-05-11 14:00:00,104117.4,104127.81,103299.25,103821.64,1.063672
2025-05-11 14:15:00,103821.64,103853.84,103807.8,103853.84,0.02342
2025-05-11 14:30:00,103853.84,104117.4,103843.45,103990.11,0.052765
2025-05-11 14:45:00,103990.11,104117.4,103863.53,103863.61,0.057317
2025-05-11 15:00:00,103863.61,104318.07,103807.8,103975.2,0.093674
2025-05-11 15:15:00,103975.2,104458.58,103975.15,104274.07,0.09604
2025-05-11 15:30:00,104274.07,104587.98,104090.8,104396.42,0.235772
2025-05-11 15:45:00,104396.42,105578.94,103588.15,104318.52,81.514324
2025-05-11 16:00:00,104318.52,104420.0,104167.37,104177.79,0.028533
2025-05-11 16:15:00,104177.79,104177.79,103588.15,103649.54,0.949671
2025-05-11 16:30:00,103649.54,104090.8,103649.51,104080.39,0.028708
2025-05-11 16:45:00,104080.39,104090.8,103990.0,104021.2,0.041812
2025-05-11 17:00:00,104021.2,104318.07,103770.0,103863.55,0.142045
2025-05-11 17:15:00,103863.55,104464.45,103646.82,104090.8,0.557712
2025-05-11 17:30:00,104090.8,104352.69,103588.15,104090.8,1.019768
2025-05-11 17:45:00,104090.8,104090.8,103646.82,103649.58,0.068711
2025-05-11 18:00:00,103649.58,104090.8,103646.82,103646.82,0.059524
2025-05-11 18:15:00,103646.82,104117.4,103646.82,104015.0,0.006076
2025-05-11 18:30:00,104015.0,105578.94,103915.0,105578.94,0.94153
2025-05-11 18:45:00,105578.94,105578.94,105293.85,105578.94,0.003996
2025-05-11 19:00:00,105578.94,105578.94,105293.85,105293.85,0.015283
2025-05-11 19:15:00,105293.85,105578.94,105293.85,105495.0,0.00747
2025-05-11 19:30:00,105495.0,105578.94,105293.85,105293.85,0.004142
2025-05-11 19:45:00,105293.85,105578.94,105293.85,105578.94,0.003451
2025-05-11 20:00:00,105578.94,105578.94,105293.85,105293.88,0.010467
2025-05-11 20:15:00,105293.88,105578.94,105293.86,105480.0,0.005084
2025-05-11 20:30:00,105480.0,105578.94,105380.0,105380.0,0.002753
2025-05-11 20:45:00,105380.0,105578.94,105293.86,105578.94,0.013962
2025-05-11 21:00:00,105578.94,105578.94,105293.86,105578.94,0.00719
2025-05-11 21:15:00,105578.94,105578.94,105479.94,105578.94,0.004577
2025-05-11 21:30:00,105578.94,105578.94,105380.0,105380.0,0.003453
2025-05-11 21:45:00,105380.0,105578.94,103588.15,103882.11,1.010678
2025-05-11 22:00:00,103882.11,103882.11,103588.15,103882.11,0.007894
2025-05-11 22:15:00,103882.11,103882.11,103588.15,103588.15,0.003628
2025-05-11 22:30:00,103588.15,103590.24,103588.15,103588.15,0.002501
2025-05-11 22:45:00,103588.15,103591.18,103588.15,103591.18,0.003561
2025-05-11 23:00:00,103591.18,103882.11,103588.15,103588.15,0.008874
2025-05-11 23:15:00,103588.15,104090.8,103588.15,103662.26,0.026125
2025-05-11 23:30:00,103662.26,103760.01,103662.26,103760.0,0.002501
2025-05-11 23:45:00,103760.0,103761.01,103588.15,103588.15,1.727703
2025-05-12 00:00:00,103588.15,103882.11,103588.15,103588.15,0.637786
2025-05-12 00:15:00,103588.15,105578.94,103588.15,105293.85,1.74374
2025-05-12 00:30:00,105293.85,105578.94,103588.15,103588.15,1.349749
2025-05-12 00:45:00,103588.15,104587.98,103588.15,104318.14,0.683522
2025-05-12 01:00:00,104318.14,104999.88,104318.07,104588.01,0.135404
2025-05-12 01:15:00,104588.01,104999.88,104545.34,104772.61,0.046775
2025-05-12 01:30:00,104772.61,104772.61,104074.97,104318.07,0.106813
2025-05-12 01:45:00,104318.07,104318.07,104120.0,104120.0,0.003139
2025-05-12 02:00:00,104120.0,104318.07,104120.0,104220.01,0.008007
2025-05-12 02:15:00,104220.01,104352.69,104120.04,104220.0,0.005339
2025-05-12 02:30:00,104220.0,104352.69,104090.8,104155.0,0.007494
2025-05-12 02:45:00,104155.0,104155.01,104074.92,104074.94,0.013704
2025-05-12 03:00:00,104074.94,104318.07,103975.0,104136.01,0.02187
2025-05-12 03:15:00,104136.01,104318.07,103975.0,104120.0,0.004223
2025-05-12 03:30:00,104120.0,104318.07,104020.0,104318.07,0.005109
2025-05-12 03:45:00,104318.07,104318.07,104020.0,104020.05,0.005695
2025-05-12 04:00:00,104020.05,104318.07,103588.15,103649.55,1.090705
2025-05-12 04:15:00,103649.55,104117.4,103649.5,103863.57,0.070879
2025-05-12 04:30:00,103863.57,104117.4,103863.53,103863.61,0.044335
2025-05-12 04:45:00,103863.61,104117.4,103765.0,103765.02,0.145912
2025-05-12 05:00:00,103765.02,104090.8,103665.01,103665.16,0.066988
2025-05-12 05:15:00,103665.16,104117.4,103665.01,104117.4,0.009894
2025-05-12 05:30:00,104117.4,104117.4,103915.0,103915.05,0.004861
2025-05-12 05:45:00,103915.05,104117.4,103915.0,104117.4,0.017031
2025-05-12 06:00:00,104117.4,104120.04,103915.0,104120.04,0.007177
2025-05-12 06:15:00,104120.04,104120.04,104004.37,104020.01,0.231008
2025-05-12 06:30:00,104020.01,104823.27,104020.0,104584.22,0.39999
2025-05-12 06:45:00,104584.22,104772.61,104510.0,104530.71,0.042593
2025-05-12 07:00:00,104530.71,105578.94,104510.0,105293.92,0.205444
2025-05-12 07:15:00,105293.92,105578.94,105293.85,105335.48,0.052626
2025-05-12 07:30:00,105335.48,106150.09,104823.27,104823.27,214.37515
2025-05-12 07:45:00,104823.27,105195.0,104509.1,104772.61,0.495929
2025-05-12 08:00:00,104772.61,104772.61,104452.38,104500.57,0.032012
2025-05-12 08:15:00,104500.57,104943.11,103882.11,103897.88,1.268175
2025-05-12 08:30:00,103897.88,104628.69,103382.21,104511.3,1.311935
2025-05-12 08:45:00,104511.3,104740.0,104511.3,104547.03,0.235005
2025-05-12 09:00:00,104547.03,105224.25,103402.71,104924.42,1.408367
2025-05-12 09:15:00,104924.42,104934.61,104587.98,104872.29,0.017535
2025-05-12 09:30:00,104872.29,104990.0,104590.0,104790.0,0.007159
2025-05-12 09:45:00,104790.0,104919.47,104676.54,104919.47,0.008234
2025-05-12 10:00:00,104919.47,104919.47,104567.89,104567.89,0.147194
2025-05-12 10:15:00,104567.89,104823.27,104482.98,104700.23,0.084507
2025-05-12 10:30:00,104700.23,105058.56,104418.58,104753.39,0.227354
2025-05-12 10:45:00,104753.39,104823.27,104545.34,104823.27,0.067856
2025-05-12 11:00:00,104823.27,104999.88,104545.34,104900.69,0.026831
2025-05-12 11:15:00,104900.69,104999.88,104587.98,104826.12,0.081907
2025-05-12 11:30:00,104826.12,104826.53,104533.67,104533.67,0.213916
2025-05-12 11:45:00,104533.67,105224.25,103382.21,103965.4,2.34533
2025-05-12 12:00:00,103965.4,105224.25,103882.11,104545.34,1.487921
2025-05-12 12:15:00,104545.34,104545.34,103382.21,104090.8,1.483582
2025-05-12 12:30:00,104090.8,105224.25,104000.0,104614.51,1.230965
2025-05-12 12:45:00,104614.51,104645.0,103382.21,103775.74,2.644386
2025-05-12 13:00:00,103775.74,105224.25,103775.74,104823.27,1.395525
2025-05-12 13:15:00,104823.27,104823.27,103382.21,104157.45,1.440446
2025-05-12 13:30:00,104157.45,105224.25,103382.21,103677.25,2.472779
2025-05-12 13:45:00,103677.25,105224.25,103646.82,104762.05,1.365197
2025-05-12 14:00:00,104762.05,104897.57,104117.4,104379.17,1.166671
2025-05-12 14:15:00,104379.17,104446.85,103735.97,103735.97,0.128695
2025-05-12 14:30:00,103735.97,103965.81,103382.21,103485.04,3.096563
2025-05-12 14:45:00,103485.04,105224.25,103382.21,104832.92,2.087633
2025-05-12 15:00:00,104832.92,105140.0,103382.21,103608.08,1.537355
2025-05-12 15:15:00,103608.08,105224.25,103382.21,105224.25,1.076135
2025-05-12 15:30:00,105224.25,105224.25,104834.64,104900.59,0.003441
2025-05-12 15:45:00,104900.59,104900.59,103382.21,103583.16,1.056318
2025-05-12 16:00:00,103583.16,105224.25,103382.21,105122.25,1.073572
2025-05-12 16:15:00,105122.25,105224.25,103382.21,103382.21,1.183035
2025-05-12 16:30:00,103382.21,104117.4,103382.21,103382.21,1.222125
2025-05-12 16:45:00,103382.21,105224.25,103382.21,104980.2,1.054826
2025-05-12 17:00:00,104980.2,105224.25,103382.21,103382.21,1.072509
2025-05-12 17:15:00,103382.21,105224.25,103382.21,104823.27,1.117899
2025-05-12 17:30:00,104823.27,105224.25,102200.0,102547.81,52.35305
2025-05-12 17:45:00,102547.81,103295.7,102547.76,103176.23,1.192262
2025-05-12 18:00:00,103176.23,103176.23,102200.0,102200.0,1.120537
2025-05-12 18:15:00,102200.0,102470.37,100950.75,101820.85,999.251586
2025-05-12 18:30:00,101820.85,102225.37,99724.77,100100.03,1.150604
2025-05-12 18:45:00,100100.03,101373.86,100100.03,101373.86,1.012341
2025-05-12 19:00:00,101373.86,101373.86,101058.68,101275.0,0.02579
2025-05-12 19:15:00,101275.0,101372.85,99200.0,99398.44,1.01165
2025-05-12 19:30:00,99398.44,101373.86,99200.05,100681.75,1.24995
2025-05-12 19:45:00,100681.75,101327.51,99200.0,99200.0,1.862237
2025-05-12 20:00:00,99200.0,101373.86,99200.0,101373.86,1.05236
2025-05-12 20:15:00,101373.86,101373.86,101000.0,101058.63,0.041417
2025-05-12 20:30:00,101058.63,101158.99,99200.0,99200.0,0.982437
2025-05-12 20:45:00,99200.0,101373.86,99200.0,101373.86,0.955427
2025-05-12 21:00:00,101373.86,101373.86,101275.0,101373.86,0.015342
2025-05-12 21:15:00,101373.86,101373.86,99200.0,99544.4,0.96185
2025-05-12 21:30:00,99544.4,101373.86,99445.07,101275.0,0.957696
2025-05-12 21:45:00,101275.0,101373.86,101275.0,101373.86,0.003269
2025-05-12 22:00:00,101373.86,101373.86,99200.0,99200.0,0.987518
2025-05-12 22:15:00,99200.0,101373.86,99200.0,101058.63,0.94685
2025-05-12 22:30:00,101058.63,101373.86,101058.63,101275.0,0.011376
2025-05-12 22:45:00,101275.0,101373.86,101275.0,101373.86,0.003042
2025-05-12 23:00:00,101373.86,101373.86,101175.0,101175.0,0.007468
2025-05-12 23:15:00,101175.0,101373.86,101075.0,101373.86,0.00348
2025-05-12 23:30:00,101373.86,101373.86,101075.0,101275.0,0.009866
2025-05-12 23:45:00,101275.0,101373.86,101275.0,101373.86,0.004646
2025-05-13 00:00:00,101373.86,101373.86,101059.69,101059.69,0.051684
2025-05-13 00:15:00,101059.69,101371.84,101059.69,101371.84,0.004288
2025-05-13 00:30:00,101371.84,101371.84,101070.0,101070.0,0.003543
2025-05-13 00:45:00,101070.0,101373.86,101070.0,101270.0,0.025324
2025-05-13 01:00:00,101270.0,101373.86,101270.0,101275.01,0.015045
2025-05-13 01:15:00,101275.01,101373.86,101175.0,101175.08,0.02529
2025-05-13 01:30:00,101175.08,101373.86,101071.01,101071.02,0.0287
2025-05-13 01:45:00,101071.02,101373.86,101071.01,101071.01,0.112911
2025-05-13 02:00:00,101071.01,101373.86,99200.0,99200.99,1.043297
2025-05-13 02:15:00,99200.99,99544.4,99200.99,99301.04,0.028708
2025-05-13 02:30:00,99301.04,101373.86,99301.01,101275.0,1.039008
2025-05-13 02:45:00,101275.0,101373.86,101275.0,101373.86,0.003036
2025-05-13 03:00:00,101373.86,101373.86,99200.0,99319.12,1.047631
2025-05-13 03:15:00,99319.12,99557.56,99319.12,99557.56,0.003736
2025-05-13 03:30:00,99557.56,101373.86,99460.0,101373.86,1.017075
2025-05-13 03:45:00,101373.86,101373.86,101275.0,101275.0,0.009255
2025-05-13 04:00:00,101275.0,101373.86,99200.0,99300.0,1.020366
2025-05-13 04:15:00,99300.0,99300.0,99200.99,99300.0,0.003966
2025-05-13 04:30:00,99300.0,100000.0,99202.0,100000.0,1.018462
2025-05-13 04:45:00,100000.0,100000.0,99782.94,99785.94,0.186369
2025-05-13 05:00:00,99785.94,100000.0,99200.0,99201.03,1.076459
2025-05-13 05:15:00,99201.03,99646.89,99201.03,99646.89,0.053366
2025-05-13 05:30:00,99646.89,101373.86,99349.62,101160.0,1.03924
2025-05-13 05:45:00,101160.0,101373.86,101058.68,101373.86,0.013587
2025-05-13 06:00:00,101373.86,101373.86,99200.0,99200.0,0.992075
2025-05-13 06:15:00,99200.0,103000.0,99200.0,102940.95,74.883148
2025-05-13 06:30:00,102940.95,103000.0,101700.0,101900.05,3.911686
2025-05-13 06:45:00,101900.05,101999.79,101700.0,101998.77,0.960463
2025-05-13 07:00:00,101998.77,103000.0,101701.02,102728.35,1.531301
2025-05-13 07:15:00,102728.35,103000.0,101700.0,102229.29,2.064616
2025-05-13 07:30:00,102229.29,102235.08,101818.11,102008.98,0.16389
2025-05-13 07:45:00,102008.98,102470.37,101700.0,101700.0,1.32711
2025-05-13 08:00:00,101700.0,103000.0,101700.0,103000.0,1.782667
2025-05-13 08:15:00,103000.0,103000.0,102727.18,102900.0,0.030673
2025-05-13 08:30:00,102900.0,103000.0,102900.0,103000.0,0.022176
2025-05-13 08:45:00,103000.0,103000.0,101700.0,102261.1,1.080782
2025-05-13 09:00:00,102261.1,102470.37,102045.37,102235.09,0.137596
2025-05-13 09:15:00,102235.09,102235.09,102235.08,102235.08,0.006929
2025-05-13 09:30:00,102235.08,104052.63,102235.08,103646.85,500.012499
2025-05-13 09:45:00,103646.85,103945.0,103646.85,103945.0,0.010165
2025-05-13 10:00:00,103945.0,103945.0,103411.53,103413.62,0.095521
2025-05-13 10:15:00,103413.62,103430.2,103405.9,103405.93,0.054423
2025-05-13 10:30:00,103405.93,104052.63,103376.3,103636.26,0.50886
2025-05-13 10:45:00,103636.26,103636.26,103376.36,103615.7,0.014542
2025-05-13 11:00:00,103615.7,103636.26,103370.0,103370.02,0.026598
2025-05-13 11:15:00,103370.02,103646.82,102723.87,102954.45,1.017019
2025-05-13 11:30:00,102954.45,103176.24,102723.87,103176.24,0.025091
2025-05-13 11:45:00,103176.24,103176.24,102727.18,103176.24,0.034186
2025-05-13 12:00:00,103176.24,103408.99,102940.95,102975.49,0.046244
2025-05-13 12:15:00,102975.49,103411.53,102723.87,103181.72,0.221253
2025-05-13 12:30:00,103181.72,103408.99,102940.98,103408.99,0.052601
2025-05-13 12:45:00,103408.99,103821.64,103085.03,103821.64,0.06617
2025-05-13 13:00:00,103821.64,103882.11,103411.55,103882.11,0.027949
2025-05-13 13:15:00,103882.11,104052.63,103620.0,104052.63,0.023433
2025-05-13 13:30:00,104052.63,104052.63,103646.82,104052.63,0.041681
2025-05-13 13:45:00,104052.63,104052.63,102954.45,103408.99,0.114993
2025-05-13 14:00:00,103408.99,103411.53,102866.23,103176.24,0.058424
2025-05-13 14:15:00,103176.24,103176.24,102723.87,102954.45,0.036272
2025-05-13 14:30:00,102954.45,103646.82,102723.87,103411.53,1.560572
2025-05-13 14:45:00,103411.53,103882.11,102723.87,103176.24,1.597313
2025-05-13 15:00:00,103176.24,103882.11,102723.87,103408.99,1.044492
2025-05-13 15:15:00,103408.99,103503.17,102954.45,103348.57,5.065827
2025-05-13 15:30:00,103348.57,103411.53,102866.23,102876.52,0.244923
2025-05-13 15:45:00,102876.52,103503.17,102727.18,103181.72,1.013946
2025-05-13 16:00:00,103181.72,103503.17,103181.72,103300.33,0.056233
2025-05-13 16:15:00,103300.33,103503.17,103300.33,103463.51,0.063159
2025-05-13 16:30:00,103463.51,103503.17,103450.91,103503.17,0.098958
2025-05-13 16:45:00,103503.17,103503.17,103284.53,103285.05,0.2549
2025-05-13 17:00:00,103285.05,103503.17,103278.6,103503.17,0.071643
2025-05-13 17:15:00,103503.17,103503.17,103278.71,103450.46,0.00569
2025-05-13 17:30:00,103450.46,103460.49,103360.0,103370.34,0.002866
2025-05-13 17:45:00,103370.34,103391.02,103268.21,103278.54,0.201933
2025-05-13 18:00:00,103278.54,103391.02,103268.21,103278.54,0.007056
2025-05-13 18:15:00,103278.54,103391.02,103268.21,103380.68,0.016289
2025-05-13 18:30:00,103380.68,103470.0,103143.67,103315.0,0.43145
2025-05-13 18:45:00,103315.0,103408.99,103143.67,103185.13,0.006644
2025-05-13 19:00:00,103185.13,103245.0,103045.0,103245.0,0.121963
2025-05-13 19:15:00,103245.0,103408.99,103145.0,103145.05,0.009246
2025-05-13 19:30:00,103145.05,103408.99,103045.0,103145.0,0.003258
2025-05-13 19:45:00,103145.0,103345.0,102956.32,103345.0,0.003627
2025-05-13 20:00:00,103345.0,103408.99,102956.32,103408.99,0.008357
2025-05-13 20:15:00,103408.99,103408.99,102723.87,102954.45,0.698934
2025-05-13 20:30:00,102954.45,102954.45,102723.87,102825.0,0.007465
2025-05-13 20:45:00,102825.0,102954.45,102723.87,102954.45,0.012071
2025-05-13 21:00:00,102954.45,103176.24,102855.0,102855.0,0.009085
2025-05-13 21:15:00,102855.0,103176.24,102755.0,102755.0,0.003409
2025-05-13 21:30:00,102755.0,103176.24,102755.0,103098.95,0.00387
2025-05-13 21:45:00,103098.95,103176.24,102723.87,102723.87,0.350978
2025-05-13 22:00:00,102723.87,102954.45,102723.87,102723.96,0.017439
2025-05-13 22:15:00,102723.96,102954.45,102723.88,102925.0,0.003248
2025-05-13 22:30:00,102925.0,102954.45,102723.88,102723.89,0.003506
2025-05-13 22:45:00,102723.89,102954.45,102723.89,102954.45,0.358956
2025-05-13 23:00:00,102954.45,102954.45,102727.18,102954.45,0.134499
2025-05-13 23:15:00,102954.45,102954.45,102727.18,102855.01,0.004449
2025-05-13 23:30:00,102855.01,102954.45,102755.0,102954.45,0.003365
2025-05-13 23:45:00,102954.45,102954.45,102755.0,102755.0,0.003459
2025-05-14 00:00:00,102755.0,102954.45,102755.0,102855.04,0.007871
2025-05-14 00:15:00,102855.04,102954.45,102855.0,102855.02,0.004291
2025-05-14 00:30:00,102855.02,102954.45,102855.01,102954.45,0.003182
2025-05-14 00:45:00,102954.45,103503.17,102727.18,103181.72,0.650293
2025-05-14 01:00:00,103181.72,103503.17,102954.45,103503.17,0.317741
2025-05-14 01:15:00,103503.17,103503.17,103176.24,103503.17,0.093608
2025-05-14 01:30:00,103503.17,103503.17,103181.72,103181.72,0.007852
2025-05-14 01:45:00,103181.72,103503.17,103181.72,103181.72,0.023059
2025-05-14 02:00:00,103181.72,103503.17,103181.72,103503.17,0.031579
2025-05-14 02:15:00,103503.17,103503.17,103181.72,103503.17,0.004666
2025-05-14 02:30:00,103503.17,103503.17,103405.0,103503.17,0.00227
2025-05-14 02:45:00,103503.17,103503.17,103405.0,103503.17,4.597699
2025-05-14 03:00:00,103503.17,103503.17,103181.72,103503.17,0.009071
2025-05-14 03:15:00,103503.17,103503.17,103176.24,103503.17,0.018211
2025-05-14 03:30:00,103503.17,103503.17,103181.72,103503.17,0.002399
2025-05-14 03:45:00,103503.17,103503.17,103405.0,103503.17,0.002779
2025-05-14 04:00:00,103503.17,103503.17,103181.72,103503.17,0.010299
2025-05-14 04:15:00,103503.17,103503.17,103181.72,103405.01,0.003001
2025-05-14 04:30:00,103405.01,103503.17,103305.0,103305.0,0.00357
2025-05-14 04:45:00,103305.0,103503.17,103181.72,103503.17,0.017094
2025-05-14 05:00:00,103503.17,103503.17,103181.72,103503.17,0.008836
2025-05-14 05:15:00,103503.17,103503.17,103405.0,103503.17,0.020059
2025-05-14 05:30:00,103503.17,103503.17,103176.24,103405.0,0.362558
2025-05-14 05:45:00,103405.0,103503.17,103305.0,103503.17,0.022507
2025-05-14 06:00:00,103503.17,103503.17,103405.0,103503.17,0.006707
2025-05-14 06:15:00,103503.17,103503.17,103305.01,103305.01,0.005755
2025-05-14 06:30:00,103305.01,103503.17,103305.0,103305.0,0.004879
2025-05-14 06:45:00,103305.0,103503.17,103205.0,103503.17,0.004738
2025-05-14 07:00:00,103503.17,103503.17,103305.0,103305.0,0.357674
2025-05-14 07:15:00,103305.0,103503.17,103181.72,103405.0,1.014605
2025-05-14 07:30:00,103405.0,103405.0,103181.72,103405.0,0.003203
2025-05-14 07:45:00,103405.0,103503.17,103205.0,103205.0,0.0061
2025-05-14 08:00:00,103205.0,103503.17,103176.24,103181.72,0.148863
2025-05-14 08:15:00,103181.72,103503.17,103181.72,103379.15,0.012324
2025-05-14 08:30:00,103379.15,103503.17,103171.4,103388.06,0.048561
2025-05-14 08:45:00,103388.06,103411.53,103250.5,103411.53,0.024447
2025-05-14 09:00:00,103411.53,103411.53,102845.0,103176.24,0.090991
2025-05-14 09:15:00,103176.24,103503.17,102723.87,103503.17,2.776442
2025-05-14 09:30:00,103503.17,103503.17,103176.24,103280.0,0.013506
2025-05-14 09:45:00,103280.0,103408.99,103176.24,103408.99,0.013433
2025-05-14 10:00:00,103408.99,103408.99,103240.0,103312.55,0.003831
2025-05-14 10:15:00,103312.55,103474.17,103312.55,103440.0,0.036182
2025-05-14 10:30:00,103440.0,103503.17,103440.0,103492.82,0.044112
2025-05-14 10:45:00,103492.82,103503.17,103440.0,103440.01,0.044503
2025-05-14 11:00:00,103440.01,103503.17,103440.0,103503.17,0.077315
2025-05-14 11:15:00,103503.17,103503.17,103435.24,103503.17,0.064931
2025-05-14 11:30:00,103503.17,103503.17,103078.53,103503.17,0.191159
2025-05-14 11:45:00,103503.17,103503.17,103078.54,103503.17,0.205792
2025-05-14 12:00:00,103503.17,103503.17,103181.72,103503.17,0.0061
2025-05-14 12:15:00,103503.17,103503.17,103181.72,103503.17,0.008947
2025-05-14 12:30:00,103503.17,103503.17,103181.72,103503.17,0.045941
2025-05-14 12:45:00,103503.17,103503.17,103388.17,103503.17,0.003002
2025-05-14 13:00:00,103503.17,103503.17,103388.16,103503.17,0.003641
2025-05-14 13:15:00,103503.17,103503.17,103388.16,103503.17,0.00374
2025-05-14 13:30:00,103503.17,103503.17,103487.28,103503.17,0.043935
2025-05-14 13:45:00,103503.17,103503.17,103487.31,103503.17,0.01259
2025-05-14 14:00:00,103503.17,103503.17,103424.29,103503.17,0.021648
2025-05-14 14:15:00,103503.17,103503.17,102940.95,103114.89,0.15645
2025-05-14 14:30:00,103114.89,103114.89,99200.0,102045.37,21.002165
2025-05-14 14:45:00,102045.37,102235.08,101816.06,102235.08,0.431513
2025-05-14 15:00:00,102235.08,102727.18,101910.82,102727.18,0.217251
2025-05-14 15:15:00,102727.18,102727.18,102470.37,102727.18,0.021538
2025-05-14 15:30:00,102727.18,103070.63,102470.37,102970.0,0.06953
2025-05-14 15:45:00,102970.0,103176.24,99724.77,100227.21,6.113463
2025-05-14 16:00:00,100227.21,103298.02,97272.81,102866.23,1498.460949
2025-05-14 16:15:00,102866.23,103298.02,100950.75,101293.92,2.0181
2025-05-14 16:30:00,101293.92,102940.95,100950.75,102272.64,2.049948
2025-05-14 16:45:00,102272.64,102705.66,100950.75,100950.75,2.130895
2025-05-14 17:00:00,100950.75,102940.95,100950.75,102499.91,2.139228
2025-05-14 17:15:00,102499.91,102940.95,100950.75,102045.37,2.23402
2025-05-14 17:30:00,102045.37,102940.95,100950.75,102727.18,2.022917
2025-05-14 17:45:00,102727.18,102940.95,100950.75,101529.21,2.026994
2025-05-14 18:00:00,101529.21,102940.95,100800.44,101273.88,2.282431
2025-05-14 18:15:00,101273.88,103180.69,95200.0,101570.65,1580.2739
2025-05-14 18:30:00,101570.65,101570.65,101293.92,101294.93,0.003675
2025-05-14 18:45:00,101294.93,101570.65,101294.93,101295.0,0.00417
2025-05-14 19:00:00,101295.0,101570.65,101294.93,101294.97,0.018391
2025-05-14 19:15:00,101294.97,101570.65,101294.93,101370.05,0.005632
2025-05-14 19:30:00,101370.05,101592.35,100588.05,100980.0,0.589148
2025-05-14 19:45:00,100980.0,101058.63,100681.75,100681.79,0.010918
2025-05-14 20:00:00,100681.79,101057.62,100681.78,100683.1,0.015336
2025-05-14 20:15:00,100683.1,101057.62,100683.02,100683.14,0.009613
2025-05-14 20:30:00,100683.14,101057.62,100682.93,100885.0,0.004863
2025-05-14 20:45:00,100885.0,101057.62,100682.93,100683.02,0.004746
2025-05-14 21:00:00,100683.02,101285.0,100683.02,101085.04,0.041486
2025-05-14 21:15:00,101085.04,104578.94,98608.7,103411.58,264.842683
2025-05-14 21:30:00,103411.58,103411.58,103408.99,103409.01,0.015913
2025-05-14 21:45:00,103409.01,103410.5,103408.99,103410.5,0.004213
2025-05-14 22:00:00,103410.5,103646.82,103408.99,103516.11,0.032113
2025-05-14 22:15:00,103516.11,103646.82,103516.11,103646.82,0.005364
2025-05-14 22:30:00,103646.82,103745.0,103545.0,103646.88,0.005153
2025-05-14 22:45:00,103646.88,103821.64,103646.82,103821.64,0.00754
2025-05-14 23:00:00,103821.64,103821.64,103646.83,103821.64,0.003752
2025-05-14 23:15:00,103821.64,103882.11,103646.82,103882.11,0.007256
2025-05-14 23:30:00,103882.11,104090.8,103646.82,103649.51,0.034618
2025-05-14 23:45:00,103649.51,104064.19,103646.82,103854.19,0.008769
2025-05-15 00:00:00,103854.19,104055.0,103755.0,104055.0,0.004369
2025-05-15 00:15:00,104055.0,104090.8,103755.0,104090.8,0.00535
2025-05-15 00:30:00,104090.8,104117.4,103865.0,104117.4,0.004771
2025-05-15 00:45:00,104117.4,104117.4,103755.06,103755.07,0.018361
2025-05-15 01:00:00,103755.07,104090.8,103565.04,103565.04,0.048842
2025-05-15 01:15:00,103565.04,104140.11,103465.0,103821.64,0.49238
2025-05-15 01:30:00,103821.64,103821.64,103238.39,103238.41,0.048977
2025-05-15 01:45:00,103238.41,103525.0,103025.0,103025.02,0.050554
2025-05-15 02:00:00,103025.02,103408.99,102940.95,102940.95,0.01973
2025-05-15 02:15:00,102940.95,103181.72,102940.95,103031.5,0.01051
2025-05-15 02:30:00,103031.5,103031.5,101503.16,102560.93,1.240733
2025-05-15 02:45:00,102560.93,102866.23,102560.91,102561.02,0.082366
2025-05-15 03:00:00,102561.02,102940.95,102470.37,102592.82,0.091677
2025-05-15 03:15:00,102592.82,102866.23,102470.37,102826.8,0.047065
2025-05-15 03:30:00,102826.8,103176.24,102543.13,102848.55,0.203778
2025-05-15 03:45:00,102848.55,103000.0,102600.05,102600.08,0.039731
2025-05-15 04:00:00,102600.08,102940.95,102499.91,102499.94,0.016977
2025-05-15 04:15:00,102499.94,102866.23,102499.91,102499.92,0.011338
2025-05-15 04:30:00,102499.92,102601.8,102499.92,102600.0,0.017434
2025-05-15 04:45:00,102600.0,102866.23,102499.92,102499.98,0.023262
2025-05-15 05:00:00,102499.98,102800.0,101503.16,102045.38,1.132687
2025-05-15 05:15:00,102045.38,102470.37,102045.38,102047.47,0.030295
2025-05-15 05:30:00,102047.47,102470.37,102047.42,102047.47,0.04175
2025-05-15 05:45:00,102047.47,102470.37,102047.42,102273.05,0.026533
2025-05-15 06:00:00,102273.05,102499.91,102259.61,102464.53,0.026974
2025-05-15 06:15:00,102464.53,102705.66,101999.79,102416.1,0.227228
2025-05-15 06:30:00,102416.1,102470.37,101363.56,101764.51,0.474237
2025-05-15 06:45:00,101764.51,102045.37,101058.63,101463.1,0.162445
2025-05-15 07:00:00,101463.1,101764.5,101293.97,101565.08,0.030514
2025-05-15 07:15:00,101565.08,101665.08,101553.97,101665.08,0.014137
2025-05-15 07:30:00,101665.08,101764.5,101553.97,101553.97,0.003079
2025-05-15 07:45:00,101553.97,101867.64,101543.81,101543.81,0.02321
2025-05-15 08:00:00,101543.81,101867.64,101529.21,101529.23,0.0168
2025-05-15 08:15:00,101529.23,101910.82,101529.21,101529.31,0.018426
2025-05-15 08:30:00,101529.31,102095.0,101529.21,101797.84,0.081091
2025-05-15 08:45:00,101797.84,102235.08,101775.63,101864.56,0.078104
2025-05-15 09:00:00,101864.56,102236.79,101864.54,102189.78,0.061613
2025-05-15 09:15:00,102189.78,102235.08,101529.21,102045.33,0.413909
2025-05-15 09:30:00,102045.33,102233.33,100330.88,100454.53,1.580092
2025-05-15 09:45:00,100454.53,100823.34,100454.48,100454.54,0.012863
2025-05-15 10:00:00,100454.54,101090.99,100330.88,100330.88,1.268139
2025-05-15 10:15:00,100330.88,100684.45,100330.88,100684.45,0.042715
2025-05-15 10:30:00,100684.45,100805.64,100454.48,100555.0,0.016521
2025-05-15 10:45:00,100555.0,100805.64,100454.53,100645.32,0.011849
2025-05-15 11:00:00,100645.32,101205.67,100330.88,100795.56,0.805957
2025-05-15 11:15:00,100795.56,101327.46,100454.48,100691.82,0.371241
2025-05-15 11:30:00,100691.82,100701.89,100681.75,100701.89,0.01501
2025-05-15 11:45:00,100701.89,101764.5,100691.82,101363.56,0.141656
2025-05-15 12:00:00,101363.56,101890.16,101363.56,101700.33,0.033408
2025-05-15 12:15:00,101700.33,101999.79,101293.92,101440.0,0.150418
2025-05-15 12:30:00,101440.0,101999.79,101273.88,101529.21,0.192277
2025-05-15 12:45:00,101529.21,102176.73,101413.56,101828.28,0.111899
2025-05-15 13:00:00,101828.28,102176.73,101818.1,102166.51,0.029599
2025-05-15 13:15:00,102166.51,102176.73,101293.92,101900.0,0.292873
2025-05-15 13:30:00,101900.0,102036.86,101430.0,101764.5,0.264651
2025-05-15 13:45:00,101764.5,101999.79,101592.35,101645.0,0.078596
2025-05-15 14:00:00,101645.0,101999.79,101300.0,101764.5,0.08771
2025-05-15 14:15:00,101764.5,101865.0,101363.56,101529.21,0.039301
2025-05-15 14:30:00,101529.21,101865.0,99605.17,99882.18,76.252105
2025-05-15 14:45:00,99882.18,100480.53,99605.17,99605.17,3.07111
2025-05-15 15:00:00,99605.17,100648.55,99176.31,99772.67,3.174462
2025-05-15 15:15:00,99772.67,100352.76,97999.86,98235.08,76.191388
2025-05-15 15:30:00,98235.08,98470.44,98235.08,98469.46,0.052273
2025-05-15 15:45:00,98469.46,98470.44,98235.08,98470.44,0.005668
2025-05-15 16:00:00,98470.44,98482.98,98181.78,98482.98,0.062429
2025-05-15 16:15:00,98482.98,98676.24,98470.44,98480.0,0.007244
2025-05-15 16:30:00,98480.0,98676.24,98280.0,98676.24,0.016682
2025-05-15 16:45:00,98676.24,98676.24,98575.0,98575.0,0.004207
2025-05-15 17:00:00,98575.0,98705.73,98575.0,98705.73,0.016218
2025-05-15 17:15:00,98705.73,98705.73,98605.0,98705.73,0.002518
2025-05-15 17:30:00,98705.73,98705.73,98605.0,98705.73,0.005446
2025-05-15 17:45:00,98705.73,98854.95,98705.73,98854.95,0.016108
2025-05-15 18:00:00,98854.95,98941.02,98765.0,98941.02,0.045342
2025-05-15 18:15:00,98941.02,98941.02,98900.0,98941.02,0.002565
2025-05-15 18:30:00,98941.02,99337.98,98916.3,99337.98,0.059498
2025-05-15 18:45:00,99337.98,103117.91,99176.31,102272.64,157.953933
2025-05-15 19:00:00,102272.64,105978.0,101999.79,105058.56,758.065145
2025-05-15 19:15:00,105058.56,106148.0,103578.94,104458.58,3156.036308
2025-05-15 19:30:00,104458.58,105529.14,102526.31,103408.99,206.652644
2025-05-15 19:45:00,103408.99,103510.0,103310.0,103510.0,0.050562
2025-05-15 20:00:00,103510.0,103882.11,103510.0,103882.11,0.023404
2025-05-15 20:15:00,103882.11,103882.11,103821.64,103882.11,0.003624
2025-05-15 20:30:00,103882.11,103882.11,103821.64,103882.11,0.00304
2025-05-15 20:45:00,103882.11,103882.11,103882.11,103882.11,0.002074
2025-05-15 21:00:00,103882.11,103882.11,103821.64,103882.11,0.003723
2025-05-15 21:15:00,103882.11,103882.11,103821.64,103821.64,0.004048
2025-05-15 21:30:00,103821.64,104117.4,103780.0,103863.53,0.027588
2025-05-15 21:45:00,103863.53,104117.4,103863.53,104117.4,0.003405
2025-05-15 22:00:00,104117.4,104117.4,104015.0,104015.0,0.002005
2025-05-15 22:15:00,104015.0,104140.11,103915.0,104115.0,0.021913
2025-05-15 22:30:00,104115.0,104140.11,103882.11,104015.0,0.003136
2025-05-15 22:45:00,104015.0,104115.0,103882.11,103882.29,0.020677
2025-05-15 23:00:00,103882.29,104318.07,103882.22,104220.02,0.014266
2025-05-15 23:15:00,104220.02,104318.07,104120.0,104120.05,0.006976
2025-05-15 23:30:00,104120.05,104318.07,103882.3,104020.0,0.006352
2025-05-15 23:45:00,104020.0,104194.17,103882.3,103882.35,0.002459
2025-05-16 00:00:00,103882.35,104220.06,103882.35,103990.06,0.00179
2025-05-16 00:15:00,103990.06,104220.06,103890.0,104190.0,0.004552
2025-05-16 00:30:00,104190.0,104290.0,103821.64,103890.13,0.04311
2025-05-16 00:45:00,103890.13,104090.8,103890.07,104090.8,0.017975
2025-05-16 01:00:00,104090.8,104090.8,103781.04,103781.11,0.035941
2025-05-16 01:15:00,103781.11,104066.77,103781.04,103880.0,0.003289
2025-05-16 01:30:00,103880.0,104140.11,103503.17,103871.13,0.271505
2025-05-16 01:45:00,103871.13,104090.8,103770.05,103842.26,0.020477
2025-05-16 02:00:00,103842.26,104352.69,103842.24,104090.87,0.094827
2025-05-16 02:15:00,104090.87,104458.58,104090.81,104117.42,0.053852
2025-05-16 02:30:00,104117.42,104419.02,104117.4,104320.03,0.01825
2025-05-16 02:45:00,104320.03,104458.58,104320.02,104458.58,0.003665
2025-05-16 03:00:00,104458.58,104545.34,104302.99,104545.34,0.036715
2025-05-16 03:15:00,104545.34,104545.34,104320.05,104494.69,0.004668
2025-05-16 03:30:00,104494.69,104545.34,104320.05,104320.08,0.005421
2025-05-16 03:45:00,104320.08,104545.34,104320.05,104320.15,0.008456
2025-05-16 04:00:00,104320.15,104520.0,104320.05,104380.46,0.004887
2025-05-16 04:15:00,104380.46,104545.34,104302.96,104520.0,0.020166
2025-05-16 04:30:00,104520.0,104587.98,104140.11,104140.14,0.019685
2025-05-16 04:45:00,104140.14,104545.34,104117.41,104117.41,0.020016
2025-05-16 05:00:00,104117.41,104458.58,104117.41,104458.58,0.00439
2025-05-16 05:15:00,104458.58,104458.59,104139.09,104240.03,0.016226
2025-05-16 05:30:00,104240.03,104545.34,104090.8,104155.09,0.051285
2025-05-16 05:45:00,104155.09,104587.98,104139.09,104318.07,0.038352
2025-05-16 06:00:00,104318.07,104545.34,104140.11,104274.03,0.006466
2025-05-16 06:15:00,104274.03,104545.34,104140.11,104535.0,0.012336
2025-05-16 06:30:00,104535.0,104545.34,104140.11,104240.0,0.006787
2025-05-16 06:45:00,104240.0,104545.34,104140.11,104535.04,0.006926
2025-05-16 07:00:00,104535.04,104628.69,103863.53,104140.11,0.693629
2025-05-16 07:15:00,104140.11,104545.34,104140.11,104440.0,0.011582
2025-05-16 07:30:00,104440.0,104535.04,104117.4,104140.11,0.020493
2025-05-16 07:45:00,104140.11,104352.69,103000.0,103411.59,1.334701
2025-05-16 08:00:00,103411.59,103615.0,103411.54,103433.75,0.071403
2025-05-16 08:15:00,103433.75,103882.11,103380.0,103380.0,0.095544
2025-05-16 08:30:00,103380.0,103646.82,103184.7,103299.34,0.111251
2025-05-16 08:45:00,103299.34,104023.84,102866.23,103211.33,0.353673
2025-05-16 09:00:00,103211.33,103579.23,103211.33,103568.87,0.051147
2025-05-16 09:15:00,103568.87,103690.34,103568.87,103690.34,0.040488
2025-05-16 09:30:00,103690.34,103810.95,103579.23,103810.95,1.004131
2025-05-16 09:45:00,103810.95,104535.04,102650.55,103649.49,7.902041
2025-05-16 10:00:00,103649.49,103821.64,102650.55,103719.59,1.177863
2025-05-16 10:15:00,103719.59,103821.64,103664.04,103821.64,0.003414
2025-05-16 10:30:00,103821.64,103882.11,103821.64,103882.11,0.010505
2025-05-16 10:45:00,103882.11,103882.11,103882.11,103882.11,0.002459
2025-05-16 11:00:00,103882.11,103882.11,103882.11,103882.11,0.001592
2025-05-16 11:15:00,103882.11,103882.11,103798.78,103882.11,0.008198
2025-05-16 11:30:00,103882.11,103882.11,103743.22,103790.38,0.007402
2025-05-16 11:45:00,103790.38,103882.11,103730.32,103882.11,0.036035
2025-05-16 12:00:00,103882.11,103882.11,103824.03,103882.11,0.003599
2025-05-16 12:15:00,103882.11,103902.0,102650.55,103500.0,3.245198
2025-05-16 12:30:00,103500.0,103821.64,103184.7,103812.48,0.134058
2025-05-16 12:45:00,103812.48,104090.8,103184.7,103409.02,1.097578
2025-05-16 13:00:00,103409.02,104140.11,102954.45,103388.12,1.216493
2025-05-16 13:15:00,103388.12,103503.17,103176.24,103480.0,0.081315
2025-05-16 13:30:00,103480.0,103737.35,103388.15,103737.34,0.034831
2025-05-16 13:45:00,103737.34,103870.0,103568.88,103727.04,0.021505
2025-05-16 14:00:00,103727.04,103970.0,103635.04,103835.0,0.0807
2025-05-16 14:15:00,103835.0,103882.11,103635.02,103790.47,0.025781
2025-05-16 14:30:00,103790.47,103882.11,103022.33,103636.26,0.158755
2025-05-16 14:45:00,103636.26,103821.64,103176.24,103636.26,0.394182
2025-05-16 15:00:00,103636.26,104117.4,103535.0,103863.96,0.064212
2025-05-16 15:15:00,103863.96,104242.8,103503.17,103997.55,0.542536
2025-05-16 15:30:00,103997.55,104117.4,103896.04,103915.0,0.021209
2025-05-16 15:45:00,103915.0,104117.4,103822.79,103915.2,0.076378
2025-05-16 16:00:00,103915.2,104318.07,103915.05,103968.23,0.138595
2025-05-16 16:15:00,103968.23,104352.69,103968.16,103968.16,0.035292
2025-05-16 16:30:00,103968.16,104318.07,103882.11,103980.0,0.02956
2025-05-16 16:45:00,103980.0,104080.0,103882.11,103882.2,0.027905
2025-05-16 17:00:00,103882.2,104318.07,103882.12,104120.0,0.027263
2025-05-16 17:15:00,104120.0,104318.07,104078.96,104318.07,0.01039
2025-05-16 17:30:00,104318.07,104734.89,103915.0,104244.13,10.59709
2025-05-16 17:45:00,104244.13,104734.89,103821.64,104504.4,1.427568
2025-05-16 18:00:00,104504.4,104734.89,104117.4,104734.89,1.407505
2025-05-16 18:15:00,104734.89,104734.89,104319.11,104734.89,0.880435
2025-05-16 18:30:00,104734.89,104734.89,104636.09,104636.13,0.211772
2025-05-16 18:45:00,104636.13,108684.21,104636.09,107862.05,299.203311
2025-05-16 19:00:00,107862.05,107945.0,107646.75,107646.76,0.004841
2025-05-16 19:15:00,107646.76,108045.0,107646.75,107845.03,0.00554
2025-05-16 19:30:00,107845.03,107945.0,107646.75,107745.0,0.002607
2025-05-16 19:45:00,107745.0,108117.33,106327.25,106327.25,1.061094
2025-05-16 20:00:00,106327.25,106687.87,106327.25,106327.29,0.010638
2025-05-16 20:15:00,106327.29,106687.87,106327.29,106490.0,0.005444
2025-05-16 20:30:00,106490.0,106705.59,106490.0,106605.05,0.004343
2025-05-16 20:45:00,106605.05,106705.59,106490.0,106705.59,0.007225
2025-05-16 21:00:00,106705.59,106705.59,106369.4,106369.52,0.003716
2025-05-16 21:15:00,106369.52,106940.88,105854.67,106235.01,1.309923
2025-05-16 21:30:00,106235.01,106235.01,106110.0,106209.17,0.004979
2025-05-16 21:45:00,106209.17,106235.01,106035.0,106035.02,0.006634
2025-05-16 22:00:00,106035.02,106235.01,106035.0,106209.19,0.008222
2025-05-16 22:15:00,106209.19,106235.01,105854.67,106235.01,0.00647
2025-05-16 22:30:00,106235.01,106369.4,105854.67,106100.0,0.005948
2025-05-16 22:45:00,106100.0,106369.4,105999.72,106209.19,0.011337
2025-05-16 23:00:00,106209.19,106369.4,106110.0,106209.17,0.005266
2025-05-16 23:15:00,106209.17,106470.3,105999.72,106470.3,0.023057
2025-05-16 23:30:00,106470.3,106470.3,106050.93,106150.0,0.011915
2025-05-16 23:45:00,106150.0,106450.0,105999.72,105999.72,0.011971
2025-05-17 00:00:00,105999.72,106369.4,105999.72,106369.4,0.009349
2025-05-17 00:15:00,106369.4,106369.4,105900.0,106235.01,0.0127
2025-05-17 00:30:00,106235.01,106235.01,106035.0,106235.01,0.00798
2025-05-17 00:45:00,106235.01,106235.01,106235.01,106235.01,0.005859
2025-05-17 01:00:00,106235.01,106235.01,105972.83,105972.94,0.011108
2025-05-17 01:15:00,105972.94,106369.4,105854.67,106369.4,0.009742
2025-05-17 01:30:00,106369.4,106369.4,105999.72,106150.0,0.012996
2025-05-17 01:45:00,106150.0,106445.43,106050.93,106445.43,0.005083
2025-05-17 02:00:00,106445.43,106470.3,106245.0,106470.3,0.012776
2025-05-17 02:15:00,106470.3,106687.87,106235.01,106235.01,0.0137
2025-05-17 02:30:00,106235.01,107262.51,106235.01,106940.88,0.102462
2025-05-17 02:45:00,106940.88,107262.51,106940.88,106940.88,0.0162
2025-05-17 03:00:00,106940.88,107262.51,105854.67,106209.18,0.377613
2025-05-17 03:15:00,106209.18,106235.01,105854.67,106235.01,0.010644
2025-05-17 03:30:00,106235.01,106235.01,105854.67,106235.01,0.010852
2025-05-17 03:45:00,106235.01,106235.01,105910.0,105910.08,0.006363
2025-05-17 04:00:00,105910.08,106369.4,105910.08,106369.4,0.008239
2025-05-17 04:15:00,106369.4,106369.4,105999.72,106369.4,0.01065
2025-05-17 04:30:00,106369.4,106369.4,106170.0,106369.4,0.004738
2025-05-17 04:45:00,106369.4,106470.3,106209.16,106369.4,0.009028
2025-05-17 05:00:00,106369.4,106470.0,105854.67,106235.01,0.042224
2025-05-17 05:15:00,106235.01,106235.01,105854.67,106184.88,0.012421
2025-05-17 05:30:00,106184.88,106235.01,106135.0,106209.17,0.004452
2025-05-17 05:45:00,106209.17,106435.0,105854.67,106318.97,0.025932
2025-05-17 06:00:00,106318.97,106353.04,105732.46,105943.95,0.175469
2025-05-17 06:15:00,105943.95,105999.72,105529.14,105900.0,0.013501
2025-05-17 06:30:00,105900.0,105900.0,105529.14,105630.0,0.007373
2025-05-17 06:45:00,105630.0,105900.0,105529.14,105529.17,0.010844
2025-05-17 07:00:00,105529.17,105900.0,104823.27,104823.33,0.12891
2025-05-17 07:15:00,104823.33,105293.85,104823.3,105235.0,0.003889
2025-05-17 07:30:00,105235.0,105235.0,104777.05,104777.08,0.033139
2025-05-17 07:45:00,104777.08,105360.0,104777.08,105360.0,0.019322
2025-05-17 08:00:00,105360.0,105360.0,104768.22,104999.88,0.110318
2025-05-17 08:15:00,104999.88,105058.56,104768.22,105058.56,0.013106
2025-05-17 08:30:00,105058.56,105058.56,104772.61,104772.61,0.027543
2025-05-17 08:45:00,104772.61,105095.52,104772.61,104823.27,0.024327
2025-05-17 09:00:00,104823.27,105095.52,104823.27,105025.0,0.018489
2025-05-17 09:15:00,105025.0,105225.0,104768.22,104999.88,1.011754
2025-05-17 09:30:00,104999.88,104999.88,104768.22,104800.14,0.005749
2025-05-17 09:45:00,104800.14,104999.88,104768.22,104768.24,0.006336
2025-05-17 10:00:00,104768.24,104999.88,104768.24,104800.0,0.004763
2025-05-17 10:15:00,104800.0,105058.56,104768.25,105058.56,0.007336
2025-05-17 10:30:00,105058.56,105058.56,104772.61,104960.05,0.007521
2025-05-17 10:45:00,104960.05,105764.43,104768.22,105413.99,0.223024
2025-05-17 11:00:00,105413.99,106369.4,105293.85,105999.72,1.139078
2025-05-17 11:15:00,105999.72,106369.4,105999.72,106300.0,0.006483
2025-05-17 11:30:00,106300.0,106369.4,105999.72,106369.4,0.020145
2025-05-17 11:45:00,106369.4,106470.3,106050.93,106470.3,0.020907
2025-05-17 12:00:00,106470.3,106597.47,106050.94,106597.47,0.007434
2025-05-17 12:15:00,106597.47,106705.59,106235.01,106369.4,0.021373
2025-05-17 12:30:00,106369.4,106705.59,106369.4,106590.0,0.015778
2025-05-17 12:45:00,106590.0,106705.59,106369.4,106487.58,0.007914
2025-05-17 13:00:00,106487.58,106770.0,106369.4,106470.35,0.014761
2025-05-17 13:15:00,106470.35,106940.88,106470.3,106940.88,0.009653
2025-05-17 13:30:00,106940.88,108306.63,106740.0,107905.0,113.738257
2025-05-17 13:45:00,107905.0,108552.67,107411.46,107411.46,59.088928
2025-05-17 14:00:00,107411.46,107646.75,105909.9,106938.53,1.29741
2025-05-17 14:15:00,106938.53,107205.0,106470.3,107125.23,0.10447
2025-05-17 14:30:00,107125.23,107324.81,106705.59,106805.0,0.051509
2025-05-17 14:45:00,106805.0,107105.0,106705.59,106705.59,0.004537
2025-05-17 15:00:00,106705.59,107105.0,106705.59,107105.0,0.004787
2025-05-17 15:15:00,107105.0,107132.43,106705.59,107105.0,0.005215
2025-05-17 15:30:00,107105.0,107176.17,106470.3,106940.88,0.068629
2025-05-17 15:45:00,106940.88,107413.34,106470.3,107413.34,0.868415
2025-05-17 16:00:00,107413.34,108239.32,105675.23,107646.75,3.87998
2025-05-17 16:15:00,107646.75,109947.36,102528.44,103181.72,223.972195
2025-05-17 16:30:00,103181.72,103408.99,102940.95,103296.92,0.056744
2025-05-17 16:45:00,103296.92,105971.5,103090.71,103615.81,15.343176
2025-05-17 17:00:00,103615.81,106885.57,103409.03,106705.59,6.293624
2025-05-17 17:15:00,106705.59,106938.95,101363.56,103579.23,14.472609
2025-05-17 17:30:00,103579.23,103882.11,103503.17,103515.0,0.018928
2025-05-17 17:45:00,103515.0,103877.31,102547.76,102815.08,0.227112
2025-05-17 18:00:00,102815.08,103200.0,102739.44,102954.49,0.07745
2025-05-17 18:15:00,102954.49,103646.82,102863.73,103646.82,1.153235
2025-05-17 18:30:00,103646.82,103821.64,103411.53,103411.53,0.02552
2025-05-17 18:45:00,103411.53,103821.64,103411.53,103821.64,0.012403
2025-05-17 19:00:00,103821.64,103821.64,103408.99,103469.31,0.048306
2025-05-17 19:15:00,103469.31,103821.64,102727.18,102932.65,1.159466
2025-05-17 19:30:00,102932.65,103176.24,102727.19,102745.65,0.096003
2025-05-17 19:45:00,102745.65,103184.7,102739.45,102954.47,0.085142
2025-05-17 20:00:00,102954.47,103184.7,102954.46,102954.54,0.065699
2025-05-17 20:15:00,102954.54,103238.36,102954.45,102954.51,0.074931
2025-05-17 20:30:00,102954.51,103299.3,102954.46,102954.52,0.075073
2025-05-17 20:45:00,102954.52,103408.99,102954.46,103019.4,0.075376
2025-05-17 21:00:00,103019.4,104050.53,102617.83,102954.54,1.72224
2025-05-17 21:15:00,102954.54,103770.47,101925.5,103770.47,2.439341
2025-05-17 21:30:00,103770.47,103976.36,103408.99,103821.64,0.147245
2025-05-17 21:45:00,103821.64,103882.11,103181.72,103503.17,0.123912
2025-05-17 22:00:00,103503.17,103503.17,103408.99,103409.0,0.002444
2025-05-17 22:15:00,103409.0,103503.17,103408.99,103408.99,0.007352
2025-05-17 22:30:00,103408.99,103646.82,103408.99,103646.82,0.004543
2025-05-17 22:45:00,103646.82,103646.82,103445.0,103646.82,0.004464
2025-05-17 23:00:00,103646.82,103649.49,103411.53,103411.53,0.015758
2025-05-17 23:15:00,103411.53,103821.64,103411.53,103821.64,0.005258
2025-05-17 23:30:00,103821.64,103821.64,103620.0,103620.02,0.005367
2025-05-17 23:45:00,103620.02,103882.11,103520.0,103882.11,0.007038
2025-05-18 00:00:00,103882.11,103976.36,103579.26,103646.82,0.005446
2025-05-18 00:15:00,103646.82,104000.0,103646.82,104000.0,0.024432
2025-05-18 00:30:00,104000.0,104117.4,103503.17,103503.19,0.055155
2025-05-18 00:45:00,103503.19,103882.11,103411.53,103882.11,0.03348
2025-05-18 01:00:00,103882.11,104117.4,103184.7,103579.23,0.101793
2025-05-18 01:15:00,103579.23,103636.26,103184.73,103500.0,0.005178
2025-05-18 01:30:00,103500.0,103882.11,103176.24,103275.0,0.150755
2025-05-18 01:45:00,103275.0,104140.11,102940.95,102941.03,0.284351
2025-05-18 02:00:00,102941.03,103160.0,101721.67,102945.03,3.342046
2025-05-18 02:15:00,102945.03,103186.26,102739.45,102954.54,0.077155
2025-05-18 02:30:00,102954.54,103238.36,102954.46,103075.48,0.028391
2025-05-18 02:45:00,103075.48,103299.3,103075.45,103075.51,0.022409
2025-05-18 03:00:00,103075.51,104140.11,102550.31,102954.49,1.458483
2025-05-18 03:15:00,102954.49,103299.3,102954.45,102954.48,0.024574
2025-05-18 03:30:00,102954.48,103411.53,102954.46,103380.0,0.038702
2025-05-18 03:45:00,103380.0,103636.26,102954.45,102954.46,0.082531
2025-05-18 04:00:00,102954.46,103408.99,102954.46,103019.46,0.036206
2025-05-18 04:15:00,103019.46,103408.99,103019.37,103019.41,0.037382
2025-05-18 04:30:00,103019.41,103411.53,103019.38,103181.81,0.031247
2025-05-18 04:45:00,103181.81,103636.26,103181.72,103505.94,0.048744
2025-05-18 05:00:00,103505.94,103636.26,103299.3,103299.32,0.005579
2025-05-18 05:15:00,103299.32,104000.0,103184.7,103646.82,0.1194
2025-05-18 05:30:00,103646.82,104117.4,103579.23,103649.53,0.190331
2025-05-18 05:45:00,103649.53,104117.4,103646.82,104117.4,0.015791
2025-05-18 06:00:00,104117.4,104117.4,103649.5,104090.8,0.017102
2025-05-18 06:15:00,104090.8,104139.09,103690.0,103690.0,0.887955
2025-05-18 06:30:00,103690.0,104090.8,103181.72,103181.77,1.361555
2025-05-18 06:45:00,103181.77,103646.82,103181.73,103646.82,0.035382
2025-05-18 07:00:00,103646.82,103646.82,103545.0,103646.82,0.00537
2025-05-18 07:15:00,103646.82,103646.82,103445.0,103445.06,0.014034
2025-05-18 07:30:00,103445.06,104213.54,102736.05,103181.73,3.998398
2025-05-18 07:45:00,103181.73,103821.64,103181.73,103411.57,0.065914
2025-05-18 08:00:00,103411.57,104000.0,103411.57,103646.84,0.065553
2025-05-18 08:15:00,103646.84,104045.0,99558.56,103175.21,60.643797
2025-05-18 08:30:00,103175.21,103402.71,102045.37,102705.73,0.417944
2025-05-18 08:45:00,102705.73,103045.0,102235.08,102727.18,0.175135
2025-05-18 09:00:00,102727.18,102940.95,102470.38,102940.95,0.032672
2025-05-18 09:15:00,102940.95,102940.95,102547.76,102940.95,0.021796
2025-05-18 09:30:00,102940.95,102940.95,102547.76,102940.95,0.012705
2025-05-18 09:45:00,102940.95,103065.82,102739.44,103065.82,0.026673
2025-05-18 10:00:00,103065.82,103176.24,102739.45,103176.24,0.031861
2025-05-18 10:15:00,103176.24,103184.7,103061.59,103184.7,0.017068
2025-05-18 10:30:00,103184.7,103184.7,103174.7,103184.7,0.003578
2025-05-18 10:45:00,103184.7,103245.56,103085.0,103245.56,0.008033
2025-05-18 11:00:00,103245.56,103402.71,102272.64,102579.71,1.107604
2025-05-18 11:15:00,102579.71,102705.66,102272.64,102375.0,0.016169
2025-05-18 11:30:00,102375.0,102705.66,102256.4,102256.45,0.053109
2025-05-18 11:45:00,102256.45,102940.95,102256.45,102547.78,0.067054
2025-05-18 12:00:00,102547.78,102954.46,101899.71,101899.71,1.066144
2025-05-18 12:15:00,101899.71,102235.08,101818.1,102235.08,0.054045
2025-05-18 12:30:00,102235.08,102235.08,101899.65,102010.0,0.022294
2025-05-18 12:45:00,102010.0,102229.29,101764.5,102177.77,0.036827
2025-05-18 13:00:00,102177.77,102470.37,101999.79,102179.59,0.055263
2025-05-18 13:15:00,102179.59,102179.64,102080.04,102080.04,0.00501
2025-05-18 13:30:00,102080.04,104587.98,101999.79,104140.28,4.159959
2025-05-18 13:45:00,104140.28,104440.0,104140.11,104140.18,0.038646
2025-05-18 14:00:00,104140.18,104587.98,104140.11,104587.98,0.067521
2025-05-18 14:15:00,104587.98,105999.72,103579.23,105531.11,8.221942
2025-05-18 14:30:00,105531.11,106050.93,105529.14,105865.0,0.035847
2025-05-18 14:45:00,105865.0,106051.01,105764.43,106051.01,0.036157
2025-05-18 15:00:00,106051.01,106149.94,105764.44,105765.0,0.008892
2025-05-18 15:15:00,105765.0,105765.0,105732.46,105732.49,0.01726
2025-05-18 15:30:00,105732.49,105999.72,105605.03,105605.04,0.019823
2025-05-18 15:45:00,105605.04,107773.8,105480.0,107324.85,13.457525
2025-05-18 16:00:00,107324.85,107773.8,107006.34,107006.41,50.145185
2025-05-18 16:15:00,107006.41,107411.46,106940.88,107324.81,0.040661
2025-05-18 16:30:00,107324.81,107411.46,106940.88,107411.46,0.035665
2025-05-18 16:45:00,107411.46,107643.28,107006.34,107642.0,0.035589
2025-05-18 17:00:00,107642.0,107643.28,107176.17,107627.73,0.035168
2025-05-18 17:15:00,107627.73,109235.63,107411.46,108702.33,92.433501
2025-05-18 17:30:00,108702.33,109058.49,108587.91,108600.12,0.077242
2025-05-18 17:45:00,108600.12,109058.49,108598.69,108702.28,0.034289
2025-05-18 18:00:00,108702.28,109058.49,108400.0,108400.05,0.033619
2025-05-18 18:15:00,108400.05,108823.2,107739.81,108117.33,0.144378
2025-05-18 18:30:00,108117.33,108117.33,107726.02,107935.0,0.031777
2025-05-18 18:45:00,107935.0,108280.22,107719.22,107882.04,0.031851
2025-05-18 19:00:00,107882.04,108280.22,107618.54,107618.54,0.08386
2025-05-18 19:15:00,107618.54,107882.04,107437.13,107854.66,0.0454
2025-05-18 19:30:00,107854.66,107882.04,107415.0,107615.25,0.033386
2025-05-18 19:45:00,107615.25,107882.04,107411.46,107615.25,0.03303
2025-05-18 20:00:00,107615.25,107882.04,107411.46,107615.25,0.031367
2025-05-18 20:15:00,107615.25,108094.07,107411.46,108094.07,0.033109
2025-05-18 20:30:00,108094.07,108352.62,107646.75,108352.62,0.059927
2025-05-18 20:45:00,108352.62,108587.91,107961.75,108583.05,0.031728
2025-05-18 21:00:00,108583.05,108587.91,107080.65,107080.65,1.034931
2025-05-18 21:15:00,107080.65,107643.28,107080.65,107176.17,0.033184
2025-05-18 21:30:00,107176.17,107643.28,106104.47,106104.47,1.111771
2025-05-18 21:45:00,106104.47,106687.87,105999.72,106235.01,0.077204
2025-05-18 22:00:00,106235.01,106705.59,106235.01,106687.87,0.045911
2025-05-18 22:15:00,106687.87,106940.88,106235.01,106527.4,0.038057
2025-05-18 22:30:00,106527.4,106940.88,106470.3,106640.07,0.034385
2025-05-18 22:45:00,106640.07,106940.88,106470.3,106470.35,0.038263
2025-05-18 23:00:00,106470.35,107006.34,106470.3,107006.34,0.036051
2025-05-18 23:15:00,107006.34,107176.17,106705.59,107176.17,0.035563
2025-05-18 23:30:00,107176.17,107176.17,106605.0,106605.0,0.041021
2025-05-18 23:45:00,106605.0,107643.28,106505.0,107324.85,0.147689
2025-05-19 00:00:00,107324.85,107643.28,107225.0,107643.28,0.032582
2025-05-19 00:15:00,107643.28,107643.28,107176.17,107176.22,0.048402
2025-05-19 00:30:00,107176.22,107643.28,107045.26,107045.29,0.048593
2025-05-19 00:45:00,107045.29,107411.46,106940.88,106940.88,0.044369
2025-05-19 01:00:00,106940.88,107411.46,106940.88,107411.46,0.034355
2025-05-19 01:15:00,107411.46,107643.28,107006.34,107176.22,0.034267
2025-05-19 01:30:00,107176.22,107643.28,107176.17,107176.17,0.030961
2025-05-19 01:45:00,107176.17,107643.28,107176.17,107176.24,0.032956
2025-05-19 02:00:00,107176.24,107643.28,106940.88,106940.91,0.032502
2025-05-19 02:15:00,106940.91,107411.46,106940.88,107324.81,0.032121
2025-05-19 02:30:00,107324.81,107324.81,106805.0,107105.0,0.031441
2025-05-19 02:45:00,107105.0,107176.17,106705.59,106705.66,0.032214
2025-05-19 03:00:00,106705.66,107176.17,106705.59,106705.59,0.032704
2025-05-19 03:15:00,106705.59,107340.0,106705.59,107340.0,0.032228
2025-05-19 03:30:00,107340.0,107643.28,107006.34,107176.22,0.069844
2025-05-19 03:45:00,107176.22,107643.28,99013.52,100588.12,86.303422
2025-05-19 04:00:00,100588.12,100681.81,100454.48,100454.48,0.058882
2025-05-19 04:15:00,100454.48,100681.81,100454.48,100454.48,0.032162
2025-05-19 04:30:00,100454.48,100681.81,100352.76,100454.48,0.042462
2025-05-19 04:45:00,100454.48,100681.81,100318.47,100318.65,0.09387
2025-05-19 05:00:00,100318.65,100681.81,100318.62,100454.53,0.087021
2025-05-19 05:15:00,100454.53,100681.81,100454.48,100454.49,0.051531
2025-05-19 05:30:00,100454.49,100681.81,100352.76,100681.81,0.062749
2025-05-19 05:45:00,100681.81,100681.81,100454.48,100681.81,0.087419
2025-05-19 06:00:00,100681.81,100681.81,100352.76,100454.5,0.07498
2025-05-19 06:15:00,100454.5,100681.81,100454.48,100681.81,0.047353
2025-05-19 06:30:00,100681.81,100681.81,100352.76,100681.75,0.094154
2025-05-19 06:45:00,100681.75,101529.21,100352.76,101529.21,2.037074
2025-05-19 07:00:00,101529.21,101695.0,101059.86,101598.24,0.058834
2025-05-19 07:15:00,101598.24,102866.23,101101.83,102819.77,32.04014
2025-05-19 07:30:00,102819.77,102940.95,102547.76,102940.95,0.093078
2025-05-19 07:45:00,102940.95,103184.7,102591.54,103184.7,0.082205
2025-05-19 08:00:00,103184.7,103184.7,102705.66,102705.66,0.077311
2025-05-19 08:15:00,102705.66,103176.24,102049.09,102764.34,1.164735
2025-05-19 08:30:00,102764.34,103402.71,102764.34,102954.45,0.051679
2025-05-19 08:45:00,102954.45,105888.77,102954.45,104419.02,21.033295
2025-05-19 09:00:00,104419.02,104587.98,104117.4,104117.4,0.056204
2025-05-19 09:15:00,104117.4,104458.58,102998.48,103886.97,1.202587
2025-05-19 09:30:00,103886.97,104318.07,103882.11,104318.07,0.033159
2025-05-19 09:45:00,104318.07,104352.69,103891.83,104352.69,0.042307
2025-05-19 10:00:00,104352.69,104352.69,103882.11,103891.8,0.036478
2025-05-19 10:15:00,103891.8,104352.69,103882.11,104090.8,0.038282
2025-05-19 10:30:00,104090.8,104419.02,102954.45,103646.82,0.303745
2025-05-19 10:45:00,103646.82,104090.8,103408.99,103421.98,0.128058
2025-05-19 11:00:00,103421.98,103882.11,103238.36,103579.23,0.087186
2025-05-19 11:15:00,103579.23,103980.0,103181.72,103980.0,0.225124
2025-05-19 11:30:00,103980.0,104064.9,103299.3,103636.26,0.082087
2025-05-19 11:45:00,103636.26,103821.64,102705.66,103636.26,0.579575
2025-05-19 12:00:00,103636.26,103636.26,102727.18,103176.24,0.11556
2025-05-19 12:15:00,103176.24,104181.3,102904.9,103882.11,0.888655
2025-05-19 12:30:00,103882.11,104587.98,103863.53,104545.34,0.204215
2025-05-19 12:45:00,104545.34,104628.69,104140.11,104352.69,0.08456
2025-05-19 13:00:00,104352.69,104628.69,104117.4,104419.02,0.06551
2025-05-19 13:15:00,104419.02,104458.58,104090.8,104090.8,0.03728
2025-05-19 13:30:00,104090.8,104458.58,103882.11,104458.58,0.069143
2025-05-19 13:45:00,104458.58,105791.08,103474.09,104545.34,6.486412
2025-05-19 14:00:00,104545.34,105058.56,104545.34,104587.98,0.074424
2025-05-19 14:15:00,104587.98,104999.88,104352.69,104777.05,0.084432
2025-05-19 14:30:00,104777.05,104823.27,104352.69,104545.51,0.051972
2025-05-19 14:45:00,104545.51,105058.56,104352.69,104352.69,0.115326
2025-05-19 15:00:00,104352.69,104624.0,104274.22,104619.34,0.138769
2025-05-19 15:15:00,104619.34,104999.88,104352.69,104587.98,0.090369
2025-05-19 15:30:00,104587.98,105293.85,104587.98,104707.12,0.349161
2025-05-19 15:45:00,104707.12,105058.56,104706.94,104708.03,0.070481
2025-05-19 16:00:00,104708.03,105110.0,104705.83,104705.83,1.023012
2025-05-19 16:15:00,104705.83,105095.52,104705.83,104823.42,0.285848
2025-05-19 16:30:00,104823.42,105095.52,104823.27,104824.32,0.057001
2025-05-19 16:45:00,104824.32,105296.47,104824.32,105058.65,0.056306
2025-05-19 17:00:00,105058.65,105522.03,105058.56,105095.57,0.088745
2025-05-19 17:15:00,105095.57,105522.03,104032.7,104823.27,8.377547
2025-05-19 17:30:00,104823.27,105293.85,104587.98,105242.9,3.144831
2025-05-19 17:45:00,105242.9,105731.4,104823.34,105294.04,1.034643
2025-05-19 18:00:00,105294.04,105716.72,105293.85,105295.95,0.080482
2025-05-19 18:15:00,105295.95,105787.79,104823.36,104933.79,0.266918
2025-05-19 18:30:00,104933.79,105293.85,104823.36,104823.38,0.805572
2025-05-19 18:45:00,104823.38,105125.0,104823.36,104824.42,0.058958
2025-05-19 19:00:00,104824.42,105123.95,104662.25,104662.29,0.583736
2025-05-19 19:15:00,104662.29,105058.56,104662.11,105058.56,0.048715
2025-05-19 19:30:00,105058.56,105255.6,104772.61,104886.56,1.076798
2025-05-19 19:45:00,104886.56,105293.85,104833.12,105040.0,0.050225
2025-05-19 20:00:00,105040.0,105529.14,105040.0,105516.34,0.073414
2025-05-19 20:15:00,105516.34,105854.67,105040.0,105107.73,0.24963
2025-05-19 20:30:00,105107.73,105529.14,105107.51,105410.0,0.486514
2025-05-19 20:45:00,105410.0,105529.14,104905.59,105293.85,0.20578
2025-05-19 21:00:00,105293.85,105854.67,104905.55,105293.9,0.133585
2025-05-19 21:15:00,105293.9,105854.67,105095.52,105095.52,0.154731
2025-05-19 21:30:00,105095.52,105529.14,105058.56,105058.61,0.033639
2025-05-19 21:45:00,105058.61,105413.99,105058.56,105059.65,0.04282
2025-05-19 22:00:00,105059.65,105529.14,105059.62,105095.61,0.055267
2025-05-19 22:15:00,105095.61,105529.14,105095.53,105104.81,0.039523
2025-05-19 22:30:00,105104.81,105529.14,105095.52,105395.0,0.033618
2025-05-19 22:45:00,105395.0,105529.14,105095.49,105106.42,0.058878
2025-05-19 23:00:00,105106.42,105529.14,105104.82,105159.86,0.052274
2025-05-19 23:15:00,105159.86,105732.46,105159.86,105705.14,0.038083
2025-05-19 23:30:00,105705.14,105732.46,105293.85,105293.94,0.039414
2025-05-19 23:45:00,105293.94,105732.46,105293.85,105294.01,0.057608
2025-05-20 00:00:00,105294.01,105764.43,105293.86,105414.03,0.049307
2025-05-20 00:15:00,105414.03,105888.77,105413.99,105529.16,0.648962
2025-05-20 00:30:00,105529.16,105888.77,105413.99,105715.0,0.045773
2025-05-20 00:45:00,105715.0,105764.43,105315.0,105414.02,0.042654
2025-05-20 01:00:00,105414.02,105888.77,105414.02,105529.19,0.071527
2025-05-20 01:15:00,105529.19,105888.77,105529.18,105529.18,1.837837
2025-05-20 01:30:00,105529.18,105888.77,105529.18,105529.27,0.031787
2025-05-20 01:45:00,105529.27,105888.77,105529.18,105529.21,0.075251
2025-05-20 02:00:00,105529.21,105888.77,105529.18,105529.25,0.082713
2025-05-20 02:15:00,105529.25,105888.77,105529.18,105697.02,0.093717
2025-05-20 02:30:00,105697.02,105888.77,105529.18,105767.18,0.04939
2025-05-20 02:45:00,105767.18,105888.77,105529.18,105603.36,0.054777
2025-05-20 03:00:00,105603.36,105888.77,105529.18,105529.2,0.060366
2025-05-20 03:15:00,105529.2,105888.77,105529.18,105595.68,0.137061
2025-05-20 03:30:00,105595.68,105888.77,105529.18,105529.19,0.048106
2025-05-20 03:45:00,105529.19,105888.77,105529.18,105529.73,0.06464
2025-05-20 04:00:00,105529.73,105888.77,105529.18,105529.19,0.080412
2025-05-20 04:15:00,105529.19,105630.0,105529.18,105529.18,0.045553
2025-05-20 04:30:00,105529.18,105581.93,105529.16,105529.24,0.274106
2025-05-20 04:45:00,105529.24,105888.77,105529.16,105529.18,0.050721
2025-05-20 05:00:00,105529.18,105888.77,105529.16,105572.06,0.032708
2025-05-20 05:15:00,105572.06,105888.77,105529.16,105529.16,0.0322
2025-05-20 05:30:00,105529.16,105888.77,105529.16,105626.74,0.032591
2025-05-20 05:45:00,105626.74,105888.77,105529.16,105529.2,0.046093
2025-05-20 06:00:00,105529.2,106560.21,105529.16,105764.43,50.097911
2025-05-20 06:15:00,105764.43,106187.56,105058.56,105522.11,1.051786
2025-05-20 06:30:00,105522.11,105529.14,105058.56,105413.99,0.037768
2025-05-20 06:45:00,105413.99,105529.14,105058.56,105247.98,0.033251
2025-05-20 07:00:00,105247.98,105529.14,105095.52,105104.81,0.040061
2025-05-20 07:15:00,105104.81,105529.14,105058.56,105413.99,0.034799
2025-05-20 07:30:00,105413.99,105413.99,104772.61,105058.56,0.116474
2025-05-20 07:45:00,105058.56,105058.56,104729.88,104999.88,0.03849
2025-05-20 08:00:00,104999.88,105095.52,104719.98,104772.61,0.065458
2025-05-20 08:15:00,104772.61,104823.27,104628.69,104628.69,0.114771
2025-05-20 08:30:00,104628.69,104823.27,104628.69,104823.27,0.052098
2025-05-20 08:45:00,104823.27,104823.27,104628.69,104823.27,0.05495
2025-05-20 09:00:00,104823.27,104823.27,104628.69,104657.84,0.183338
2025-05-20 09:15:00,104657.84,104823.27,104628.69,104705.45,0.052161
2025-05-20 09:30:00,104705.45,104823.27,104628.69,104628.69,0.053204
2025-05-20 09:45:00,104628.69,104823.27,104628.69,104628.7,0.12256
2025-05-20 10:00:00,104628.7,104823.27,104628.69,104628.76,0.171345
2025-05-20 10:15:00,104628.76,104823.27,104628.69,104628.71,0.033816
2025-05-20 10:30:00,104628.71,104823.27,104628.69,104628.74,0.031742
2025-05-20 10:45:00,104628.74,104823.27,104628.69,104823.27,0.032343
2025-05-20 11:00:00,104823.27,104823.27,104628.69,104628.88,0.047059
2025-05-20 11:15:00,104628.88,104823.27,104628.69,104628.74,0.074712
2025-05-20 11:30:00,104628.74,107290.27,104465.03,106940.88,35.784995
2025-05-20 11:45:00,106940.88,106940.88,106470.35,106470.35,0.021582
2025-05-20 12:00:00,106470.35,106570.0,106470.35,106570.0,0.00995
2025-05-20 12:15:00,106570.0,106940.88,106470.35,106940.88,0.026827
2025-05-20 12:30:00,106940.88,106940.88,106527.49,106940.88,0.024712
2025-05-20 12:45:00,106940.88,106940.88,106705.59,106940.88,0.010699
2025-05-20 13:00:00,106940.88,106940.88,98011.79,101765.05,113.770168
2025-05-20 13:15:00,101765.05,102045.37,101764.5,102045.37,0.02693
2025-05-20 13:30:00,102045.37,102176.73,101764.5,101818.1,0.054591
2025-05-20 13:45:00,101818.1,102176.73,101764.5,102176.73,0.053421
2025-05-20 14:00:00,102176.73,102176.73,101615.38,101989.67,0.051049
2025-05-20 14:15:00,101989.67,101999.79,101592.35,101999.79,0.042733
2025-05-20 14:30:00,101999.79,102045.37,101592.35,101764.5,0.031861
2025-05-20 14:45:00,101764.5,102176.73,101764.5,101764.55,0.036989
2025-05-20 15:00:00,101764.55,102045.37,101764.5,101764.5,0.011833
2025-05-20 15:15:00,101764.5,102176.73,101764.5,102176.73,0.124238
2025-05-20 15:30:00,102176.73,102176.73,101273.88,101273.88,0.110084
2025-05-20 15:45:00,101273.88,101529.21,101143.35,101143.44,0.041932
2025-05-20 16:00:00,101143.44,104350.96,100779.93,103882.11,1.986342
2025-05-20 16:15:00,103882.11,104318.07,103646.82,103863.53,0.082867
2025-05-20 16:30:00,103863.53,104117.4,103815.0,104090.8,0.019864
2025-05-20 16:45:00,104090.8,104090.8,103646.82,104060.62,0.015955
2025-05-20 17:00:00,104060.62,104117.4,103649.49,104117.4,0.014387
2025-05-20 17:15:00,104117.4,104350.96,103863.53,104090.8,0.096696
2025-05-20 17:30:00,104090.8,107290.27,103646.82,106590.03,203.606015
2025-05-20 17:45:00,106590.03,106705.59,106235.01,106688.94,0.040919
2025-05-20 18:00:00,106688.94,107290.27,106470.3,106470.3,0.206695
2025-05-20 18:15:00,106470.3,106940.88,105854.67,105854.67,0.100239
2025-05-20 18:30:00,105854.67,106066.43,105854.67,105854.67,0.020753
2025-05-20 18:45:00,105854.67,106053.94,105854.67,105854.67,0.026142
2025-05-20 19:00:00,105854.67,106053.94,105854.67,105955.0,0.024291
2025-05-20 19:15:00,105955.0,106052.88,105854.67,105854.67,0.021539
2025-05-20 19:30:00,105854.67,106052.88,105854.67,105950.0,0.036037
2025-05-20 19:45:00,105950.0,106053.94,105856.06,106053.94,0.032044
2025-05-20 20:00:00,106053.94,106235.01,104823.27,105293.85,1.080735
2025-05-20 20:15:00,105293.85,105999.72,104823.27,105529.14,0.164592
2025-05-20 20:30:00,105529.14,106050.93,105529.14,105950.04,0.006863
2025-05-20 20:45:00,105950.04,106132.86,105764.43,106132.86,0.015304
2025-05-20 21:00:00,106132.86,106133.92,105764.43,106133.92,0.018299
2025-05-20 21:15:00,106133.92,106190.19,105764.43,105764.43,0.012329
2025-05-20 21:30:00,105764.43,106235.01,105764.43,106208.58,0.019299
2025-05-20 21:45:00,106208.58,106235.01,105935.0,105935.0,0.015903
2025-05-20 22:00:00,105935.0,106442.76,105935.0,106441.7,0.039586
2025-05-20 22:15:00,106441.7,106442.76,106050.93,106050.93,0.091206
2025-05-20 22:30:00,106050.93,106470.3,106050.93,106170.04,0.019361
2025-05-20 22:45:00,106170.04,106527.4,106070.01,106527.4,1.041024
2025-05-20 23:00:00,106527.4,106677.99,106370.3,106670.03,0.023052
2025-05-20 23:15:00,106670.03,106705.59,106471.06,106705.59,0.02937
2025-05-20 23:30:00,106705.59,106705.59,106369.4,106369.43,0.00739
2025-05-20 23:45:00,106369.43,106940.88,106070.06,106705.59,0.215451
2025-05-21 00:00:00,106705.59,106705.59,106369.4,106369.47,0.018438
2025-05-21 00:15:00,106369.47,106707.59,106369.4,106707.59,0.023255
2025-05-21 00:30:00,106707.59,106725.59,106470.3,106470.34,0.012164
2025-05-21 00:45:00,106470.34,106725.59,106470.3,106470.3,0.017824
2025-05-21 01:00:00,106470.3,106770.0,106470.3,106470.37,0.034614
2025-05-21 01:15:00,106470.37,106940.88,106470.31,106940.88,0.055706
2025-05-21 01:30:00,106940.88,106963.67,106527.57,106905.0,0.037492
2025-05-21 01:45:00,106905.0,107005.0,106527.42,106527.42,0.023921
2025-05-21 02:00:00,106527.42,106940.88,106269.8,106269.84,1.519885
2025-05-21 02:15:00,106269.84,106270.2,106269.8,106269.81,0.008021
2025-05-21 02:30:00,106269.81,106687.87,106269.8,106419.55,0.125248
2025-05-21 02:45:00,106419.55,106705.59,106235.17,106705.59,0.093762
2025-05-21 03:00:00,106705.59,107006.34,106369.4,107006.34,0.21735
2025-05-21 03:15:00,107006.34,107080.65,106525.0,106940.88,0.299462
2025-05-21 03:30:00,106940.88,107080.65,106525.0,106940.88,0.200557
2025-05-21 03:45:00,106940.88,106990.0,106520.71,106705.59,1.027851
2025-05-21 04:00:00,106705.59,107006.34,106705.59,106705.67,0.010013
2025-05-21 04:15:00,106705.67,107080.65,106705.59,107059.7,0.026148
2025-05-21 04:30:00,107059.7,107080.65,106705.59,106705.64,0.050596
2025-05-21 04:45:00,106705.64,107080.65,106705.59,106822.05,0.023757
2025-05-21 05:00:00,106822.05,107080.65,106687.87,106687.95,0.021161
2025-05-21 05:15:00,106687.95,106940.88,106687.87,106687.95,0.02186
2025-05-21 05:30:00,106687.95,106940.88,106687.87,106740.03,0.023652
2025-05-21 05:45:00,106740.03,106940.88,106540.0,106540.06,0.040143
2025-05-21 06:00:00,106540.06,106940.88,106520.71,106520.73,0.009136
2025-05-21 06:15:00,106520.73,106840.0,106520.71,106520.9,0.012529
2025-05-21 06:30:00,106520.9,106938.53,106520.71,106521.62,0.038934
2025-05-21 06:45:00,106521.62,106720.0,106520.71,106520.71,0.029172
2025-05-21 07:00:00,106520.71,106718.93,106520.71,106520.72,0.041814
2025-05-21 07:15:00,106520.72,109343.75,105854.67,106763.8,182.804542
2025-05-21 07:30:00,106763.8,106940.88,106470.3,106470.3,0.797708
2025-05-21 07:45:00,106470.3,106938.53,106470.3,106733.3,0.159546
2025-05-21 08:00:00,106733.3,106900.39,106470.3,106587.08,0.033513
2025-05-21 08:15:00,106587.08,106930.0,105444.4,106235.01,4.409392
2025-05-21 08:30:00,106235.01,106470.3,106028.0,106300.51,0.412689
2025-05-21 08:45:00,106300.51,106687.87,106131.11,106248.58,0.194942
2025-05-21 09:00:00,106248.58,106687.87,106131.11,106183.6,0.115301
2025-05-21 09:15:00,106183.6,106687.87,106131.11,106235.07,0.061281
2025-05-21 09:30:00,106235.07,106535.0,106171.28,106171.28,0.089069
2025-05-21 09:45:00,106171.28,106335.0,106131.11,106232.32,0.093706
2025-05-21 10:00:00,106232.32,106335.0,106131.11,106131.41,0.03377
2025-05-21 10:15:00,106131.41,106335.0,106131.11,106131.14,0.017451
2025-05-21 10:30:00,106131.14,106335.0,106131.11,106131.18,0.042632
2025-05-21 10:45:00,106131.18,106335.0,106131.11,106131.12,0.017938
2025-05-21 11:00:00,106131.12,106335.0,106131.12,106235.2,0.02238
2025-05-21 11:15:00,106235.2,106335.0,106234.6,106234.6,0.703384
2025-05-21 11:30:00,106234.6,106335.0,106234.6,106234.63,0.004146
2025-05-21 11:45:00,106234.63,106335.0,106135.0,106335.0,0.033609
2025-05-21 12:00:00,106335.0,106335.0,106131.11,106165.67,0.007333
2025-05-21 12:15:00,106165.67,107868.32,106131.11,106470.3,5.391171
2025-05-21 12:30:00,106470.3,106940.88,106470.3,106638.99,0.026155
2025-05-21 12:45:00,106638.99,106785.0,106131.11,106405.78,0.253988
2025-05-21 13:00:00,106405.78,106470.3,106131.11,106131.16,0.031692
2025-05-21 13:15:00,106131.16,107006.34,106028.0,106369.4,1.135633
2025-05-21 13:30:00,106369.4,106470.3,106028.0,106050.93,0.040062
2025-05-21 13:45:00,106050.93,108306.63,106028.0,107882.04,3.164163
2025-05-21 14:00:00,107882.04,107882.04,107006.34,107006.59,0.144329
2025-05-21 14:15:00,107006.59,107411.46,107006.52,107200.34,0.015899
2025-05-21 14:30:00,107200.34,107405.0,107200.01,107205.04,0.012739
2025-05-21 14:45:00,107205.04,107411.46,106687.87,106834.7,0.090432
2025-05-21 15:00:00,106834.7,106870.5,106687.89,106869.11,0.018179
2025-05-21 15:15:00,106869.11,106940.88,106687.87,106940.88,0.016038
2025-05-21 15:30:00,106940.88,108117.33,106879.3,107158.1,1.252666
2025-05-21 15:45:00,107158.1,110414.34,106235.01,109235.63,63.523817
2025-05-21 16:00:00,109235.63,109529.04,109053.67,109293.78,0.023673
2025-05-21 16:15:00,109293.78,109293.78,109000.0,109095.0,0.010775
2025-05-21 16:30:00,109095.0,110789.47,102983.4,109058.49,344.494721
2025-05-21 16:45:00,109058.49,109532.61,108117.33,108823.2,1.228308
2025-05-21 17:00:00,108823.2,109500.0,107882.04,108739.29,0.798117
2025-05-21 17:15:00,108739.29,108741.47,107324.81,107324.81,0.524786
2025-05-21 17:30:00,107324.81,107646.75,105764.43,106235.01,2.332593
2025-05-21 17:45:00,106235.01,106235.01,104352.69,105413.99,1.062483
2025-05-21 18:00:00,105413.99,107080.65,105058.56,106687.87,9.435887
2025-05-21 18:15:00,106687.87,107080.65,106235.01,106938.53,0.427948
2025-05-21 18:30:00,106938.53,107176.17,105999.72,106705.59,2.271311
2025-05-21 18:45:00,106705.59,107411.46,106470.3,107006.34,0.436788
2025-05-21 19:00:00,107006.34,107176.17,106235.01,106527.42,0.541552
2025-05-21 19:15:00,106527.42,107405.0,106527.4,107405.0,0.540612
2025-05-21 19:30:00,107405.0,107643.28,105854.67,106255.28,0.512806
