timestamp,open,high,low,close,volume
2025-02-01 00:00:00,102423.27,102760.54,102238.96,102592.22,0.028614
2025-02-01 00:15:00,102592.22,102766.27,102338.61,102338.61,0.034963
2025-02-01 00:30:00,102338.61,102766.27,102066.28,102384.03,0.028431
2025-02-01 00:45:00,102384.03,102654.42,102382.11,102530.77,0.007525
2025-02-01 01:00:00,102530.77,102789.33,102447.34,102606.81,0.011959
2025-02-01 01:15:00,102606.81,102789.33,102597.17,102705.36,0.005812
2025-02-01 01:30:00,102705.36,102831.33,102607.15,102646.03,0.026616
2025-02-01 01:45:00,102646.03,102904.54,102620.83,102637.12,0.00767
2025-02-01 02:00:00,102637.12,102904.54,102631.84,102749.77,0.008308
2025-02-01 02:15:00,102749.77,102904.54,102627.1,102627.1,0.006412
2025-02-01 02:30:00,102627.1,102904.54,102627.1,102636.26,0.005805
2025-02-01 02:45:00,102636.26,102938.41,102636.26,102665.75,0.007026
2025-02-01 03:00:00,102665.75,102985.81,102665.75,102700.81,0.010203
2025-02-01 03:15:00,102700.81,102985.81,102682.58,102789.98,0.006509
2025-02-01 03:30:00,102789.98,102985.81,102575.43,102696.05,0.008034
2025-02-01 03:45:00,102696.05,102985.81,102682.76,102826.24,0.007563
2025-02-01 04:00:00,102826.24,102938.41,102575.43,102683.1,0.01005
2025-02-01 04:15:00,102683.1,102985.81,102575.43,102746.35,0.007014
2025-02-01 04:30:00,102746.35,102938.41,102653.97,102799.27,0.005998
2025-02-01 04:45:00,102799.27,102994.05,102700.73,102833.17,0.012142
2025-02-01 05:00:00,102833.17,102994.05,102692.6,102872.65,0.009271
2025-02-01 05:15:00,102872.65,102994.05,102699.91,102775.05,0.005997
2025-02-01 05:30:00,102775.05,102994.05,102698.77,102764.39,0.005517
2025-02-01 05:45:00,102764.39,102999.6,102693.89,102777.16,0.008946
2025-02-01 06:00:00,102777.16,102999.6,102683.42,102834.73,0.008397
2025-02-01 06:15:00,102834.73,103014.95,102703.17,102709.86,0.008356
2025-02-01 06:30:00,102709.86,108295.89,99866.39,101366.29,3.401685
2025-02-01 06:45:00,101366.29,103416.75,101217.63,102877.23,0.326045
2025-02-01 07:00:00,102877.23,102938.41,102547.25,102683.25,0.008418
2025-02-01 07:15:00,102683.25,102999.6,102683.25,102787.09,0.005107
2025-02-01 07:30:00,102787.09,102999.6,102683.17,102776.37,0.008627
2025-02-01 07:45:00,102776.37,102999.6,102684.76,102686.41,0.010605
2025-02-01 08:00:00,102686.41,102999.6,102647.15,102814.51,0.00759
2025-02-01 08:15:00,102814.51,102894.32,102575.43,102660.55,0.00775
2025-02-01 08:30:00,102660.55,102938.41,102448.07,102448.07,0.037878
2025-02-01 08:45:00,102448.07,102766.27,102427.32,102432.86,0.012331
2025-02-01 09:00:00,102432.86,102621.43,102279.73,102532.94,0.027617
2025-02-01 09:15:00,102532.94,102766.27,102246.99,102517.94,0.022896
2025-02-01 09:30:00,102517.94,108373.71,102066.28,106480.8,2.421244
2025-02-01 09:45:00,106480.8,111758.81,105513.03,111614.36,4.190144
2025-02-01 10:00:00,111614.36,111781.25,111562.56,111667.68,0.006469
2025-02-01 10:15:00,111667.68,111801.87,111562.56,111688.69,0.021238
2025-02-01 10:30:00,111688.69,111801.87,111562.56,111696.66,0.007072
2025-02-01 10:45:00,111696.66,111866.54,111644.52,111866.54,0.146188
2025-02-01 11:00:00,111866.54,111966.93,111866.54,111915.15,0.003555
2025-02-01 11:15:00,111915.15,111966.93,111902.74,111938.12,0.012175
2025-02-01 11:30:00,111938.12,111966.93,111902.74,111925.54,0.00618
2025-02-01 11:45:00,111925.54,112048.2,111903.5,112035.37,0.030732
2025-02-01 12:00:00,112035.37,112048.2,112023.76,112042.64,0.019895
2025-02-01 12:15:00,112042.64,112344.4,112033.91,112114.53,0.011458
2025-02-01 12:30:00,112114.53,112344.4,103416.75,103416.75,2.352162
2025-02-01 12:45:00,103416.75,103932.92,103416.75,103841.05,0.011421
2025-02-01 13:00:00,103841.05,105099.57,103774.61,105090.9,0.026352
2025-02-01 13:15:00,105090.9,105451.43,101995.31,102250.21,0.393743
2025-02-01 13:30:00,102250.21,102532.94,102201.47,102447.77,0.005417
2025-02-01 13:45:00,102447.77,102575.43,101718.89,101937.03,0.48598
2025-02-01 14:00:00,101937.03,102212.45,101931.31,101998.57,0.057895
2025-02-01 14:15:00,101998.57,102766.27,101998.57,102376.01,0.022696
2025-02-01 14:30:00,102376.01,102766.27,102299.61,102431.18,0.007328
2025-02-01 14:45:00,102431.18,102766.27,102213.25,102360.1,0.012326
2025-02-01 15:00:00,102360.1,107609.31,101366.29,103343.22,1.225194
2025-02-01 15:15:00,103343.22,109220.4,102789.33,108198.49,1.384464
2025-02-01 15:30:00,108198.49,110583.83,101613.42,108832.85,5.779839
2025-02-01 15:45:00,108832.85,112348.02,101651.84,110739.81,16.979352
2025-02-01 16:00:00,110739.81,111420.27,109705.59,111000.0,3.548518
2025-02-01 16:15:00,111000.0,111420.27,101320.47,101983.76,1.945945
2025-02-01 16:30:00,101983.76,102299.61,101832.95,101998.35,0.018069
2025-02-01 16:45:00,101998.35,112111.99,101486.49,108760.48,488.269963
2025-02-01 17:00:00,108760.48,108873.66,91848.9,94793.88,18417.640242
2025-02-01 17:15:00,94793.88,108935.34,91994.82,108218.84,19111.343983
2025-02-01 17:30:00,108218.84,109886.72,91994.82,109886.72,28483.466247
2025-02-01 17:45:00,109886.72,112488.26,98893.72,112177.94,8513.600061
2025-02-01 18:00:00,112177.94,112375.89,109705.59,109925.47,3.066228
2025-02-01 18:15:00,109925.47,112297.9,109705.59,111379.29,0.925328
2025-02-01 18:30:00,111379.29,111769.39,111000.0,111572.34,0.007407
2025-02-01 18:45:00,111572.34,112012.91,111469.35,111623.03,0.008399
2025-02-01 19:00:00,111623.03,112101.69,109705.59,111772.37,1.20689
2025-02-01 19:15:00,111772.37,112193.04,91666.65,99998.7,2318.724563
2025-02-01 19:30:00,99998.7,111940.18,92323.33,111738.82,6597.695151
2025-02-01 19:45:00,111738.82,111832.19,111738.82,111813.14,0.007502
2025-02-01 20:00:00,111813.14,111813.14,111738.82,111738.82,0.0007
2025-02-01 20:15:00,111738.82,111738.82,100592.56,100666.3,302.354328
2025-02-01 20:30:00,100666.3,101251.08,100432.97,101242.77,0.019853
2025-02-01 20:45:00,101242.77,101421.91,101242.77,101255.22,0.011659
2025-02-01 21:00:00,101255.22,101599.62,101132.96,101337.18,0.014297
2025-02-01 21:15:00,101337.18,101599.62,101132.96,101203.0,0.007539
2025-02-01 21:30:00,101203.0,111522.18,101203.0,110579.09,1.266816
2025-02-01 21:45:00,110579.09,111284.6,110560.99,110912.46,0.009745
2025-02-01 22:00:00,110912.46,111286.95,110912.46,110912.46,0.007216
2025-02-01 22:15:00,110912.46,111137.87,110830.38,110830.38,0.001674
2025-02-01 22:30:00,110830.38,110830.38,110739.81,110739.81,0.000624
2025-02-01 22:45:00,110739.81,111014.22,107813.26,107906.01,0.145126
2025-02-01 23:00:00,107906.01,108132.86,107813.26,107813.26,0.008495
2025-02-01 23:15:00,107813.26,108366.19,107813.26,108101.7,0.006999
2025-02-01 23:30:00,108101.7,108383.11,107899.53,108200.54,0.005113
2025-02-01 23:45:00,108200.54,108746.09,108132.86,108462.58,0.012329
2025-02-02 00:00:00,108462.58,108793.64,108366.19,108553.04,0.008347
2025-02-02 00:15:00,108553.04,108832.85,108366.19,108374.65,0.008
2025-02-02 00:30:00,108374.65,108383.11,108366.19,108366.19,0.006561
2025-02-02 00:45:00,108366.19,108383.11,108366.19,108378.63,0.007165
2025-02-02 01:00:00,108378.63,108383.11,108198.49,108272.1,0.0126
2025-02-02 01:15:00,108272.1,108366.19,108198.49,108198.49,0.007177
2025-02-02 01:30:00,108198.49,108383.11,108132.86,108132.86,0.005411
2025-02-02 01:45:00,108132.86,108383.11,108132.86,108132.86,0.006869
2025-02-02 02:00:00,108132.86,108599.52,108105.06,108105.06,0.01023
2025-02-02 02:15:00,108105.06,108559.28,108075.26,108408.06,0.008026
2025-02-02 02:30:00,108408.06,108599.52,108132.86,108599.52,0.005112
2025-02-02 02:45:00,108599.52,108746.09,108132.86,108535.07,0.007533
2025-02-02 03:00:00,108535.07,108832.85,108366.19,108533.33,0.010508
2025-02-02 03:15:00,108533.33,109388.79,108383.11,109066.18,0.11495
2025-02-02 03:30:00,109066.18,109472.05,109066.18,109348.33,0.005758
2025-02-02 03:45:00,109348.33,109493.97,109109.07,109225.42,0.00512
2025-02-02 04:00:00,109225.42,109500.0,109109.07,109109.07,0.00363
2025-02-02 04:15:00,109109.07,109532.84,109066.18,109332.84,0.004855
2025-02-02 04:30:00,109332.84,109472.05,109066.18,109303.58,0.005214
2025-02-02 04:45:00,109303.58,109564.82,109066.18,109321.0,0.007927
2025-02-02 05:00:00,109321.0,109702.63,109321.0,109321.0,0.008404
2025-02-02 05:15:00,109321.0,109766.17,109299.51,109708.0,0.007963
2025-02-02 05:30:00,109708.0,109768.87,109708.0,109764.52,0.005412
2025-02-02 05:45:00,109764.52,109835.03,109760.0,109829.47,0.006666
2025-02-02 06:00:00,109829.47,109937.5,109817.0,109937.5,0.013159
2025-02-02 06:15:00,109937.5,110131.41,109798.0,110131.41,0.01533
2025-02-02 06:30:00,110131.41,110131.41,109766.17,109766.17,0.006799
2025-02-02 06:45:00,109766.17,110338.53,102000.0,102760.54,1304.151812
2025-02-02 07:00:00,102760.54,102999.6,102760.54,102928.51,0.008941
2025-02-02 07:15:00,102928.51,103232.93,102760.54,103000.01,0.008187
2025-02-02 07:30:00,103000.01,103301.39,102766.27,102999.6,0.007037
2025-02-02 07:45:00,102999.6,103466.26,102999.6,103342.2,0.009158
2025-02-02 08:00:00,103342.2,105513.03,92323.33,92935.35,2141.826298
2025-02-02 08:15:00,92935.35,109299.51,89473.5,106589.91,4253.812389
2025-02-02 08:30:00,106589.91,106931.19,106460.37,106931.19,0.006737
2025-02-02 08:45:00,106931.19,107666.2,99224.19,99732.98,1.028579
2025-02-02 09:00:00,99732.98,101320.47,93742.02,101320.47,2.034815
2025-02-02 09:15:00,101320.47,101515.59,99499.65,99838.92,0.119976
2025-02-02 09:30:00,99838.92,102904.54,99224.19,101240.96,0.735371
2025-02-02 09:45:00,101240.96,101849.47,101240.96,101739.2,0.024717
2025-02-02 10:00:00,101739.2,102228.68,99565.92,99805.75,0.099729
2025-02-02 10:15:00,99805.75,99983.48,99670.91,99911.22,0.00617
2025-02-02 10:30:00,99911.22,100034.57,99796.99,99905.4,0.006028
2025-02-02 10:45:00,99905.4,100199.64,99834.05,100092.63,0.008164
2025-02-02 11:00:00,100092.63,100199.64,93824.74,94178.82,1.011567
2025-02-02 11:15:00,94178.82,94366.39,94003.28,94189.32,0.014243
2025-02-02 11:30:00,94189.32,94366.39,94073.79,94245.73,0.00577
2025-02-02 11:45:00,94245.73,94397.22,94209.14,94276.87,0.011275
2025-02-02 12:00:00,94276.87,95299.71,94000.0,94292.84,0.38107
2025-02-02 12:15:00,94292.84,95299.71,94091.28,94277.34,0.136276
2025-02-02 12:30:00,94277.34,95489.22,94000.0,95260.55,0.458568
2025-02-02 12:45:00,95260.55,95554.86,94000.03,95477.05,0.168956
2025-02-02 13:00:00,95477.05,95707.62,94397.22,95554.86,0.282303
2025-02-02 13:15:00,95554.86,96018.55,94178.82,95881.97,0.536152
2025-02-02 13:30:00,95881.97,96890.64,93709.84,96890.64,1.177766
2025-02-02 13:45:00,96890.64,96890.64,93960.42,96433.02,0.753262
2025-02-02 14:00:00,96433.02,96851.34,89217.78,89466.46,1.517649
2025-02-02 14:15:00,89466.46,90948.88,89244.11,90872.99,0.327293
2025-02-02 14:30:00,90872.99,107609.31,89365.5,97388.95,11.832896
2025-02-02 14:45:00,97388.95,102994.05,89314.74,93611.73,840.093198
2025-02-02 15:00:00,93611.73,102789.33,90839.07,102789.33,11.043189
2025-02-02 15:15:00,102789.33,106204.11,90684.42,95117.18,10.800365
2025-02-02 15:30:00,95117.18,95489.22,95031.63,95232.23,0.018395
2025-02-02 15:45:00,95232.23,97493.61,95208.85,97265.1,0.220221
2025-02-02 16:00:00,97265.1,103416.75,93115.56,93433.07,8.088081
2025-02-02 16:15:00,93433.07,103416.75,92935.35,94366.39,10.87968
2025-02-02 16:30:00,94366.39,99224.19,88780.17,93396.68,6.790231
2025-02-02 16:45:00,93396.68,98158.36,88481.4,91383.05,11.898376
2025-02-02 17:00:00,91383.05,95533.04,88481.4,92908.17,4.915692
2025-02-02 17:15:00,92908.17,92935.35,88106.42,90633.11,5.844548
2025-02-02 17:30:00,90633.11,95031.63,88056.23,88615.96,17990.2096
2025-02-02 17:45:00,88615.96,95031.63,87586.16,87845.22,109889.764243
2025-02-02 18:00:00,87845.22,103932.92,87400.0,87742.1,61362.256596
2025-02-02 18:15:00,87742.1,93086.82,87456.12,88056.23,60329.256373
2025-02-02 18:30:00,88056.23,106973.12,87845.22,106973.12,23966.729766
2025-02-02 18:45:00,106973.12,107009.44,106823.37,106896.81,0.870918
2025-02-02 19:00:00,106896.81,107176.91,106823.37,107158.1,0.808375
2025-02-02 19:15:00,107158.1,107199.54,97417.06,97574.63,10.915936
2025-02-02 19:30:00,97574.63,97866.34,97538.02,97861.84,0.008584
2025-02-02 19:45:00,97861.84,98566.44,97860.2,98506.91,0.024605
2025-02-02 20:00:00,98506.91,99271.4,98395.4,98800.0,0.03205
2025-02-02 20:15:00,98800.0,103181.79,92935.35,102970.49,2.253774
2025-02-02 20:30:00,102970.49,103050.56,93057.0,93115.56,5.431152
2025-02-02 20:45:00,93115.56,93500.93,93115.56,93335.08,0.010492
2025-02-02 21:00:00,93335.08,95415.38,93285.58,95415.38,0.173888
2025-02-02 21:15:00,95415.38,97714.72,95249.5,97399.68,2.003243
2025-02-02 21:30:00,97399.68,97399.68,96408.03,96977.89,1.671449
2025-02-02 21:45:00,96977.89,97166.35,96920.45,97024.14,0.010138
2025-02-02 22:00:00,97024.14,97203.78,96593.48,97018.02,1.813024
2025-02-02 22:15:00,97018.02,98067.37,95031.63,97767.41,1.976043
2025-02-02 22:30:00,97767.41,97990.81,97151.36,97286.35,3.852112
2025-02-02 22:45:00,97286.35,97600.0,97213.59,97370.04,0.009493
2025-02-02 23:00:00,97370.04,97633.01,97347.09,97388.6,0.010014
2025-02-02 23:15:00,97388.6,97633.01,97340.98,97443.5,0.008986
2025-02-02 23:30:00,97443.5,97547.16,97130.73,97292.3,0.014719
2025-02-02 23:45:00,97292.3,97633.01,97289.95,97452.38,0.031377
2025-02-03 00:00:00,97452.38,97633.01,97242.62,97393.28,0.018451
2025-02-03 00:15:00,97393.28,97633.0,97200.01,97430.66,0.008381
2025-02-03 00:30:00,97430.66,97547.15,96800.0,96800.0,0.049766
2025-02-03 00:45:00,96800.0,97166.35,96777.98,96893.39,0.019494
2025-02-03 01:00:00,96893.39,97018.02,96699.7,96836.91,0.013039
2025-02-03 01:15:00,96836.91,99224.19,87456.12,87456.12,97194.088228
2025-02-03 01:30:00,87456.12,87599.11,84434.13,84515.34,13158.899732
2025-02-03 01:45:00,84515.34,84779.82,84515.34,84692.45,0.451454
2025-02-03 02:00:00,84692.45,84779.82,84650.64,84663.74,0.474785
2025-02-03 02:15:00,84663.74,84779.82,84646.89,84717.37,0.003794
2025-02-03 02:30:00,84717.37,84779.82,84645.39,84779.81,0.007446
2025-02-03 02:45:00,84779.81,84779.82,84596.32,84719.94,0.011781
2025-02-03 03:00:00,84719.94,84779.82,84645.38,84779.82,0.006396
2025-02-03 03:15:00,84779.82,84779.82,84779.82,84779.82,0.002391
2025-02-03 03:30:00,84779.82,84779.82,84762.86,84769.48,0.00347
2025-02-03 03:45:00,84769.48,84779.82,84767.21,84767.29,0.011496
2025-02-03 04:00:00,84767.29,84779.82,84656.98,84686.81,0.047987
2025-02-03 04:15:00,84686.81,84779.82,84652.83,84652.83,0.006831
2025-02-03 04:30:00,84652.83,84779.82,84643.0,84684.89,0.007692
2025-02-03 04:45:00,84684.89,84786.14,84644.56,84783.85,198.691229
2025-02-03 05:00:00,84783.85,84786.14,84780.0,84780.0,847.586753
2025-02-03 05:15:00,84780.0,84786.14,84780.0,84782.68,143.904517
2025-02-03 05:30:00,84782.68,84786.14,84780.0,84780.0,146.010405
2025-02-03 05:45:00,84780.0,84786.14,84780.0,84783.6,77.451768
2025-02-03 06:00:00,84783.6,84786.14,84780.01,84784.01,0.00865
2025-02-03 06:15:00,84784.01,84786.14,84781.79,84786.14,0.005493
2025-02-03 06:30:00,84786.14,84786.14,84780.0,84781.93,0.003332
2025-02-03 06:45:00,84781.93,84786.14,84781.67,84786.13,0.011892
2025-02-03 07:00:00,84786.13,84786.14,84578.68,84578.68,386.940675
2025-02-03 07:15:00,84578.68,84739.31,84578.68,84739.31,0.002896
2025-02-03 07:30:00,84739.31,84739.31,84736.4,84739.31,0.001933
2025-02-03 07:45:00,84739.31,84786.14,84739.31,84786.14,0.035993
2025-02-03 08:00:00,84786.14,84786.14,84786.14,84786.14,0.001235
2025-02-03 08:15:00,84786.14,84786.14,84786.14,84786.14,0.002426
2025-02-03 08:30:00,84786.14,84786.14,84786.14,84786.14,0.001223
2025-02-03 08:45:00,84786.14,84786.14,84786.14,84786.14,1.0308
2025-02-03 09:00:00,84786.14,84786.14,84786.14,84786.14,0.207573
2025-02-03 09:15:00,84786.14,84786.14,84786.14,84786.14,0.083478
2025-02-03 09:30:00,84786.14,84836.74,84735.31,84836.74,423.244549
2025-02-03 09:45:00,84836.74,85500.0,84836.74,85500.0,1676.109725
2025-02-03 10:00:00,85500.0,85500.0,85500.0,85500.0,0.013013
2025-02-03 10:15:00,85500.0,85500.0,85494.28,85500.0,0.138784
2025-02-03 10:30:00,85500.0,85500.0,85500.0,85500.0,0.041455
2025-02-03 10:45:00,85500.0,85500.0,85500.0,85500.0,0.003536
2025-02-03 11:00:00,85500.0,85500.0,85500.0,85500.0,0.001534
2025-02-03 11:15:00,85500.0,85500.0,85500.0,85500.0,0.002682
2025-02-03 11:30:00,85500.0,85500.0,85500.0,85500.0,0.121646
2025-02-03 11:45:00,85500.0,85500.0,85500.0,85500.0,0.003712
2025-02-03 12:00:00,85500.0,85500.0,85500.0,85500.0,0.003526
2025-02-03 12:15:00,85500.0,85500.0,85500.0,85500.0,0.012258
2025-02-03 12:30:00,85500.0,85500.0,85499.98,85500.0,0.006132
2025-02-03 12:45:00,85500.0,85500.0,85330.8,85500.0,0.018756
2025-02-03 13:00:00,85500.0,85500.0,85168.28,85311.27,0.035103
2025-02-03 13:15:00,85311.27,85442.82,84956.31,85069.24,0.04646
2025-02-03 13:30:00,85069.24,85168.28,85034.05,85168.28,0.005016
2025-02-03 13:45:00,85168.28,85224.42,85168.28,85224.42,0.003498
2025-02-03 14:00:00,85224.42,85224.42,85025.29,85168.28,0.024088
2025-02-03 14:15:00,85168.28,85168.28,84918.83,85168.28,0.007387
2025-02-03 14:30:00,85168.28,85500.0,85061.02,85311.27,0.128047
2025-02-03 14:45:00,85311.27,85311.27,85311.27,85311.27,0.004356
2025-02-03 15:00:00,85311.27,85365.56,85311.27,85365.56,0.004109
2025-02-03 15:15:00,85365.56,85500.0,85365.56,85500.0,0.047696
2025-02-03 15:30:00,85500.0,85500.0,85311.27,85500.0,0.050553
2025-02-03 15:45:00,85500.0,85500.0,85500.0,85500.0,0.022623
2025-02-03 16:00:00,85500.0,85500.0,85500.0,85500.0,0.012021
2025-02-03 16:15:00,85500.0,85500.0,85500.0,85500.0,0.006335
2025-02-03 16:30:00,85500.0,85500.0,85500.0,85500.0,0.012726
2025-02-03 16:45:00,85500.0,85500.0,85500.0,85500.0,0.008962
2025-02-03 17:00:00,85500.0,85500.0,85500.0,85500.0,0.001696
2025-02-03 17:15:00,85500.0,85500.0,85500.0,85500.0,0.003769
2025-02-03 17:30:00,85500.0,85500.0,85500.0,85500.0,0.001481
2025-02-03 17:45:00,85500.0,85500.0,85500.0,85500.0,0.002604
2025-02-03 18:00:00,85500.0,85500.0,85500.0,85500.0,0.022133
2025-02-03 18:15:00,85500.0,85500.0,85500.0,85500.0,0.002603
2025-02-03 18:30:00,85500.0,85500.0,85395.34,85500.0,0.002035
2025-02-03 18:45:00,85500.0,90000.0,85391.22,89958.93,1905.047753
2025-02-03 19:00:00,89958.93,90000.0,89910.01,89967.93,0.003716
2025-02-03 19:15:00,89967.93,90000.0,89967.86,90000.0,2.267855
2025-02-03 19:30:00,90000.0,90000.0,90000.0,90000.0,6.017971
2025-02-03 19:45:00,90000.0,90000.0,90000.0,90000.0,3.784503
2025-02-03 20:00:00,90000.0,90000.0,90000.0,90000.0,0.01181
2025-02-03 20:15:00,90000.0,90000.0,90000.0,90000.0,0.003267
2025-02-03 20:30:00,90000.0,90000.0,90000.0,90000.0,0.00181
2025-02-03 20:45:00,90000.0,90000.0,90000.0,90000.0,0.955707
2025-02-03 21:00:00,90000.0,90000.0,90000.0,90000.0,0.001144
2025-02-03 21:15:00,90000.0,90000.0,90000.0,90000.0,0.005477
2025-02-03 21:30:00,90000.0,90000.0,89877.35,90000.0,0.004966
2025-02-03 21:45:00,90000.0,90000.0,90000.0,90000.0,0.00793
2025-02-03 22:00:00,90000.0,90000.0,90000.0,90000.0,0.001255
2025-02-03 22:15:00,90000.0,90000.0,90000.0,90000.0,0.002255
2025-02-03 22:30:00,90000.0,90000.0,90000.0,90000.0,0.002255
2025-02-03 22:45:00,90000.0,90000.0,90000.0,90000.0,0.002255
2025-02-03 23:00:00,90000.0,90000.0,90000.0,90000.0,0.001335
2025-02-03 23:15:00,90000.0,90000.0,90000.0,90000.0,0.002355
2025-02-03 23:30:00,90000.0,90000.0,90000.0,90000.0,0.001366
2025-02-03 23:45:00,90000.0,90000.0,90000.0,90000.0,0.002588
2025-02-04 00:00:00,90000.0,90000.0,90000.0,90000.0,0.001412
2025-02-04 00:15:00,90000.0,90000.0,90000.0,90000.0,0.002345
2025-02-04 00:30:00,90000.0,90000.0,89787.48,90000.0,0.001966
2025-02-04 00:45:00,90000.0,90000.0,90000.0,90000.0,0.002477
2025-02-04 01:00:00,90000.0,90000.0,90000.0,90000.0,0.002721
2025-02-04 01:15:00,90000.0,90000.0,90000.0,90000.0,0.002255
2025-02-04 01:30:00,90000.0,90000.0,90000.0,90000.0,0.001144
2025-02-04 01:45:00,90000.0,90000.0,90000.0,90000.0,0.0255
2025-02-04 02:00:00,90000.0,90000.0,90000.0,90000.0,0.001144
2025-02-04 02:15:00,90000.0,90000.0,90000.0,90000.0,0.011297
2025-02-04 02:30:00,90000.0,90029.22,90000.0,90029.22,0.001255
2025-02-04 02:45:00,90029.22,90247.62,90029.22,90247.62,0.032052
2025-02-04 03:00:00,90247.62,90247.62,90247.62,90247.62,0.001581
2025-02-04 03:15:00,90247.62,90247.62,90247.62,90247.62,0.002469
2025-02-04 03:30:00,90247.62,90301.54,89933.66,90301.54,0.001861
2025-02-04 03:45:00,90301.54,90466.02,90301.54,90466.02,0.006537
2025-02-04 04:00:00,90466.02,90466.02,90311.04,90352.41,0.00253
2025-02-04 04:15:00,90352.41,90362.6,90233.48,90233.48,0.002909
2025-02-04 04:30:00,90233.48,90233.48,90188.94,90189.27,0.004266
2025-02-04 04:45:00,90189.27,96000.0,90084.0,95766.37,25356.276925
2025-02-04 05:00:00,95766.37,96362.82,92935.35,93882.85,1.001599
2025-02-04 05:15:00,93882.85,93960.42,93709.84,93830.79,0.016432
2025-02-04 05:30:00,93830.79,94333.3,93709.84,94333.3,0.024463
2025-02-04 05:45:00,94333.3,96041.79,89200.0,94366.39,82.341754
2025-02-04 06:00:00,94366.39,97633.01,90559.02,91226.94,25.901853
2025-02-04 06:15:00,91226.94,91558.02,89508.15,89606.84,0.22041
2025-02-04 06:30:00,89606.84,90466.02,89388.87,90466.02,0.068544
2025-02-04 06:45:00,90466.02,90847.28,90166.45,90801.41,0.032503
2025-02-04 07:00:00,90801.41,91099.77,90605.73,90908.62,0.027582
2025-02-04 07:15:00,90908.62,91121.22,90799.01,90985.98,0.010185
2025-02-04 07:30:00,90985.98,91121.22,90866.44,90979.1,0.016155
2025-02-04 07:45:00,90979.1,91164.12,90866.44,90962.08,0.124969
2025-02-04 08:00:00,90962.08,91062.5,90929.23,91014.22,0.007238
2025-02-04 08:15:00,91014.22,91198.99,90950.22,91198.99,0.011946
2025-02-04 08:30:00,91198.99,91232.31,88314.06,88314.06,0.741532
2025-02-04 08:45:00,88314.06,88630.75,88314.06,88514.83,0.02117
2025-02-04 09:00:00,88514.83,88644.72,88514.83,88644.72,0.014738
2025-02-04 09:15:00,88644.72,88644.72,88601.17,88644.72,0.003393
2025-02-04 09:30:00,88644.72,88644.72,88457.05,88644.72,0.001884
2025-02-04 09:45:00,88644.72,88650.93,88644.72,88649.77,0.006056
2025-02-04 10:00:00,88649.77,95031.63,88648.32,90447.53,2.19654
2025-02-04 10:15:00,90447.53,98967.28,88890.5,95816.12,3.876038
2025-02-04 10:30:00,95816.12,96024.46,95791.87,95959.82,0.010506
2025-02-04 10:45:00,95959.82,96400.08,95864.45,96400.08,0.034341
2025-02-04 11:00:00,96400.08,97166.35,95489.22,96949.46,0.186398
2025-02-04 11:15:00,96949.46,97282.77,96650.24,97026.15,0.085841
2025-02-04 11:30:00,97026.15,97166.35,96845.54,96897.62,0.005679
2025-02-04 11:45:00,96897.62,96897.62,96825.79,96853.42,0.007773
2025-02-04 12:00:00,96853.42,96897.62,96799.62,96897.62,0.018011
2025-02-04 12:15:00,96897.62,96897.62,96828.02,96840.42,0.011534
2025-02-04 12:30:00,96840.42,96897.62,96799.62,96861.56,0.026758
2025-02-04 12:45:00,96861.56,96897.62,96824.23,96852.61,0.007144
2025-02-04 13:00:00,96852.61,96897.62,96799.62,96824.58,0.02831
2025-02-04 13:15:00,96824.58,96897.62,96799.62,96830.01,0.01133
2025-02-04 13:30:00,96830.01,97933.75,96799.62,97730.7,0.171272
2025-02-04 13:45:00,97730.7,97933.75,97718.52,97725.28,0.007572
2025-02-04 14:00:00,97725.28,97933.75,97633.01,97933.75,0.009641
2025-02-04 14:15:00,97933.75,99015.79,97399.68,98887.36,0.493347
2025-02-04 14:30:00,98887.36,99032.75,97633.01,97660.52,0.062642
2025-02-04 14:45:00,97660.52,98566.33,97660.52,98280.06,0.024087
2025-02-04 15:00:00,98280.06,98566.33,98156.24,98418.38,0.010475
2025-02-04 15:15:00,98418.38,99000.0,97731.84,98802.87,0.05486
2025-02-04 15:30:00,98802.87,99000.0,92935.35,96981.53,2.038257
2025-02-04 15:45:00,96981.53,97127.91,96500.0,96597.04,0.048758
2025-02-04 16:00:00,96597.04,97127.91,96530.58,96724.32,0.054893
2025-02-04 16:15:00,96724.32,96799.62,95489.22,96024.46,0.1046
2025-02-04 16:30:00,96024.46,99123.68,89388.87,92733.91,287.778777
2025-02-04 16:45:00,92733.91,109194.31,90188.4,106673.89,331.343984
2025-02-04 17:00:00,106673.89,108917.87,92323.33,94615.62,106.957628
2025-02-04 17:15:00,94615.62,100666.3,88991.2,90066.66,16.603026
2025-02-04 17:30:00,90066.66,94625.0,89928.11,94558.98,0.847202
2025-02-04 17:45:00,94558.98,103000.0,92500.0,93433.07,16.430624
2025-02-04 18:00:00,93433.07,94589.87,89374.02,93566.91,27.439259
2025-02-04 18:15:00,93566.91,97052.1,89374.02,93151.17,106.828945
2025-02-04 18:30:00,93151.17,97138.62,92989.08,96982.26,33.354402
2025-02-04 18:45:00,96982.26,97048.08,96404.77,96564.76,0.034812
2025-02-04 19:00:00,96564.76,97282.77,96564.76,96826.11,0.060145
2025-02-04 19:15:00,96826.11,96938.08,96581.22,96832.88,0.009057
2025-02-04 19:30:00,96832.88,97018.02,96699.69,96917.33,0.004976
2025-02-04 19:45:00,96917.33,97018.02,96783.09,97018.02,0.00843
2025-02-04 20:00:00,97018.02,98000.0,97018.02,97805.95,0.093624
2025-02-04 20:15:00,97805.95,98099.67,97726.97,97843.59,0.010844
2025-02-04 20:30:00,97843.59,98156.24,97767.04,98022.09,0.010926
2025-02-04 20:45:00,98022.09,98158.36,97866.34,97941.24,0.008591
2025-02-04 21:00:00,97941.24,98158.36,88155.43,88440.54,874.157563
2025-02-04 21:15:00,88440.54,89374.02,88314.06,89176.19,0.098406
2025-02-04 21:30:00,89176.19,90541.09,89020.04,89248.94,0.331252
2025-02-04 21:45:00,89248.94,89374.02,88743.03,89262.52,0.059044
2025-02-04 22:00:00,89262.52,90247.62,89262.52,90166.82,0.067891
2025-02-04 22:15:00,90166.82,90500.0,89933.66,90353.58,0.022475
2025-02-04 22:30:00,90353.58,90541.09,89374.02,89596.29,0.062339
2025-02-04 22:45:00,89596.29,89699.79,89253.55,89257.23,0.011017
2025-02-04 23:00:00,89257.23,89262.52,89248.94,89250.52,0.011503
2025-02-04 23:15:00,89250.52,89262.52,89250.52,89262.52,0.037785
2025-02-04 23:30:00,89262.52,89262.52,88937.22,89233.13,0.030172
2025-02-04 23:45:00,89233.13,89262.52,88117.11,88205.47,0.164769
2025-02-05 00:00:00,88205.47,88231.49,88156.27,88194.94,0.006504
2025-02-05 00:15:00,88194.94,88231.49,88063.62,88231.49,0.04101
2025-02-05 00:30:00,88231.49,88299.81,88231.49,88299.81,0.003137
2025-02-05 00:45:00,88299.81,88410.96,88299.81,88410.96,0.009458
2025-02-05 01:00:00,88410.96,88457.05,88410.96,88457.05,0.002641
2025-02-05 01:15:00,88457.05,88457.05,88457.05,88457.05,0.002293
2025-02-05 01:30:00,88457.05,88600.04,88314.06,88494.4,0.0244
2025-02-05 01:45:00,88494.4,88659.7,88314.06,88525.95,0.008549
2025-02-05 02:00:00,88525.95,88718.82,88314.06,88463.38,0.04803
2025-02-05 02:15:00,88463.38,88600.04,88402.75,88546.39,0.00991
2025-02-05 02:30:00,88546.39,88600.04,88402.75,88484.16,0.005913
2025-02-05 02:45:00,88484.16,88886.02,88402.75,88842.41,0.036542
2025-02-05 03:00:00,88842.41,88886.02,88419.21,88704.76,0.049444
2025-02-05 03:15:00,88704.76,88718.82,88697.5,88702.0,0.010227
2025-02-05 03:30:00,88702.0,88743.03,88693.41,88712.02,0.008274
2025-02-05 03:45:00,88712.02,88743.03,88693.41,88715.64,0.007888
2025-02-05 04:00:00,88715.64,88743.03,88693.41,88721.22,0.010273
2025-02-05 04:15:00,88721.22,88743.03,88693.41,88711.39,0.008571
2025-02-05 04:30:00,88711.39,89233.13,88710.56,89017.64,0.035846
2025-02-05 04:45:00,89017.64,89233.13,88937.22,89151.62,0.013966
2025-02-05 05:00:00,89151.62,90839.07,88718.82,90684.63,1.311093
2025-02-05 05:15:00,90684.63,90839.07,88105.17,88276.59,1595.409903
2025-02-05 05:30:00,88276.59,98314.1,88104.01,97762.78,5263.631115
2025-02-05 05:45:00,97762.78,109083.91,96046.96,107899.53,24.396734
2025-02-05 06:00:00,107899.53,108020.13,107899.53,108020.13,0.00115
2025-02-05 06:15:00,108020.13,108020.13,105898.56,106015.97,0.134942
2025-02-05 06:30:00,106015.97,106966.21,103416.75,103544.45,0.464356
2025-02-05 06:45:00,103544.45,103699.59,99224.19,99456.46,0.610187
2025-02-05 07:00:00,99456.46,99732.98,99224.19,99713.02,0.062216
2025-02-05 07:15:00,99713.02,101320.47,99118.29,99678.94,0.289926
2025-02-05 07:30:00,99678.94,99983.48,99671.59,99799.96,0.00755
2025-02-05 07:45:00,99799.96,100397.55,99732.98,100150.27,0.012394
2025-02-05 08:00:00,100150.27,100397.55,88800.0,98566.35,3.63289
2025-02-05 08:15:00,98566.35,107522.78,88919.88,93086.82,5.986574
2025-02-05 08:30:00,93086.82,93343.75,91994.82,93163.01,0.179072
2025-02-05 08:45:00,93163.01,93433.07,93146.56,93279.01,0.01089
2025-02-05 09:00:00,93279.01,93570.02,93279.01,93537.2,0.016967
2025-02-05 09:15:00,93537.2,93593.87,93523.62,93585.64,0.031965
2025-02-05 09:30:00,93585.64,93603.42,93578.28,93596.93,0.013788
2025-02-05 09:45:00,93596.93,93599.93,93593.87,93595.47,0.008645
2025-02-05 10:00:00,93595.47,93611.73,93595.47,93599.49,0.011986
2025-02-05 10:15:00,93599.49,93611.73,93599.49,93601.83,0.011824
2025-02-05 10:30:00,93601.83,93604.13,93601.02,93602.03,0.005854
2025-02-05 10:45:00,93602.03,93611.73,93602.03,93604.14,0.012036
2025-02-05 11:00:00,93604.14,93752.52,93601.02,93642.25,0.028175
2025-02-05 11:15:00,93642.25,93800.0,93601.02,93700.5,0.013113
2025-02-05 11:30:00,93700.5,93824.74,93690.73,93724.12,0.006607
2025-02-05 11:45:00,93724.12,93914.89,93588.14,93690.39,0.072082
2025-02-05 12:00:00,93690.39,93899.73,93588.14,93804.5,0.006828
2025-02-05 12:15:00,93804.5,93924.28,93666.4,93824.7,0.011013
2025-02-05 12:30:00,93824.7,93960.42,93567.41,93811.01,0.028212
2025-02-05 12:45:00,93811.01,94000.0,93604.01,93921.5,0.018859
2025-02-05 13:00:00,93921.5,94024.24,93604.01,93730.58,0.031868
2025-02-05 13:15:00,93730.58,93960.42,93604.01,93839.02,0.011004
2025-02-05 13:30:00,93839.02,94178.82,93742.02,93868.21,0.035854
2025-02-05 13:45:00,93868.21,107281.58,93742.02,107259.11,2.214225
2025-02-05 14:00:00,107259.11,107281.58,93115.56,93523.61,2.018317
2025-02-05 14:15:00,93523.61,93799.97,93433.07,93799.97,0.029944
2025-02-05 14:30:00,93799.97,94773.99,93628.81,94469.14,0.121422
2025-02-05 14:45:00,94469.14,94550.37,94400.0,94510.89,0.010267
2025-02-05 15:00:00,94510.89,94550.37,93863.91,93869.97,0.045847
2025-02-05 15:15:00,93869.97,93875.26,93863.91,93873.11,0.014404
2025-02-05 15:30:00,93873.11,93875.26,93871.6,93873.01,0.0632
2025-02-05 15:45:00,93873.01,93875.26,93872.99,93873.62,0.021134
2025-02-05 16:00:00,93873.62,93875.26,93873.48,93875.08,0.016667
2025-02-05 16:15:00,93875.08,93875.26,88999.8,88999.85,1.127353
2025-02-05 16:30:00,88999.85,89000.0,88999.84,88999.87,0.020011
2025-02-05 16:45:00,88999.87,89000.0,88999.85,89000.0,0.023659
2025-02-05 17:00:00,89000.0,89000.0,88999.01,88999.88,0.049876
2025-02-05 17:15:00,88999.88,89000.0,88999.79,89000.0,0.009663
2025-02-05 17:30:00,89000.0,97898.35,89000.0,97547.17,5.930403
2025-02-05 17:45:00,97547.17,97866.34,97547.17,97860.83,0.023692
2025-02-05 18:00:00,97860.83,97866.34,97705.37,97713.05,0.018134
2025-02-05 18:15:00,97713.05,97713.05,97705.38,97711.27,0.032261
2025-02-05 18:30:00,97711.27,97866.34,97705.37,97847.62,0.028164
2025-02-05 18:45:00,97847.62,98099.67,97705.37,98099.67,0.035412
2025-02-05 19:00:00,98099.67,98158.36,98061.22,98145.08,0.021096
2025-02-05 19:15:00,98145.08,98158.36,91776.21,92033.08,1.064892
2025-02-05 19:30:00,92033.08,92266.41,92033.08,92134.79,0.018278
2025-02-05 19:45:00,92134.79,92499.75,92112.01,92378.72,0.031949
2025-02-05 20:00:00,92378.72,92420.09,92275.88,92346.0,0.026072
2025-02-05 20:15:00,92346.0,103223.52,92316.93,103164.76,1.742264
2025-02-05 20:30:00,103164.76,103232.93,100628.55,100628.55,0.130801
2025-02-05 20:45:00,100628.55,100666.3,99767.51,100194.78,0.052476
2025-02-05 21:00:00,100194.78,100288.02,100194.43,100286.83,0.029981
2025-02-05 21:15:00,100286.83,100397.55,97399.68,97841.75,0.402335
2025-02-05 21:30:00,97841.75,97856.69,97827.23,97856.5,0.066348
2025-02-05 21:45:00,97856.5,97866.34,97856.42,97866.31,0.051124
2025-02-05 22:00:00,97866.31,97866.32,97866.31,97866.31,0.00967
2025-02-05 22:15:00,97866.31,97866.32,97866.31,97866.32,0.002926
2025-02-05 22:30:00,97866.32,103416.75,97866.31,103416.75,0.81083
2025-02-05 22:45:00,103416.75,103416.75,101376.66,101832.94,0.096194
2025-02-05 23:00:00,101832.94,101832.95,101013.4,101366.26,0.074
2025-02-05 23:15:00,101366.26,101486.49,101132.96,101486.47,0.032812
2025-02-05 23:30:00,101486.47,101599.62,101486.43,101599.61,0.017738
2025-02-05 23:45:00,101599.61,101680.34,101599.61,101680.31,0.011917
2025-02-06 00:00:00,101680.31,101745.98,99474.88,99656.63,0.173555
2025-02-06 00:15:00,99656.63,99732.98,98420.61,98481.83,0.262502
2025-02-06 00:30:00,98481.83,98665.95,96821.87,96873.13,0.359789
2025-02-06 00:45:00,96873.13,106499.55,95707.62,104798.46,8067.870477
2025-02-06 01:00:00,104798.46,104866.24,101393.35,101670.4,0.406534
2025-02-06 01:15:00,101670.4,101670.4,89070.16,89375.0,2120.158054
2025-02-06 01:30:00,89375.0,106875.0,87330.27,97417.06,8320.950344
2025-02-06 01:45:00,97417.06,106797.85,92935.35,103232.72,148.126976
2025-02-06 02:00:00,103232.72,107118.74,97127.91,106732.88,80.824629
2025-02-06 02:15:00,106732.88,107017.94,104624.85,104624.85,5.710004
2025-02-06 02:30:00,104624.85,106460.37,95447.25,102299.6,1006.068039
2025-02-06 02:45:00,102299.6,102532.94,98125.0,98125.0,0.420987
2025-02-06 03:00:00,98125.0,98348.31,97521.95,97521.95,0.071217
2025-02-06 03:15:00,97521.95,97576.38,97433.27,97548.95,0.016865
2025-02-06 03:30:00,97548.95,99565.92,97391.5,98500.01,0.107592
2025-02-06 03:45:00,98500.01,98619.85,97547.16,97633.32,0.055146
2025-02-06 04:00:00,97633.32,100061.92,97544.15,99266.33,0.123533
2025-02-06 04:15:00,99266.33,99266.33,97587.48,97908.63,0.149426
2025-02-06 04:30:00,97908.63,105513.03,97313.1,103342.13,5.619375
2025-02-06 04:45:00,103342.13,103350.53,98420.61,98420.61,0.688002
2025-02-06 05:00:00,98420.61,98420.61,88560.12,89155.62,1276.274009
2025-02-06 05:15:00,89155.62,98333.0,87967.32,88171.04,857.209087
2025-02-06 05:30:00,88171.04,104250.0,87952.25,97593.41,3248.234022
2025-02-06 05:45:00,97593.41,97851.7,97555.43,97707.35,0.017879
2025-02-06 06:00:00,97707.35,107552.47,97689.4,104927.65,23.415621
2025-02-06 06:15:00,104927.65,104927.65,97663.33,98099.67,1.296554
2025-02-06 06:30:00,98099.67,98099.67,92935.35,96024.46,1.350819
2025-02-06 06:45:00,96024.46,98200.0,95844.9,98154.54,1.410134
2025-02-06 07:00:00,98154.54,98363.26,98064.9,98203.28,0.046743
2025-02-06 07:15:00,98203.28,98364.64,98099.67,98204.37,0.045997
2025-02-06 07:30:00,98204.37,98250.98,97658.0,97985.84,0.0631
2025-02-06 07:45:00,97985.84,98333.0,97966.76,98186.17,0.038249
2025-02-06 08:00:00,98186.17,98264.41,98094.86,98097.63,0.022148
2025-02-06 08:15:00,98097.63,98364.64,88253.59,88253.59,1.876505
2025-02-06 08:30:00,88253.59,88715.5,88253.59,88593.21,0.032722
2025-02-06 08:45:00,88593.21,90800.0,88539.05,90466.02,0.269857
2025-02-06 09:00:00,90466.02,90715.02,90466.02,90466.02,0.138586
2025-02-06 09:15:00,90466.02,90715.02,90466.02,90602.83,0.09467
2025-02-06 09:30:00,90602.83,90715.02,88766.47,88935.58,0.334563
2025-02-06 09:45:00,88935.58,88999.8,88722.23,88799.48,0.023954
2025-02-06 10:00:00,88799.48,90631.21,88798.94,89026.57,0.350626
2025-02-06 10:15:00,89026.57,89155.62,88961.56,89030.99,0.006653
2025-02-06 10:30:00,89030.99,89651.5,88946.22,89651.5,0.040519
2025-02-06 10:45:00,89651.5,90631.21,89135.67,89250.74,0.330286
2025-02-06 11:00:00,89250.74,98000.0,89135.67,98000.0,14.758073
2025-02-06 11:15:00,98000.0,108503.39,91578.94,91578.94,22331.65096
2025-02-06 11:30:00,91578.94,93255.07,90357.46,93150.09,7776.015246
2025-02-06 11:45:00,93150.09,95285.42,92966.41,95285.42,0.414222
2025-02-06 12:00:00,95285.42,97250.0,95052.42,97250.0,0.475409
2025-02-06 12:15:00,97250.0,98578.82,96938.08,98571.84,1.781435
2025-02-06 12:30:00,98571.84,98652.32,98482.88,98589.19,0.009865
2025-02-06 12:45:00,98589.19,108221.38,90357.46,95766.37,40.267238
2025-02-06 13:00:00,95766.37,108186.3,95766.37,108186.3,61.66726
2025-02-06 13:15:00,108186.3,108208.23,108157.89,108208.23,3.455158
2025-02-06 13:30:00,108208.23,108295.89,108105.26,108185.76,5.856801
2025-02-06 13:45:00,108185.76,108295.89,108105.26,108125.35,0.113696
2025-02-06 14:00:00,108125.35,108295.89,108105.26,108295.89,0.3484
2025-02-06 14:15:00,108295.89,108295.89,108105.26,108105.26,1.0
2025-02-06 14:30:00,108105.26,108295.89,108105.26,108186.3,0.018683
2025-02-06 14:45:00,108186.3,108186.3,108186.3,108186.3,0.030092
2025-02-06 15:00:00,108186.3,108186.3,108186.3,108186.3,0.0
2025-02-06 15:15:00,108186.3,108186.3,108186.3,108186.3,0.003
2025-02-06 15:30:00,108186.3,108295.89,93935.77,93935.77,39380.909338
2025-02-06 15:45:00,93935.77,94234.68,92636.84,94234.68,23600.254913
2025-02-06 16:00:00,94234.68,107189.72,94234.68,107164.45,138.289551
2025-02-06 16:15:00,107164.45,107196.62,107142.52,107153.93,0.00186
2025-02-06 16:30:00,107153.93,107153.93,107153.93,107153.93,0.0
2025-02-06 16:45:00,107153.93,107153.93,107124.65,107124.65,1.021489
2025-02-06 17:00:00,107124.65,107124.65,97578.94,97578.94,1222.171056
2025-02-06 17:15:00,97578.94,97866.34,93647.36,93647.36,71880.565803
2025-02-06 17:30:00,93647.36,106413.04,93603.06,105320.15,5288.30633
2025-02-06 17:45:00,105320.15,106499.55,104761.86,104761.86,0.100125
2025-02-06 18:00:00,104761.86,106413.04,104310.97,105099.57,28.540264
2025-02-06 18:15:00,105099.57,105099.57,104310.97,104487.62,29.624027
2025-02-06 18:30:00,104487.62,104816.82,104310.97,104544.43,2.723807
2025-02-06 18:45:00,104544.43,104816.82,104310.97,104538.01,0.043869
2025-02-06 19:00:00,104538.01,106142.32,104310.97,104500.92,0.1782
2025-02-06 19:15:00,104500.92,106158.06,90184.21,90184.21,77064.606925
2025-02-06 19:30:00,90184.21,92354.34,86433.17,91485.34,22355.424859
2025-02-06 19:45:00,91485.34,96404.77,91485.34,96026.12,3.179142
2025-02-06 20:00:00,96026.12,96767.75,95707.62,96142.57,0.732983
2025-02-06 20:15:00,96142.57,96799.62,95554.86,96330.96,0.217944
2025-02-06 20:30:00,96330.96,96532.59,96041.79,96515.72,0.04667
2025-02-06 20:45:00,96515.72,97019.06,96041.79,96893.05,0.429387
2025-02-06 21:00:00,96893.05,97019.06,96144.42,96724.41,0.111333
2025-02-06 21:15:00,96724.41,96877.84,96521.71,96534.51,0.080551
2025-02-06 21:30:00,96534.51,96714.48,96466.62,96561.66,0.053819
2025-02-06 21:45:00,96561.66,96933.02,96550.57,96810.32,0.121404
2025-02-06 22:00:00,96810.32,96916.05,96466.62,96507.25,0.051347
2025-02-06 22:15:00,96507.25,96799.62,96295.34,96397.24,0.055797
2025-02-06 22:30:00,96397.24,96581.22,96233.03,96581.22,0.015337
2025-02-06 22:45:00,96581.22,96677.73,96300.17,96544.85,0.05768
2025-02-06 23:00:00,96544.85,96799.62,96362.82,96606.76,0.067206
2025-02-06 23:15:00,96606.76,96799.62,96535.67,96650.26,0.012495
2025-02-06 23:30:00,96650.26,96799.62,96466.36,96504.44,0.009611
2025-02-06 23:45:00,96504.44,96699.69,96362.82,96451.22,0.016324
2025-02-07 00:00:00,96451.22,97019.06,96000.0,96576.23,0.146257
2025-02-07 00:15:00,96576.23,96884.15,96575.64,96884.15,0.065768
2025-02-07 00:30:00,96884.15,96884.15,95999.7,96572.15,0.088151
2025-02-07 00:45:00,96572.15,96799.62,96362.82,96619.61,0.031667
2025-02-07 01:00:00,96619.61,97019.06,96042.72,96404.81,0.114547
2025-02-07 01:15:00,96404.81,97019.06,96144.42,96632.82,0.123277
2025-02-07 01:30:00,96632.82,96774.11,96466.36,96638.81,0.10335
2025-02-07 01:45:00,96638.81,97309.68,96491.36,97200.84,0.247902
2025-02-07 02:00:00,97200.84,104624.85,97129.19,103362.13,1.13753
2025-02-07 02:15:00,103362.13,107189.72,99224.19,106622.02,23.873493
2025-02-07 02:30:00,106622.02,106931.19,97380.69,97511.05,1.055237
2025-02-07 02:45:00,97511.05,107311.65,92935.35,104417.84,66.102543
2025-02-07 03:00:00,104417.84,107294.35,102228.68,104936.39,0.495457
2025-02-07 03:15:00,104936.39,106266.22,104840.75,105188.57,0.071007
2025-02-07 03:30:00,105188.57,105332.9,103002.58,104636.65,0.308619
2025-02-07 03:45:00,104636.65,104761.86,102894.15,103023.71,0.147575
2025-02-07 04:00:00,103023.71,104357.85,101969.26,102113.4,0.147879
2025-02-07 04:15:00,102113.4,103416.75,87967.32,90036.09,6752.729969
2025-02-07 04:30:00,90036.09,107531.94,90036.09,106904.78,150.207561
2025-02-07 04:45:00,106904.78,107199.54,106421.05,106631.02,16.12315
2025-02-07 05:00:00,106631.02,107199.54,106601.66,106826.85,0.032011
2025-02-07 05:15:00,106826.85,106966.21,106421.05,106421.05,1.449603
2025-02-07 05:30:00,106421.05,107066.82,106421.05,106966.21,2.961307
2025-02-07 05:45:00,106966.21,107017.96,106052.63,107017.94,0.450645
2025-02-07 06:00:00,107017.94,107017.95,107017.94,107017.94,0.070942
2025-02-07 06:15:00,107017.94,107017.95,107017.94,107017.94,0.016907
2025-02-07 06:30:00,107017.94,107017.95,107017.94,107017.94,1.979677
2025-02-07 06:45:00,107017.94,107189.72,107017.94,107189.72,0.217774
2025-02-07 07:00:00,107189.72,107189.72,107189.72,107189.72,0.0
2025-02-07 07:15:00,107189.72,107189.72,107189.72,107189.72,0.0
2025-02-07 07:30:00,107189.72,107189.72,107017.94,107017.94,2.0
2025-02-07 07:45:00,107017.94,107017.94,107017.94,107017.94,0.0
2025-02-07 08:00:00,107017.94,107017.94,107017.94,107017.94,0.02336
2025-02-07 08:15:00,107017.94,107017.94,107017.94,107017.94,0.0
2025-02-07 08:30:00,107017.94,107017.94,107017.94,107017.94,0.0
2025-02-07 08:45:00,107017.94,107017.94,106973.12,106973.12,4.009348
2025-02-07 09:00:00,106973.12,106973.12,106973.12,106973.12,9.3e-05
2025-02-07 09:15:00,106973.12,106974.12,106973.12,106973.43,0.049877
2025-02-07 09:30:00,106973.43,107189.72,106973.12,107044.27,0.00156
2025-02-07 09:45:00,107044.27,107074.16,106973.12,107029.93,0.36459
2025-02-07 10:00:00,107029.93,107102.65,106973.12,107040.85,1.10204
2025-02-07 10:15:00,107040.85,107199.54,106973.12,106973.12,0.168773
2025-02-07 10:30:00,106973.12,107192.21,106973.12,106973.12,0.18991
2025-02-07 10:45:00,106973.12,107072.45,99298.74,101849.47,300.976597
2025-02-07 11:00:00,101849.47,107432.87,101163.23,107432.87,0.75784
2025-02-07 11:15:00,107432.87,107475.3,107118.74,107380.0,0.061226
2025-02-07 11:30:00,107380.0,107452.59,107118.74,107400.0,0.027413
2025-02-07 11:45:00,107400.0,107522.78,107118.74,107522.78,0.066059
2025-02-07 12:00:00,107522.78,107666.2,107118.74,107340.88,0.171256
2025-02-07 12:15:00,107340.88,107432.87,107196.62,107432.87,0.005251
2025-02-07 12:30:00,107432.87,107690.19,107118.74,107602.87,0.017577
2025-02-07 12:45:00,107602.87,107772.97,107118.74,107689.13,0.024061
2025-02-07 13:00:00,107689.13,107775.91,107118.74,107353.84,0.375805
2025-02-07 13:15:00,107353.84,107443.25,107260.97,107263.64,0.065745
2025-02-07 13:30:00,107263.64,107666.2,107118.74,107526.47,0.345653
2025-02-07 13:45:00,107526.47,107804.78,107294.17,107657.15,0.025742
2025-02-07 14:00:00,107657.15,108409.14,107294.17,107666.2,0.723545
2025-02-07 14:15:00,107666.2,108409.14,107414.56,108287.38,0.045213
2025-02-07 14:30:00,108287.38,108957.74,107650.84,108769.81,0.057872
2025-02-07 14:45:00,108769.81,110000.0,99044.1,109419.57,10116.713877
2025-02-07 15:00:00,109419.57,109419.57,96526.31,96526.31,535.959399
2025-02-07 15:15:00,96526.31,96526.31,91400.0,91638.57,1705.253317
2025-02-07 15:30:00,91638.57,104159.37,91400.0,91458.28,840.455469
2025-02-07 15:45:00,91458.28,101680.34,91400.0,96371.3,499.997298
2025-02-07 16:00:00,96371.3,96371.3,91400.0,91642.12,135.695127
2025-02-07 16:15:00,91642.12,92499.75,91400.0,92412.44,0.069938
2025-02-07 16:30:00,92412.44,93086.82,92298.02,92890.7,0.048907
2025-02-07 16:45:00,92890.7,94940.06,92890.7,94715.64,0.897742
2025-02-07 17:00:00,94715.64,95031.63,94615.62,95031.63,0.072827
2025-02-07 17:15:00,95031.63,97968.61,92941.79,94082.67,7.810717
2025-02-07 17:30:00,94082.67,94800.0,93973.32,94592.67,0.048592
2025-02-07 17:45:00,94592.67,101320.47,94511.16,100433.0,29782.840704
2025-02-07 18:00:00,100433.0,101320.47,99032.99,100282.18,0.227327
2025-02-07 18:15:00,100282.18,104137.38,100168.23,101657.8,0.466025
2025-02-07 18:30:00,101657.8,108000.0,99565.92,107866.83,30070.747754
2025-02-07 18:45:00,107866.83,108000.0,105513.03,105639.86,0.12412
2025-02-07 19:00:00,105639.86,107293.43,104632.91,104632.91,0.222191
2025-02-07 19:15:00,104632.91,106732.88,104624.85,106399.26,0.068627
2025-02-07 19:30:00,106399.26,106732.88,103416.75,105841.35,5.18004
2025-02-07 19:45:00,105841.35,106032.89,105666.87,105887.15,0.013272
2025-02-07 20:00:00,105887.15,106490.64,104357.85,104785.58,0.169835
2025-02-07 20:15:00,104785.58,106032.89,104632.91,105799.56,0.024299
2025-02-07 20:30:00,105799.56,105799.56,105479.27,105559.92,0.004753
2025-02-07 20:45:00,105559.92,105640.71,105222.74,105343.46,0.006196
2025-02-07 21:00:00,105343.46,105566.23,105343.46,105522.88,0.003588
2025-02-07 21:15:00,105522.88,105623.82,105332.9,105332.9,0.00245
2025-02-07 21:30:00,105332.9,105799.56,105332.9,105456.99,0.00278
2025-02-07 21:45:00,105456.99,105566.23,105126.4,105312.89,0.004166
2025-02-07 22:00:00,105312.89,105360.29,105099.57,105256.67,0.00682
2025-02-07 22:15:00,105256.67,105371.0,105099.57,105319.21,0.00543
2025-02-07 22:30:00,105319.21,105479.27,105202.05,105278.64,0.004259
2025-02-07 22:45:00,105278.64,105479.27,104925.52,105160.08,0.011908
2025-02-07 23:00:00,105160.08,105566.23,105160.08,105535.98,0.008437
2025-02-07 23:15:00,105535.98,105842.25,105492.58,105735.06,0.011406
2025-02-07 23:30:00,105735.06,105943.62,97282.77,99343.12,1.061012
2025-02-07 23:45:00,99343.12,99443.48,97127.91,99289.09,0.188493
2025-02-08 00:00:00,99289.09,99767.51,97851.7,97971.19,0.247336
2025-02-08 00:15:00,97971.19,99015.79,96684.66,96721.14,0.424994
2025-02-08 00:30:00,96721.14,96841.24,96652.58,96789.61,0.050001
2025-02-08 00:45:00,96789.61,96933.02,96587.38,96755.18,0.138957
2025-02-08 01:00:00,96755.18,96933.02,96362.82,96560.94,0.137609
2025-02-08 01:15:00,96560.94,96933.02,96541.14,96770.3,0.052931
2025-02-08 01:30:00,96770.3,96959.71,96350.32,96599.01,0.14044
2025-02-08 01:45:00,96599.01,96799.62,96599.01,96690.71,0.012864
2025-02-08 02:00:00,96690.71,106078.78,96466.36,100837.54,18.83306
2025-02-08 02:15:00,100837.54,101123.51,99548.7,99769.82,0.176371
2025-02-08 02:30:00,99769.82,100000.0,98875.0,99266.32,0.307841
2025-02-08 02:45:00,99266.32,99266.32,96888.89,97045.31,0.40945
2025-02-08 03:00:00,97045.31,106499.55,92941.79,102658.76,1646.499431
2025-02-08 03:15:00,102658.76,102985.81,99069.86,99122.09,0.64014
2025-02-08 03:30:00,99122.09,99366.32,96843.35,96869.75,0.399335
2025-02-08 03:45:00,96869.75,96960.32,96767.75,96849.28,0.02006
2025-02-08 04:00:00,96849.28,96962.01,96793.51,96874.44,0.048913
2025-02-08 04:15:00,96874.44,97242.62,96760.32,96804.17,0.070152
2025-02-08 04:30:00,96804.17,96962.38,96763.77,96769.09,0.046442
2025-02-08 04:45:00,96769.09,96790.29,96529.95,96561.68,0.041276
2025-02-08 05:00:00,96561.68,96643.86,96466.37,96490.22,0.05017
2025-02-08 05:15:00,96490.22,96721.44,96352.54,96399.99,0.072768
2025-02-08 05:30:00,96399.99,96799.62,96346.07,96370.59,0.075176
2025-02-08 05:45:00,96370.59,96478.92,96187.94,96246.64,0.097522
2025-02-08 06:00:00,96246.64,96699.69,96231.31,96233.03,0.071994
2025-02-08 06:15:00,96233.03,96354.55,96147.29,96266.53,0.050603
2025-02-08 06:30:00,96266.53,96799.62,96144.42,96367.71,0.080723
2025-02-08 06:45:00,96367.71,96433.88,96160.94,96160.94,0.011009
2025-02-08 07:00:00,96160.94,96938.08,96050.07,96114.91,0.091974
2025-02-08 07:15:00,96114.91,96581.22,95963.37,96123.63,0.133881
2025-02-08 07:30:00,96123.63,96351.28,95933.29,96108.7,1.038608
2025-02-08 07:45:00,96108.7,96329.0,96024.22,96274.62,0.010305
2025-02-08 08:00:00,96274.62,96329.0,95831.07,96329.0,1.103805
2025-02-08 08:15:00,96329.0,96329.0,95999.7,96289.01,0.102008
2025-02-08 08:30:00,96289.01,96362.82,95543.74,96141.3,0.173685
2025-02-08 08:45:00,96141.3,96362.82,96046.9,96070.27,0.013874
2025-02-08 09:00:00,96070.27,96362.82,90110.52,90110.52,47868.705942
2025-02-08 09:15:00,90110.52,98911.07,86533.04,88056.23,53765.02279
2025-02-08 09:30:00,88056.23,105513.03,88056.23,105261.87,53.75497
2025-02-08 09:45:00,105261.87,105513.03,104676.96,104830.59,13.526305
2025-02-08 10:00:00,104830.59,105817.89,94752.51,103168.7,5007.921196
2025-02-08 10:15:00,103168.7,103347.66,86646.51,88249.0,111801.871014
2025-02-08 10:30:00,88249.0,104032.44,88063.62,101320.47,4.022282
2025-02-08 10:45:00,101320.47,101320.47,96633.54,96713.41,0.686601
2025-02-08 11:00:00,96713.41,97500.0,96246.1,96320.32,0.140256
2025-02-08 11:15:00,96320.32,96414.42,96185.11,96193.55,0.051024
2025-02-08 11:30:00,96193.55,96326.07,96185.11,96243.22,0.053963
2025-02-08 11:45:00,96243.22,99224.19,86413.62,87291.77,389.318616
2025-02-08 12:00:00,87291.77,102760.54,87291.77,102704.88,68.699186
2025-02-08 12:15:00,102704.88,102789.33,101601.5,101830.93,115.927262
2025-02-08 12:30:00,101830.93,102938.41,101455.41,101714.48,24.073261
2025-02-08 12:45:00,101714.48,101849.47,101455.41,101721.39,1.897647
2025-02-08 13:00:00,101721.39,103416.75,101455.41,101604.51,1.148827
2025-02-08 13:15:00,101604.51,103416.75,101455.41,101455.41,0.335382
2025-02-08 13:30:00,101455.41,106109.22,101455.41,106097.79,918.269856
2025-02-08 13:45:00,106097.79,106097.79,104032.44,105943.62,50.368246
2025-02-08 14:00:00,105943.62,106000.0,105943.62,105943.62,0.043381
2025-02-08 14:15:00,105943.62,105943.62,87845.22,87845.22,2758.229504
2025-02-08 14:30:00,87845.22,89739.81,87615.53,88148.11,41516.484168
2025-02-08 14:45:00,88148.11,88299.81,87588.18,87629.47,4401.026154
2025-02-08 15:00:00,87629.47,104624.85,87629.47,97949.97,97.58009
2025-02-08 15:15:00,97949.97,105513.03,87588.18,103411.01,276.644527
2025-02-08 15:30:00,103411.01,105513.03,87588.18,96130.16,2292.801206
2025-02-08 15:45:00,96130.16,96144.42,95707.62,95779.87,0.158492
2025-02-08 16:00:00,95779.87,96362.82,95475.16,95971.83,0.286552
2025-02-08 16:15:00,95971.83,96042.72,89810.82,95000.0,63.273334
2025-02-08 16:30:00,95000.0,95270.82,93742.02,95270.82,0.397983
2025-02-08 16:45:00,95270.82,95447.25,93899.73,95447.25,0.236546
2025-02-08 17:00:00,95447.25,95669.78,87588.18,88500.42,70.000928
2025-02-08 17:15:00,88500.42,89940.69,88314.06,89933.12,0.237351
2025-02-08 17:30:00,89933.12,90633.11,89592.42,90597.09,0.160673
2025-02-08 17:45:00,90597.09,90844.7,90238.2,90466.02,0.241071
2025-02-08 18:00:00,90466.02,91537.86,90188.4,90633.11,0.219334
2025-02-08 18:15:00,90633.11,96144.42,90247.62,96126.31,1.156168
2025-02-08 18:30:00,96126.31,96530.58,95766.37,96530.58,0.255321
2025-02-08 18:45:00,96530.58,96598.18,96233.03,96362.82,0.142786
2025-02-08 19:00:00,96362.82,106142.32,95966.43,96245.49,83.303421
2025-02-08 19:15:00,96245.49,96767.75,96233.03,96690.0,0.162512
2025-02-08 19:30:00,96690.0,97130.73,96466.36,96812.31,44.178468
2025-02-08 19:45:00,96812.31,97399.68,95926.02,96787.18,0.423724
2025-02-08 20:00:00,96787.18,96816.89,96329.0,96329.0,0.270193
2025-02-08 20:15:00,96329.0,96767.75,96233.03,96366.7,0.163291
2025-02-08 20:30:00,96366.7,96675.69,96233.03,96581.21,1.163422
2025-02-08 20:45:00,96581.21,96699.69,96233.03,96633.54,0.126978
2025-02-08 21:00:00,96633.54,97018.02,95648.66,96466.36,1.3663
2025-02-08 21:15:00,96466.36,96799.62,96233.03,96581.22,0.169698
2025-02-08 21:30:00,96581.22,96694.09,96233.03,96674.92,0.710077
2025-02-08 21:45:00,96674.92,96767.75,96362.82,96648.37,0.127847
2025-02-08 22:00:00,96648.37,96839.14,96295.34,96683.2,0.175033
2025-02-08 22:15:00,96683.2,96852.84,96466.36,96770.16,0.163463
2025-02-08 22:30:00,96770.16,96859.8,96362.82,96699.69,0.168082
2025-02-08 22:45:00,96699.69,96699.69,96295.34,96527.6,1.067335
2025-02-08 23:00:00,96527.6,97000.0,96317.87,96611.03,0.16898
2025-02-08 23:15:00,96611.03,96767.75,96362.82,96505.44,0.165475
2025-02-08 23:30:00,96505.44,96799.62,96362.82,96799.62,0.158707
2025-02-08 23:45:00,96799.62,96800.0,96404.77,96658.87,0.2689
2025-02-09 00:00:00,96658.87,96799.62,96362.82,96458.35,0.158367
2025-02-09 00:15:00,96458.35,96938.08,96351.24,96539.73,0.171741
2025-02-09 00:30:00,96539.73,96633.54,96295.49,96581.2,0.164895
2025-02-09 00:45:00,96581.2,96605.18,96233.03,96362.82,0.172476
2025-02-09 01:00:00,96362.82,96799.62,96362.82,96755.05,0.158595
2025-02-09 01:15:00,96755.05,96873.12,96466.36,96799.62,0.159674
2025-02-09 01:30:00,96799.62,97391.5,96532.06,96997.94,0.174719
2025-02-09 01:45:00,96997.94,97871.65,95999.7,97085.12,0.326598
2025-02-09 02:00:00,97085.12,97200.0,96799.62,96985.2,0.161443
2025-02-09 02:15:00,96985.2,97882.25,96481.33,97017.95,0.23539
2025-02-09 02:30:00,97017.95,97130.73,96699.69,97018.02,0.158174
2025-02-09 02:45:00,97018.02,97112.73,96594.28,96657.54,0.129411
2025-02-09 03:00:00,96657.54,97485.79,96144.42,96847.77,0.277246
2025-02-09 03:15:00,96847.77,97018.44,96581.22,96950.15,0.209438
2025-02-09 03:30:00,96950.15,97851.7,96699.69,97012.68,0.173601
2025-02-09 03:45:00,97012.68,97547.16,96938.08,97372.41,0.129818
2025-02-09 04:00:00,97372.41,97904.78,95807.9,95807.9,0.25156
2025-02-09 04:15:00,95807.9,106767.07,95489.22,97882.25,108.738076
2025-02-09 04:30:00,97882.25,98400.0,96797.59,97402.51,1.265066
2025-02-09 04:45:00,97402.51,97866.34,96845.68,97460.86,0.301273
2025-02-09 05:00:00,97460.86,98500.0,96938.92,97370.91,0.24593
2025-02-09 05:15:00,97370.91,97904.78,96938.08,97535.44,0.321319
2025-02-09 05:30:00,97535.44,98099.67,96874.58,97489.74,1.180367
2025-02-09 05:45:00,97489.74,97547.16,97050.57,97290.07,0.129904
2025-02-09 06:00:00,97290.07,97412.29,96933.02,97219.11,0.15774
2025-02-09 06:15:00,97219.11,97399.68,96914.33,97289.99,0.164999
2025-02-09 06:30:00,97289.99,106547.19,96938.08,97082.14,6.903673
2025-02-09 06:45:00,97082.14,97311.28,96933.02,97242.61,0.174938
2025-02-09 07:00:00,97242.61,103403.94,96873.12,99224.19,2.081502
2025-02-09 07:15:00,99224.19,106742.4,87470.95,88066.48,8526.469681
2025-02-09 07:30:00,88066.48,89600.0,87470.95,87970.2,1.238851
2025-02-09 07:45:00,87970.2,88600.04,87742.1,88028.08,0.167671
2025-02-09 08:00:00,88028.08,89233.13,87742.1,89233.13,0.189428
2025-02-09 08:15:00,89233.13,89940.69,88937.22,89772.34,0.160039
2025-02-09 08:30:00,89772.34,97052.1,88660.17,96831.26,1.799052
2025-02-09 08:45:00,96831.26,97127.91,96581.22,97106.87,0.230137
2025-02-09 09:00:00,97106.87,97242.62,96799.62,97166.35,0.252103
2025-02-09 09:15:00,97166.35,97282.77,96766.01,97018.02,0.226445
2025-02-09 09:30:00,97018.02,97130.73,96749.56,96859.05,0.149971
2025-02-09 09:45:00,96859.05,97096.77,96699.69,96734.56,0.143959
2025-02-09 10:00:00,96734.56,97130.73,96581.22,96987.83,0.23339
2025-02-09 10:15:00,96987.83,97388.95,96144.42,96699.69,0.684838
2025-02-09 10:30:00,96699.69,97417.06,87885.09,91076.48,9.295336
2025-02-09 10:45:00,91076.48,95926.02,91000.0,91558.02,3.29438
2025-02-09 11:00:00,91558.02,93086.82,91232.31,93086.82,0.172925
2025-02-09 11:15:00,93086.82,93603.42,92650.02,93305.22,0.155977
2025-02-09 11:30:00,93305.22,94211.67,93137.95,93666.4,0.204011
2025-02-09 11:45:00,93666.4,95031.63,93666.4,95031.63,0.171005
2025-02-09 12:00:00,95031.63,95385.82,94589.87,95299.71,0.268355
2025-02-09 12:15:00,95299.71,96144.42,95052.42,95719.92,0.20431
2025-02-09 12:30:00,95719.92,96466.36,95707.62,96199.76,0.151701
2025-02-09 12:45:00,96199.76,96200.0,94589.87,94834.02,0.190247
2025-02-09 13:00:00,94834.02,95000.0,94579.14,94615.62,0.362874
2025-02-09 13:15:00,94615.62,96596.34,94589.87,96331.63,1.236425
2025-02-09 13:30:00,96331.63,96466.36,96042.72,96223.58,0.151636
2025-02-09 13:45:00,96223.58,96394.25,95719.92,95899.08,0.142576
2025-02-09 14:00:00,95899.08,96144.42,95707.62,96054.28,0.14695
2025-02-09 14:15:00,96054.28,96233.03,95766.37,96112.81,0.15161
2025-02-09 14:30:00,96112.81,96144.42,95489.22,95860.77,0.199924
2025-02-09 14:45:00,95860.77,96233.03,95315.83,96042.72,0.206892
2025-02-09 15:00:00,96042.72,96144.42,94806.3,94834.02,0.928491
2025-02-09 15:15:00,94834.02,106158.06,89233.13,96233.03,7.238531
2025-02-09 15:30:00,96233.03,96687.82,95999.7,96472.87,0.838208
2025-02-09 15:45:00,96472.87,96666.51,96362.82,96635.19,0.29573
2025-02-09 16:00:00,96635.19,96665.14,96233.03,96330.91,0.232082
2025-02-09 16:15:00,96330.91,96568.75,96233.03,96338.16,0.29756
2025-02-09 16:30:00,96338.16,96519.81,96190.61,96231.99,0.092347
2025-02-09 16:45:00,96231.99,96304.46,95325.63,96257.31,0.147757
2025-02-09 17:00:00,96257.31,96753.2,96177.51,96295.15,0.992901
2025-02-09 17:15:00,96295.15,96753.2,96257.84,96458.23,0.9453
2025-02-09 17:30:00,96458.23,96458.23,96106.55,96106.55,0.048469
2025-02-09 17:45:00,96106.55,96231.27,96023.69,96185.22,0.014471
2025-02-09 18:00:00,96185.22,96300.0,96046.41,96075.09,0.028802
2025-02-09 18:15:00,96075.09,96300.0,96049.78,96059.81,0.03158
2025-02-09 18:30:00,96059.81,96300.0,95616.61,95926.02,1.037238
2025-02-09 18:45:00,95926.02,96144.42,95852.89,96008.13,0.010588
2025-02-09 19:00:00,96008.13,96300.0,95999.7,96249.23,0.07822
2025-02-09 19:15:00,96249.23,96300.0,95110.84,95926.02,0.150497
2025-02-09 19:30:00,95926.02,96181.33,95926.02,95926.02,0.045715
2025-02-09 19:45:00,95926.02,96300.0,95674.98,95906.88,0.044887
2025-02-09 20:00:00,95906.88,96300.0,95066.38,95910.98,0.407079
2025-02-09 20:15:00,95910.98,96295.49,95866.78,96246.75,0.032333
2025-02-09 20:30:00,96246.75,96633.54,96246.75,96425.9,0.114785
2025-02-09 20:45:00,96425.9,96753.2,96144.42,96391.25,0.128363
2025-02-09 21:00:00,96391.25,96391.25,95907.49,96156.1,0.081473
2025-02-09 21:15:00,96156.1,96581.22,96014.29,96014.29,0.083864
2025-02-09 21:30:00,96014.29,96130.4,95700.35,95700.35,0.07247
2025-02-09 21:45:00,95700.35,95700.35,94834.03,95092.45,0.141701
2025-02-09 22:00:00,95092.45,95299.71,94886.3,95251.41,0.0433
2025-02-09 22:15:00,95251.41,95554.86,95222.49,95449.79,0.086104
2025-02-09 22:30:00,95449.79,95719.92,95449.79,95645.91,0.033469
2025-02-09 22:45:00,95645.91,95766.37,95520.61,95732.83,0.013448
2025-02-09 23:00:00,95732.83,95926.02,95614.32,95862.16,0.031564
2025-02-09 23:15:00,95862.16,96144.42,95810.87,96057.18,0.106361
2025-02-09 23:30:00,96057.18,96362.82,95900.78,96264.19,0.029939
2025-02-09 23:45:00,96264.19,96362.82,95489.22,95514.28,0.05587
2025-02-10 00:00:00,95514.28,96711.51,95514.28,96711.51,0.081982
2025-02-10 00:15:00,96711.51,96999.95,96679.22,96757.3,0.031274
2025-02-10 00:30:00,96757.3,96963.68,96494.34,96709.86,0.177974
2025-02-10 00:45:00,96709.86,96826.67,96042.72,96571.01,0.098567
2025-02-10 01:00:00,96571.01,104166.25,87470.95,88457.05,1831.190837
2025-02-10 01:15:00,88457.05,98126.31,87470.95,98126.31,59441.368153
2025-02-10 01:30:00,98126.31,102344.84,97127.91,102344.84,107387.962357
2025-02-10 01:45:00,102344.84,103397.26,101651.84,103397.26,103840.906463
2025-02-10 02:00:00,103397.26,105171.13,102766.27,104972.52,35608.263763
2025-02-10 02:15:00,104972.52,105297.37,101391.24,101682.5,0.725802
2025-02-10 02:30:00,101682.5,101832.95,97391.5,97633.01,0.672396
2025-02-10 02:45:00,97633.01,97904.78,96633.54,96657.1,0.144993
2025-02-10 03:00:00,96657.1,96816.56,96637.71,96637.71,0.030334
2025-02-10 03:15:00,96637.71,96661.6,96220.6,96276.43,0.086749
2025-02-10 03:30:00,96276.43,96581.22,96211.62,96482.12,0.034831
2025-02-10 03:45:00,96482.12,96999.95,96407.44,96942.58,1.229969
2025-02-10 04:00:00,96942.58,97086.28,96870.98,96963.54,0.040306
2025-02-10 04:15:00,96963.54,97633.01,96963.54,97319.91,0.034378
2025-02-10 04:30:00,97319.91,97484.25,97151.16,97151.16,0.029873
2025-02-10 04:45:00,97151.16,97399.68,97108.47,97205.04,0.017514
2025-02-10 05:00:00,97205.04,97866.34,97203.78,97391.08,0.068354
2025-02-10 05:15:00,97391.08,97739.49,96530.58,97739.49,0.2588
2025-02-10 05:30:00,97739.49,98364.64,96828.08,97964.77,0.193064
2025-02-10 05:45:00,97964.77,98099.67,96685.43,97041.08,0.072852
2025-02-10 06:00:00,97041.08,98000.0,97041.08,97307.58,0.042858
2025-02-10 06:15:00,97307.58,98333.0,96747.63,97076.53,0.148717
2025-02-10 06:30:00,97076.53,97654.99,96940.73,97451.43,0.037154
2025-02-10 06:45:00,97451.43,97633.01,96933.02,97399.68,0.018853
2025-02-10 07:00:00,97399.68,97866.34,97273.1,97663.65,0.062089
2025-02-10 07:15:00,97663.65,97819.29,96937.23,97306.23,13.836455
2025-02-10 07:30:00,97306.23,97527.99,87572.5,92650.02,4.482704
2025-02-10 07:45:00,92650.02,97547.16,92650.02,97370.12,1.239382
2025-02-10 08:00:00,97370.12,107542.35,97369.84,97851.7,9.01509
2025-02-10 08:15:00,97851.7,98002.19,97802.9,97936.56,0.0447
2025-02-10 08:30:00,97936.56,98080.94,97633.01,97859.58,0.119881
2025-02-10 08:45:00,97859.58,98099.67,97422.62,97851.7,0.037099
2025-02-10 09:00:00,97851.7,98286.31,97456.43,97851.7,0.087554
2025-02-10 09:15:00,97851.7,103416.75,97547.16,101700.09,7.082212
2025-02-10 09:30:00,101700.09,107300.4,98591.05,104672.44,1.387648
2025-02-10 09:45:00,104672.44,104689.98,94086.14,97776.21,79.381233
2025-02-10 10:00:00,97776.21,98099.67,97149.65,97706.13,0.174647
2025-02-10 10:15:00,97706.13,100715.41,97635.53,98591.06,0.438565
2025-02-10 10:30:00,98591.06,98799.66,97968.61,98475.52,0.141948
2025-02-10 10:45:00,98475.52,98487.17,97902.69,97933.85,0.062171
2025-02-10 11:00:00,97933.85,98309.94,97902.4,97913.72,0.102424
2025-02-10 11:15:00,97913.72,107621.82,88742.79,96549.21,125.091556
2025-02-10 11:30:00,96549.21,101486.49,88056.23,96500.0,790.485182
2025-02-10 11:45:00,96500.0,103388.12,92213.22,96479.1,74.552081
2025-02-10 12:00:00,96479.1,103108.64,92119.22,95447.25,74.08534
2025-02-10 12:15:00,95447.25,99499.65,87824.68,94264.8,87.90325
2025-02-10 12:30:00,94264.8,99224.19,89155.62,95031.63,87.233641
2025-02-10 12:45:00,95031.63,101393.35,89700.54,95600.0,88.588133
2025-02-10 13:00:00,95600.0,99224.19,89940.69,94773.99,90.971764
2025-02-10 13:15:00,94773.99,99224.19,89940.69,96046.96,88.49231
2025-02-10 13:30:00,96046.96,99010.02,89217.78,92323.33,89.320007
2025-02-10 13:45:00,92323.33,101320.47,90029.22,95707.62,88.446418
2025-02-10 14:00:00,95707.62,99266.32,89592.42,95926.02,89.811278
2025-02-10 14:15:00,95926.02,99538.03,88766.47,96144.42,89.354262
2025-02-10 14:30:00,96144.42,99767.51,88314.06,95554.86,90.963184
2025-02-10 14:45:00,95554.86,101320.47,87652.9,95003.87,89.161104
2025-02-10 15:00:00,95003.87,99224.19,89700.54,95543.74,89.35119
2025-02-10 15:15:00,95543.74,99328.3,88309.2,94773.99,93.360595
2025-02-10 15:30:00,94773.99,106568.21,87470.95,103104.42,2643.228339
2025-02-10 15:45:00,103104.42,103104.42,97166.35,97166.35,0.792707
2025-02-10 16:00:00,97166.35,97547.16,96790.59,97337.37,1.041798
2025-02-10 16:15:00,97337.37,98080.94,97166.35,97639.72,0.047815
2025-02-10 16:30:00,97639.72,97866.34,97166.35,97286.17,0.049146
2025-02-10 16:45:00,97286.17,97549.63,97243.48,97396.34,0.016417
2025-02-10 17:00:00,97396.34,97633.01,97242.62,97252.28,0.039143
2025-02-10 17:15:00,97252.28,97826.57,96699.69,97503.84,0.123638
2025-02-10 17:30:00,97503.84,98099.67,96699.69,97357.89,0.192178
2025-02-10 17:45:00,97357.89,98219.67,96949.6,97464.39,0.103008
2025-02-10 18:00:00,97464.39,97949.97,97125.08,97436.36,0.06588
2025-02-10 18:15:00,97436.36,97521.84,97266.7,97452.53,0.035079
2025-02-10 18:30:00,97452.53,97633.01,97338.78,97522.7,0.091769
2025-02-10 18:45:00,97522.7,97856.69,97399.68,97808.73,0.043446
2025-02-10 19:00:00,97808.73,98099.67,97633.01,97847.9,0.03975
2025-02-10 19:15:00,97847.9,97953.14,97739.09,97849.91,0.039381
2025-02-10 19:30:00,97849.91,97975.67,96799.62,97519.79,0.116305
2025-02-10 19:45:00,97519.79,97600.0,97394.13,97492.67,0.020587
2025-02-10 20:00:00,97492.67,107118.74,97161.41,103663.08,5.556923
2025-02-10 20:15:00,103663.08,103747.08,97545.41,97606.3,0.978702
2025-02-10 20:30:00,97606.3,98799.66,97523.47,98156.24,0.07286
2025-02-10 20:45:00,98156.24,98182.51,97282.77,97727.82,0.176758
2025-02-10 21:00:00,97727.82,97866.34,97587.14,97626.47,0.083521
2025-02-10 21:15:00,97626.47,97712.09,97420.73,97641.93,0.043795
2025-02-10 21:30:00,97641.93,97889.35,97399.68,97648.48,0.055607
2025-02-10 21:45:00,97648.48,97759.98,97345.09,97480.89,0.050621
2025-02-10 22:00:00,97480.89,98765.32,97127.91,97711.31,0.280743
2025-02-10 22:15:00,97711.31,98000.0,97127.91,97588.03,0.136321
2025-02-10 22:30:00,97588.03,98200.0,97127.91,97580.88,0.153142
2025-02-10 22:45:00,97580.88,97995.95,97127.91,97641.27,0.100933
2025-02-10 23:00:00,97641.27,97866.34,97547.16,97656.83,0.042569
2025-02-10 23:15:00,97656.83,97740.4,97127.91,97406.34,0.089661
2025-02-10 23:30:00,97406.34,97600.0,97255.08,97457.97,0.047014
2025-02-10 23:45:00,97457.97,98460.78,97437.24,97658.0,0.055587
2025-02-11 00:00:00,97658.0,98014.26,97658.0,97713.97,0.04347
2025-02-11 00:15:00,97713.97,98420.61,97658.0,97895.36,0.057834
2025-02-11 00:30:00,97895.36,98227.62,97843.43,98060.94,0.047
2025-02-11 00:45:00,98060.94,98333.0,97906.06,98133.55,0.025247
2025-02-11 01:00:00,98133.55,98805.27,97166.35,97975.55,0.183594
2025-02-11 01:15:00,97975.55,98510.17,97127.91,98109.84,0.243095
2025-02-11 01:30:00,98109.84,98399.27,97866.34,98335.7,0.122561
2025-02-11 01:45:00,98335.7,98566.33,97242.62,97866.34,0.112885
2025-02-11 02:00:00,97866.34,107791.05,88155.43,102901.77,9993.513437
2025-02-11 02:15:00,102901.77,107705.55,97748.74,97837.69,2.320127
2025-02-11 02:30:00,97837.69,98500.0,97547.16,97551.3,0.084068
2025-02-11 02:45:00,97551.3,97881.19,97551.28,97779.98,0.031494
2025-02-11 03:00:00,97779.98,98333.0,97671.59,97671.59,0.045855
2025-02-11 03:15:00,97671.59,97872.5,97658.0,97686.0,0.048255
2025-02-11 03:30:00,97686.0,97768.51,97600.0,97644.05,0.045141
2025-02-11 03:45:00,97644.05,97720.4,97500.0,97593.41,0.029602
2025-02-11 04:00:00,97593.41,97717.14,97548.36,97602.97,0.051466
2025-02-11 04:15:00,97602.97,97851.7,87820.65,88410.96,317.326769
2025-02-11 04:30:00,88410.96,88724.82,88000.0,88500.42,418.535522
2025-02-11 04:45:00,88500.42,88743.03,88171.07,88314.06,8.446141
2025-02-11 05:00:00,88314.06,88999.8,88282.02,88410.96,7.179485
2025-02-11 05:15:00,88410.96,89070.16,88249.24,88718.82,8.898342
2025-02-11 05:30:00,88718.82,96851.34,88410.96,96851.34,2.196997
2025-02-11 05:45:00,96851.34,98099.67,96837.07,98099.67,0.37021
2025-02-11 06:00:00,98099.67,98500.0,98099.67,98179.23,0.041508
2025-02-11 06:15:00,98179.23,98458.71,98136.98,98293.9,0.031568
2025-02-11 06:30:00,98293.9,98566.44,98242.35,98392.55,0.031681
2025-02-11 06:45:00,98392.55,98556.01,98320.41,98456.23,0.007627
2025-02-11 07:00:00,98456.23,98510.85,88533.14,89155.62,803.097424
2025-02-11 07:15:00,89155.62,108221.38,89155.62,108221.38,9568.125268
2025-02-11 07:30:00,108221.38,108296.64,105479.27,108121.64,2.3387
2025-02-11 07:45:00,108121.64,108202.69,108028.09,108028.09,0.00334
2025-02-11 08:00:00,108028.09,108132.86,106460.37,107657.15,3.839207
2025-02-11 08:15:00,107657.15,108020.13,106732.88,107856.76,0.420883
2025-02-11 08:30:00,107856.76,108132.86,106250.0,106499.55,1.947089
2025-02-11 08:45:00,106499.55,108076.46,106204.11,107837.98,4.357669
2025-02-11 09:00:00,107837.98,108132.86,105479.27,108020.13,14.945814
2025-02-11 09:15:00,108020.13,108075.26,106568.21,107848.64,5.757026
2025-02-11 09:30:00,107848.64,108020.13,106344.39,107432.87,17.41306
2025-02-11 09:45:00,107432.87,107906.03,106204.11,107432.87,67.013228
2025-02-11 10:00:00,107432.87,107926.32,106673.89,107432.87,7.885359
2025-02-11 10:15:00,107432.87,107902.61,106966.21,107644.71,1.219646
2025-02-11 10:30:00,107644.71,107726.26,107008.19,107623.87,2.534183
2025-02-11 10:45:00,107623.87,107837.02,106673.89,107559.79,5.119362
2025-02-11 11:00:00,107559.79,107837.02,106673.89,107600.68,2.959555
2025-02-11 11:15:00,107600.68,107899.53,106742.4,107294.17,1.818882
2025-02-11 11:30:00,107294.17,107899.53,106742.4,107720.09,1.253676
2025-02-11 11:45:00,107720.09,108023.51,106673.89,107432.87,3.560167
2025-02-11 12:00:00,107432.87,107899.53,106767.07,107645.27,1.495828
2025-02-11 12:15:00,107645.27,107666.2,106673.89,107372.49,1.618024
2025-02-11 12:30:00,107372.49,107542.35,106673.89,107405.64,1.014298
2025-02-11 12:45:00,107405.64,107618.01,106673.89,107586.83,0.765305
2025-02-11 13:00:00,107586.83,107633.13,107586.83,107586.83,0.284888
2025-02-11 13:15:00,107586.83,107586.83,107586.83,107586.83,0.007332
2025-02-11 13:30:00,107586.83,107586.83,107586.83,107586.83,0.012225
2025-02-11 13:45:00,107586.83,107586.83,107586.83,107586.83,0.0
2025-02-11 14:00:00,107586.83,107586.83,106673.89,106673.89,8.244157
2025-02-11 14:15:00,106673.89,106673.89,106673.89,106673.89,0.014144
2025-02-11 14:30:00,106673.89,106811.47,106673.89,106811.47,0.017722
2025-02-11 14:45:00,106811.47,106966.21,106673.89,106673.89,0.00606
2025-02-11 15:00:00,106673.89,106966.21,106673.89,106732.88,0.00405
2025-02-11 15:15:00,106732.88,106732.88,88696.69,89592.42,5774.010274
2025-02-11 15:30:00,89592.42,96938.08,88696.69,96838.03,2.672619
2025-02-11 15:45:00,96838.03,97127.91,96838.03,96987.3,0.143488
2025-02-11 16:00:00,96987.3,103416.75,96211.62,96944.32,1.891399
2025-02-11 16:15:00,96944.32,97157.93,96599.19,96862.77,0.066765
2025-02-11 16:30:00,96862.77,97018.02,93046.85,96747.17,1.62605
2025-02-11 16:45:00,96747.17,97127.91,96520.29,96612.56,0.172616
2025-02-11 17:00:00,96612.56,96676.53,96333.81,96334.34,0.045213
2025-02-11 17:15:00,96334.34,96581.22,96277.87,96399.73,0.033128
2025-02-11 17:30:00,96399.73,99224.19,87456.12,87470.95,14841.358491
2025-02-11 17:45:00,87470.95,87470.95,87456.12,87465.4,2.189455
2025-02-11 18:00:00,87465.4,87636.1,87460.03,87575.74,0.101433
2025-02-11 18:15:00,87575.74,87885.09,87497.34,87845.22,0.375525
2025-02-11 18:30:00,87845.22,87885.09,87456.12,87707.33,0.083282
2025-02-11 18:45:00,87707.33,87885.09,87626.82,87885.09,0.222606
2025-02-11 19:00:00,87885.09,87885.09,87626.82,87885.09,0.137418
2025-02-11 19:15:00,87885.09,89940.69,87626.82,89699.79,0.491031
2025-02-11 19:30:00,89699.79,93176.68,87456.12,87950.58,1.940088
2025-02-11 19:45:00,87950.58,88063.62,87456.12,87581.76,0.807435
2025-02-11 20:00:00,87581.76,87885.09,87563.92,87800.45,0.029016
2025-02-11 20:15:00,87800.45,88600.04,87720.75,88416.65,0.094135
2025-02-11 20:30:00,88416.65,88533.14,88028.08,88533.14,0.111853
2025-02-11 20:45:00,88533.14,89212.68,88533.14,88937.22,0.124582
2025-02-11 21:00:00,88937.22,90839.07,88937.22,90466.02,0.353214
2025-02-11 21:15:00,90466.02,91339.62,90234.11,91099.77,0.240276
2025-02-11 21:30:00,91099.77,91099.77,89284.84,89466.46,0.183142
2025-02-11 21:45:00,89466.46,90000.0,89212.68,89592.42,0.056213
2025-02-11 22:00:00,89592.42,90188.4,89155.62,89233.13,0.101797
2025-02-11 22:15:00,89233.13,90166.45,88742.79,89233.13,0.230831
2025-02-11 22:30:00,89233.13,89810.82,89000.0,89579.42,0.077669
2025-02-11 22:45:00,89579.42,90671.19,87599.11,87771.19,0.563297
2025-02-11 23:00:00,87771.19,88282.02,87456.12,88063.62,0.203653
2025-02-11 23:15:00,88063.62,88800.0,87742.1,88800.0,0.296679
2025-02-11 23:30:00,88800.0,91666.65,88600.04,91347.2,0.65184
2025-02-11 23:45:00,91347.2,91347.2,90597.09,90597.28,0.045259
2025-02-12 00:00:00,90597.28,90597.77,90597.09,90597.09,0.0542
2025-02-12 00:15:00,90597.09,90597.77,89933.66,90247.62,0.15786
2025-02-12 00:30:00,90247.62,90597.77,89374.02,89374.02,0.182899
2025-02-12 00:45:00,89374.02,94676.31,89284.84,93666.4,1.273309
2025-02-12 01:00:00,93666.4,94397.22,93603.42,93603.42,0.115793
2025-02-12 01:15:00,93603.42,94501.76,93603.42,94501.76,0.052637
2025-02-12 01:30:00,94501.76,94676.31,94178.82,94575.9,0.187239
2025-02-12 01:45:00,94575.9,94676.31,94178.82,94599.72,0.030317
2025-02-12 02:00:00,94599.72,94676.31,94197.22,94197.22,0.046612
2025-02-12 02:15:00,94197.22,94676.31,94178.82,94178.82,0.165997
2025-02-12 02:30:00,94178.82,94178.82,87905.2,88331.76,1.12064
2025-02-12 02:45:00,88331.76,88718.82,88282.02,88314.06,0.092679
2025-02-12 03:00:00,88314.06,89155.62,88314.06,88766.47,0.117146
2025-02-12 03:15:00,88766.47,94676.31,88766.47,94397.22,1.234124
2025-02-12 03:30:00,94397.22,94397.22,88742.79,89592.42,0.934875
2025-02-12 03:45:00,89592.42,89699.79,89155.62,89699.79,0.028197
2025-02-12 04:00:00,89699.79,92935.35,89374.02,92757.61,0.580092
2025-02-12 04:15:00,92757.61,105000.0,89111.0,103279.07,446.437561
2025-02-12 04:30:00,103279.07,103699.59,101056.69,101366.29,0.355457
2025-02-12 04:45:00,101366.29,101486.49,96633.54,96633.54,0.710702
2025-02-12 05:00:00,96633.54,97018.02,95727.91,95727.91,0.29085
2025-02-12 05:15:00,95727.91,95896.85,95554.86,95631.23,0.075863
2025-02-12 05:30:00,95631.23,95999.7,95631.22,95809.2,0.049387
2025-02-12 05:45:00,95809.2,102994.05,89832.2,102532.94,4.479505
2025-02-12 06:00:00,102532.94,102746.16,100387.03,100666.3,0.136714
2025-02-12 06:15:00,100666.3,100760.53,96144.42,96144.42,1.310831
2025-02-12 06:30:00,96144.42,96699.69,96144.42,96144.42,0.058999
2025-02-12 06:45:00,96144.42,96581.22,96144.42,96144.42,0.046305
2025-02-12 07:00:00,96144.42,96633.54,96144.42,96172.07,1.288299
2025-02-12 07:15:00,96172.07,96466.36,96144.42,96144.42,0.052369
2025-02-12 07:30:00,96144.42,96466.36,96144.42,96274.5,334.047192
2025-02-12 07:45:00,96274.5,96480.45,96144.42,96146.46,0.177897
2025-02-12 08:00:00,96146.46,101320.47,96144.42,96231.67,3.52503
2025-02-12 08:15:00,96231.67,96466.36,96144.42,96168.11,0.030504
2025-02-12 08:30:00,96168.11,96767.75,96144.42,96278.45,1.096444
2025-02-12 08:45:00,96278.45,96458.22,96144.42,96305.22,1.610884
2025-02-12 09:00:00,96305.22,96582.0,96144.42,96503.71,0.334907
2025-02-12 09:15:00,96503.71,99224.19,96367.84,98916.15,0.231374
2025-02-12 09:30:00,98916.15,105817.89,98916.15,105817.89,0.950238
2025-02-12 09:45:00,105817.89,105817.89,103416.75,103567.96,0.175014
2025-02-12 10:00:00,103567.96,105666.23,103416.75,103416.75,0.193864
2025-02-12 10:15:00,103416.75,105666.23,101599.62,101888.98,0.243612
2025-02-12 10:30:00,101888.98,105513.03,101725.68,105318.12,0.48511
2025-02-12 10:45:00,105318.12,105513.03,96749.56,96829.93,1.027079
2025-02-12 11:00:00,96829.93,97547.16,96829.93,97275.59,0.021525
2025-02-12 11:15:00,97275.59,97600.0,96295.49,96457.4,0.106424
2025-02-12 11:30:00,96457.4,96489.72,96144.42,96305.87,0.717477
2025-02-12 11:45:00,96305.87,96489.72,96144.42,96418.44,0.455424
2025-02-12 12:00:00,96418.44,96489.72,96144.42,96450.82,0.367317
2025-02-12 12:15:00,96450.82,96489.72,96144.42,96144.42,3.397285
2025-02-12 12:30:00,96144.42,96489.72,96144.42,96144.42,0.164728
2025-02-12 12:45:00,96144.42,105666.23,96144.42,96938.08,30.05571
2025-02-12 13:00:00,96938.08,97493.71,96699.7,97186.79,0.073368
2025-02-12 13:15:00,97186.79,97904.78,96799.62,97904.78,0.079182
2025-02-12 13:30:00,97904.78,97968.61,87456.12,88766.47,1641.432169
2025-02-12 13:45:00,88766.47,89145.17,87456.12,87540.71,0.370881
2025-02-12 14:00:00,87540.71,89592.42,87540.71,87869.75,0.965527
2025-02-12 14:15:00,87869.75,88028.08,87642.64,87886.68,0.080282
2025-02-12 14:30:00,87886.68,88171.07,87456.12,87505.29,2.203835
2025-02-12 14:45:00,87505.29,90800.0,87456.12,90120.45,0.653201
2025-02-12 15:00:00,90120.45,90399.78,89810.82,90089.58,0.083848
2025-02-12 15:15:00,90089.58,90399.78,89933.12,90292.4,0.121136
2025-02-12 15:30:00,90292.4,92000.0,90201.84,91665.32,0.761614
2025-02-12 15:45:00,91665.32,92000.0,91558.02,91994.82,0.069746
2025-02-12 16:00:00,91994.82,92000.0,91558.02,91558.02,0.083333
2025-02-12 16:15:00,91558.02,92000.0,91298.92,91558.02,0.091292
2025-02-12 16:30:00,91558.02,92000.0,91558.02,92000.0,0.107991
2025-02-12 16:45:00,92000.0,92000.0,91339.62,91558.02,0.1945
2025-02-12 17:00:00,91558.02,92000.0,91164.12,91241.4,0.194065
2025-02-12 17:15:00,91241.4,92000.0,91151.82,91667.54,0.20473
2025-02-12 17:30:00,91667.54,92000.0,91466.46,91648.94,0.192745
2025-02-12 17:45:00,91648.94,92000.0,91566.43,92000.0,0.180191
2025-02-12 18:00:00,92000.0,92000.0,91133.32,91728.03,0.196089
2025-02-12 18:15:00,91728.03,92000.0,91333.1,91799.76,0.192807
2025-02-12 18:30:00,91799.76,91994.82,91164.12,91621.58,0.199063
2025-02-12 18:45:00,91621.58,92000.0,91164.03,91164.03,0.201006
2025-02-12 19:00:00,91164.03,92000.0,91164.03,91994.82,0.184166
2025-02-12 19:15:00,91994.82,92000.0,91447.94,91447.94,0.119198
2025-02-12 19:30:00,91447.94,92000.0,91298.92,91939.44,0.085032
2025-02-12 19:45:00,91939.44,92000.0,91558.02,91566.43,0.071356
2025-02-12 20:00:00,91566.43,92000.0,91200.0,91437.17,0.076861
2025-02-12 20:15:00,91437.17,92000.0,91164.12,91462.06,0.100097
2025-02-12 20:30:00,91462.06,91994.82,91200.0,91558.02,0.082255
2025-02-12 20:45:00,91558.02,92000.0,91339.62,91549.14,0.073844
2025-02-12 21:00:00,91549.14,92000.0,91532.92,91641.86,0.070446
2025-02-12 21:15:00,91641.86,92000.0,91339.62,92000.0,0.21394
2025-02-12 21:30:00,92000.0,92000.0,89956.32,90354.1,0.187307
2025-02-12 21:45:00,90354.1,92000.0,90352.83,91922.85,0.196576
2025-02-12 22:00:00,91922.85,91922.85,88742.79,90628.52,0.470283
2025-02-12 22:15:00,90628.52,90628.52,87733.77,88063.62,0.524072
2025-02-12 22:30:00,88063.62,88282.02,87885.09,88213.32,0.032819
2025-02-12 22:45:00,88213.32,88282.02,88151.51,88151.51,0.009143
2025-02-12 23:00:00,88151.51,88314.06,88151.51,88222.74,0.017883
2025-02-12 23:15:00,88222.74,88457.05,88220.25,88386.63,0.0208
2025-02-12 23:30:00,88386.63,88600.04,88362.28,88542.45,0.019479
2025-02-12 23:45:00,88542.45,88600.04,88528.61,88600.04,0.010252
2025-02-13 00:00:00,88600.04,90839.07,88327.46,90839.07,0.296707
2025-02-13 00:15:00,90839.07,90839.07,90740.05,90803.91,0.030099
2025-02-13 00:30:00,90803.91,90839.07,90740.05,90755.11,0.019953
2025-02-13 00:45:00,90755.11,107603.34,87833.15,107432.87,1545.459019
2025-02-13 01:00:00,107432.87,107690.19,106732.88,107666.2,7.367034
2025-02-13 01:15:00,107666.2,107705.55,106413.04,107666.2,2.285446
2025-02-13 01:30:00,107666.2,107666.2,106898.94,107483.71,1.873898
2025-02-13 01:45:00,107483.71,107866.29,106732.88,107666.2,2.375751
2025-02-13 02:00:00,107666.2,107754.44,106732.88,107412.59,1.569026
2025-02-13 02:15:00,107412.59,107603.34,97306.76,107153.92,1617.201018
2025-02-13 02:30:00,107153.92,107235.05,87905.2,89374.02,29898.796588
2025-02-13 02:45:00,89374.02,100288.02,87905.2,96938.08,1270.767634
2025-02-13 03:00:00,96938.08,99224.19,95839.87,96799.62,29.087842
2025-02-13 03:15:00,96799.62,99526.3,95999.99,97549.01,31.131268
2025-02-13 03:30:00,97549.01,99224.19,95554.86,98099.67,30.084809
2025-02-13 03:45:00,98099.67,99877.94,95543.74,97633.01,30.109124
2025-02-13 04:00:00,97633.01,99443.48,95031.63,97511.19,31.785775
2025-02-13 04:15:00,97511.19,99966.31,95447.25,97282.77,29.905372
2025-02-13 04:30:00,97282.77,100199.64,95187.5,96233.03,31.482197
2025-02-13 04:45:00,96233.03,100666.3,95031.63,99118.29,32.458965
2025-02-13 05:00:00,99118.29,99565.92,94765.09,96933.02,33.943608
2025-02-13 05:15:00,96933.02,99224.19,94773.99,96688.2,31.602361
2025-02-13 05:30:00,96688.2,100199.64,95031.63,96884.15,30.196469
2025-02-13 05:45:00,96884.15,97968.61,94610.16,96702.4,30.273233
2025-02-13 06:00:00,96702.4,97019.06,87456.12,96581.23,37.6351
2025-02-13 06:15:00,96581.23,98158.36,94806.3,95926.02,28.966171
2025-02-13 06:30:00,95926.02,99000.0,94091.28,96530.58,32.900847
2025-02-13 06:45:00,96530.58,99224.19,94178.82,95500.0,33.419521
2025-02-13 07:00:00,95500.0,98333.0,93305.22,96252.09,32.901917
2025-02-13 07:15:00,96252.09,98566.44,94773.99,96400.0,29.598656
2025-02-13 07:30:00,96400.0,99224.19,94091.28,97018.02,31.444854
2025-02-13 07:45:00,97018.02,98566.33,95031.63,95995.36,29.959131
2025-02-13 08:00:00,95995.36,97127.91,93433.07,95299.71,34.241396
2025-02-13 08:15:00,95299.71,97493.61,93199.74,96581.22,35.213069
2025-02-13 08:30:00,96581.22,98000.0,93603.42,95000.01,33.700729
2025-02-13 08:45:00,95000.01,98000.0,93330.91,96144.42,34.528754
2025-02-13 09:00:00,96144.42,98204.89,93305.22,95999.7,33.506057
2025-02-13 09:15:00,95999.7,98500.0,93330.91,95926.02,32.614548
2025-02-13 09:30:00,95926.02,99000.0,95031.63,96371.3,30.092961
2025-02-13 09:45:00,96371.3,99000.0,94224.3,95999.7,31.280111
2025-02-13 10:00:00,95999.7,99000.0,94133.03,96371.3,60.549822
2025-02-13 10:15:00,96371.3,96851.34,87456.12,94579.14,45.48383
2025-02-13 10:30:00,94579.14,96585.78,93090.8,95594.6,39.551542
2025-02-13 10:45:00,95594.6,96585.78,93137.95,96150.57,27.872818
2025-02-13 11:00:00,96150.57,96585.78,96144.43,96585.78,0.061115
2025-02-13 11:15:00,96585.78,96585.78,96233.03,96440.25,0.090879
2025-02-13 11:30:00,96440.25,96585.78,96042.72,96362.82,0.128154
2025-02-13 11:45:00,96362.82,96585.78,96000.0,96488.61,0.205838
2025-02-13 12:00:00,96488.61,104594.96,87456.12,104455.87,82.703145
2025-02-13 12:15:00,104455.87,105479.27,104166.25,105242.33,0.17742
2025-02-13 12:30:00,105242.33,105642.23,105099.57,105637.42,0.161177
2025-02-13 12:45:00,105637.42,105637.42,104027.35,105317.33,0.067377
2025-02-13 13:00:00,105317.33,105410.71,90000.0,90000.0,360.520045
2025-02-13 13:15:00,90000.0,91859.02,90000.0,90000.0,237.878648
2025-02-13 13:30:00,90000.0,91298.92,90000.0,91091.15,0.560994
2025-02-13 13:45:00,91091.15,91339.62,91046.57,91248.8,0.013791
2025-02-13 14:00:00,91248.8,91994.82,90301.54,90423.17,0.143748
2025-02-13 14:15:00,90423.17,92875.0,90247.62,92722.46,0.193509
2025-02-13 14:30:00,92722.46,92911.43,90000.0,91979.84,1.49528
2025-02-13 14:45:00,91979.84,92213.22,90522.28,90756.22,0.463285
2025-02-13 15:00:00,90756.22,92935.35,90599.99,92650.02,0.703055
2025-02-13 15:15:00,92650.02,92935.35,92650.02,92763.58,0.064882
2025-02-13 15:30:00,92763.58,92935.35,92431.62,92697.36,0.102139
2025-02-13 15:45:00,92697.36,93611.73,91651.98,93502.61,0.43519
2025-02-13 16:00:00,93502.61,94234.68,91099.77,94234.68,0.683484
2025-02-13 16:15:00,94234.68,94940.06,92376.38,93965.02,0.389599
2025-02-13 16:30:00,93965.02,94133.06,91721.76,92583.68,0.2962
2025-02-13 16:45:00,92583.68,92733.31,92431.62,92613.46,0.035509
2025-02-13 17:00:00,92613.46,93433.07,92613.46,93284.88,0.063386
2025-02-13 17:15:00,93284.88,93666.4,93214.23,93507.48,0.062259
2025-02-13 17:30:00,93507.48,95031.63,93493.56,94895.66,0.247173
2025-02-13 17:45:00,94895.66,96371.3,94802.21,96371.3,0.267865
2025-02-13 18:00:00,96371.3,97018.44,96144.43,96949.73,0.105295
2025-02-13 18:15:00,96949.73,97019.06,96860.71,96922.51,0.071844
2025-02-13 18:30:00,96922.51,97052.1,96799.62,96925.86,0.073274
2025-02-13 18:45:00,96925.86,97097.91,96799.62,96934.45,0.028641
2025-02-13 19:00:00,96934.45,97127.91,96886.71,96952.51,0.06733
2025-02-13 19:15:00,96952.51,97127.91,96895.79,96922.4,0.068765
2025-02-13 19:30:00,96922.4,97127.91,96882.26,96944.07,0.070953
2025-02-13 19:45:00,96944.07,97127.91,96890.72,96999.55,0.029001
2025-02-13 20:00:00,96999.55,97282.77,96799.62,97176.08,0.066066
2025-02-13 20:15:00,97176.08,97856.69,97172.07,97767.03,0.072026
2025-02-13 20:30:00,97767.03,98235.28,97703.4,98117.22,0.081528
2025-02-13 20:45:00,98117.22,98333.0,97633.01,97958.74,0.045639
2025-02-13 21:00:00,97958.74,99032.99,97750.41,98904.01,0.085343
2025-02-13 21:15:00,98904.01,99224.19,98761.7,99224.19,0.06345
2025-02-13 21:30:00,99224.19,99224.19,98460.78,99017.19,0.066175
2025-02-13 21:45:00,99017.19,99224.19,98861.64,98866.24,0.015895
2025-02-13 22:00:00,98866.24,98996.82,98866.24,98957.32,0.105819
2025-02-13 22:15:00,98957.32,99224.19,98932.49,99071.49,0.15045
2025-02-13 22:30:00,99071.49,99224.19,99009.76,99109.97,0.056941
2025-02-13 22:45:00,99109.97,99224.19,98887.78,99015.62,0.01973
2025-02-13 23:00:00,99015.62,99405.0,99015.62,99353.97,0.054893
2025-02-13 23:15:00,99353.97,99565.92,99315.36,99315.36,0.053906
2025-02-13 23:30:00,99315.36,100274.25,99315.36,100162.78,0.066398
2025-02-13 23:45:00,100162.78,100369.98,99966.31,100223.11,0.017667
2025-02-14 00:00:00,100223.11,100953.81,97058.55,97214.79,0.46718
2025-02-14 00:15:00,97214.79,101320.47,96953.25,96999.78,0.924987
2025-02-14 00:30:00,96999.78,97904.78,96666.41,96697.56,0.122214
2025-02-14 00:45:00,96697.56,96874.76,96633.54,96769.11,0.019923
2025-02-14 01:00:00,96769.11,96969.92,96769.11,96796.58,0.057353
2025-02-14 01:15:00,96796.58,96922.52,96743.52,96743.52,0.0577
2025-02-14 01:30:00,96743.52,97203.78,96479.62,96479.62,0.113243
2025-02-14 01:45:00,96479.62,96734.16,96404.77,96557.92,0.325174
2025-02-14 02:00:00,96557.92,96767.75,96372.0,96700.61,1.073705
2025-02-14 02:15:00,96700.61,96823.52,96230.44,96734.94,1.113976
2025-02-14 02:30:00,96734.94,96838.96,96647.08,96713.44,0.055163
2025-02-14 02:45:00,96713.44,96868.76,96637.82,96641.54,0.020149
2025-02-14 03:00:00,96641.54,96816.24,96470.58,96529.69,0.257169
2025-02-14 03:15:00,96529.69,96823.52,96231.49,96423.18,0.333868
2025-02-14 03:30:00,96423.18,97018.44,96371.72,96846.94,1.14756
2025-02-14 03:45:00,96846.94,96976.25,96840.0,96883.83,0.105287
2025-02-14 04:00:00,96883.83,97548.5,96883.83,97080.84,0.297335
2025-02-14 04:15:00,97080.84,97302.47,96883.83,96958.89,0.204034
2025-02-14 04:30:00,96958.89,97166.35,96715.09,96982.36,0.30188
2025-02-14 04:45:00,96982.36,97012.97,96852.31,96908.44,0.023477
2025-02-14 05:00:00,96908.44,97023.78,96715.09,96812.36,0.487221
2025-02-14 05:15:00,96812.36,96955.56,96770.43,96810.71,0.053624
2025-02-14 05:30:00,96810.71,96877.86,96715.09,96741.93,0.065592
2025-02-14 05:45:00,96741.93,97076.07,96710.45,96801.22,65.431443
2025-02-14 06:00:00,96801.22,96940.51,96730.11,96846.26,0.071934
2025-02-14 06:15:00,96846.26,96964.71,96699.69,96877.29,0.055284
2025-02-14 06:30:00,96877.29,96941.41,96699.69,96829.79,0.151898
2025-02-14 06:45:00,96829.79,96941.41,96824.64,96941.41,0.006412
2025-02-14 07:00:00,96941.41,96941.41,96794.28,96917.84,0.078564
2025-02-14 07:15:00,96917.84,96941.41,96917.84,96941.41,0.096406
2025-02-14 07:30:00,96941.41,96941.41,96928.94,96941.41,0.843161
2025-02-14 07:45:00,96941.41,96941.41,96924.03,96932.68,0.006292
2025-02-14 08:00:00,96932.68,96941.41,96749.32,96816.63,0.437029
2025-02-14 08:15:00,96816.63,96941.41,95538.17,95926.02,2.465923
2025-02-14 08:30:00,95926.02,96941.41,95926.01,96622.53,0.184907
2025-02-14 08:45:00,96622.53,96941.41,95538.17,95758.97,1.015808
2025-02-14 09:00:00,95758.97,96941.41,95538.17,96013.97,1.586683
2025-02-14 09:15:00,96013.97,96941.41,91323.05,92627.7,7.866048
2025-02-14 09:30:00,92627.7,93593.87,90000.0,91721.76,5.078678
2025-02-14 09:45:00,91721.76,93176.68,91721.76,93176.68,0.311609
2025-02-14 10:00:00,93176.68,93824.74,93064.28,93824.74,0.081818
2025-02-14 10:15:00,93824.74,94615.62,93600.53,94523.2,0.081998
2025-02-14 10:30:00,94523.2,96941.41,90000.0,94834.02,21.164075
2025-02-14 10:45:00,94834.02,96549.21,94773.99,95609.6,0.137959
2025-02-14 11:00:00,95609.6,96295.49,95289.06,95290.31,0.112123
2025-02-14 11:15:00,95290.31,95300.0,94852.05,95280.0,0.196481
2025-02-14 11:30:00,95280.0,95299.0,93742.02,94577.71,0.260614
2025-02-14 11:45:00,94577.71,95299.0,94400.0,95132.8,0.247364
2025-02-14 12:00:00,95132.8,95385.82,93899.73,93899.73,0.153513
2025-02-14 12:15:00,93899.73,96941.41,93899.73,96836.15,0.980447
2025-02-14 12:30:00,96836.15,96941.41,95933.29,96693.2,0.518881
2025-02-14 12:45:00,96693.2,96941.41,96233.03,96744.92,0.083193
2025-02-14 13:00:00,96744.92,96941.41,96744.92,96827.95,0.067771
2025-02-14 13:15:00,96827.95,96941.41,96790.69,96870.25,0.052978
2025-02-14 13:30:00,96870.25,96941.41,96870.25,96941.41,0.048036
2025-02-14 13:45:00,96941.41,96941.41,96941.4,96941.4,0.007341
2025-02-14 14:00:00,96941.4,99224.19,90000.0,96554.84,103.19579
2025-02-14 14:15:00,96554.84,106480.8,92935.35,106473.38,180.816562
2025-02-14 14:30:00,106473.38,106875.0,106460.7,106499.55,0.026801
2025-02-14 14:45:00,106499.55,106966.21,106460.7,106650.51,0.325348
2025-02-14 15:00:00,106650.51,107017.94,106650.51,106853.82,0.005653
2025-02-14 15:15:00,106853.82,106853.82,106853.82,106853.82,0.0
2025-02-14 15:30:00,106853.82,107058.7,106732.88,106732.88,0.0006
2025-02-14 15:45:00,106732.88,106732.88,106732.88,106732.88,0.0
2025-02-14 16:00:00,106732.88,106732.88,106650.51,106650.51,0.08381
2025-02-14 16:15:00,106650.51,106650.51,106460.7,106460.7,0.020278
2025-02-14 16:30:00,106460.7,106460.7,106460.7,106460.7,0.0
2025-02-14 16:45:00,106460.7,107411.59,106460.7,107411.59,0.038336
2025-02-14 17:00:00,107411.59,107411.59,106460.7,107246.83,0.625298
2025-02-14 17:15:00,107246.83,107294.17,106460.7,107103.51,0.109223
2025-02-14 17:30:00,107103.51,107786.05,107103.51,107786.05,0.172896
2025-02-14 17:45:00,107786.05,108513.75,106460.7,107199.54,1.226163
2025-02-14 18:00:00,107199.54,108563.5,107199.54,108255.9,0.055037
2025-02-14 18:15:00,108255.9,108366.19,106460.7,108083.7,0.070551
2025-02-14 18:30:00,108083.7,108366.19,106460.7,106606.92,0.103722
2025-02-14 18:45:00,106606.92,108296.64,106460.7,108043.4,0.162609
2025-02-14 19:00:00,108043.4,108296.17,108001.72,108106.71,0.004845
2025-02-14 19:15:00,108106.71,108181.72,107965.62,108124.23,0.049588
2025-02-14 19:30:00,108124.23,108124.23,108124.23,108124.23,0.0
2025-02-14 19:45:00,108124.23,108124.23,107196.62,107432.87,0.026441
2025-02-14 20:00:00,107432.87,107899.53,107432.87,107899.53,0.005315
2025-02-14 20:15:00,107899.53,108020.13,107199.54,107644.21,0.017
2025-02-14 20:30:00,107644.21,107712.93,107552.03,107684.4,0.00114
2025-02-14 20:45:00,107684.4,107684.4,107684.4,107684.4,0.0
2025-02-14 21:00:00,107684.4,107684.4,106460.7,106531.14,0.346712
2025-02-14 21:15:00,106531.14,106732.0,106460.7,106662.64,0.018338
2025-02-14 21:30:00,106662.64,107036.16,106460.7,106732.88,0.132467
2025-02-14 21:45:00,106732.88,106931.19,106460.7,106694.18,0.017444
2025-02-14 22:00:00,106694.18,107202.07,106618.59,107068.21,0.010469
2025-02-14 22:15:00,107068.21,107154.8,107060.69,107115.33,0.003452
2025-02-14 22:30:00,107115.33,107115.33,107006.42,107025.1,0.002342
2025-02-14 22:45:00,107025.1,107025.1,107025.1,107025.1,0.0
2025-02-14 23:00:00,107025.1,107025.1,107025.1,107025.1,0.0
2025-02-14 23:15:00,107025.1,107025.1,106981.17,107005.03,0.005236
2025-02-14 23:30:00,107005.03,107115.33,106989.29,107015.64,0.008806
2025-02-14 23:45:00,107015.64,107115.33,107008.53,107048.06,0.006689
2025-02-15 00:00:00,107048.06,107159.3,103375.0,103375.0,58.150721
2025-02-15 00:15:00,103375.0,104484.7,102183.84,102253.68,0.198285
2025-02-15 00:30:00,102253.68,102375.0,100369.98,100839.49,0.368867
2025-02-15 00:45:00,100839.49,101123.51,100369.98,100469.08,0.01713
2025-02-15 01:00:00,100469.08,101745.98,100400.0,100573.47,0.079812
2025-02-15 01:15:00,100573.47,100573.47,99700.0,99700.0,0.085171
2025-02-15 01:30:00,99700.0,99722.68,99518.28,99518.28,0.0807
2025-02-15 01:45:00,99518.28,99673.94,99184.0,99184.0,0.179888
2025-02-15 02:00:00,99184.0,99239.3,99100.0,99100.0,0.080473
2025-02-15 02:15:00,99100.0,100397.55,99069.86,99727.96,0.059388
2025-02-15 02:30:00,99727.96,99746.71,98799.66,98872.93,0.09242
2025-02-15 02:45:00,98872.93,98890.25,95447.25,97743.97,82.516725
2025-02-15 03:00:00,97743.97,98153.2,97652.65,98003.03,0.051318
2025-02-15 03:15:00,98003.03,98158.36,97965.07,98008.41,0.049508
2025-02-15 03:30:00,98008.41,98098.47,97763.49,97827.35,0.054557
2025-02-15 03:45:00,97827.35,97981.59,97689.24,97826.26,0.008883
2025-02-15 04:00:00,97826.26,97974.48,97748.74,97891.03,0.048525
2025-02-15 04:15:00,97891.03,98014.3,97820.24,97870.55,0.050294
2025-02-15 04:30:00,97870.55,98566.33,97712.48,98006.53,0.060538
2025-02-15 04:45:00,98006.53,98156.24,97629.34,97629.34,0.035716
2025-02-15 05:00:00,97629.34,98941.16,97629.34,98434.68,0.062046
2025-02-15 05:15:00,98434.68,98449.62,98163.16,98171.19,0.050943
2025-02-15 05:30:00,98171.19,98191.27,97739.49,97807.22,0.063177
2025-02-15 05:45:00,97807.22,97937.02,97689.42,97836.23,1.032061
2025-02-15 06:00:00,97836.23,98566.33,97723.06,97886.08,0.926282
2025-02-15 06:15:00,97886.08,97966.15,97713.65,97735.16,0.05285
2025-02-15 06:30:00,97735.16,97914.04,97658.0,97698.08,0.049235
2025-02-15 06:45:00,97698.08,97819.91,97600.0,97754.0,0.013877
2025-02-15 07:00:00,97754.0,97801.2,97614.41,97662.98,0.047448
2025-02-15 07:15:00,97662.98,97820.01,97529.4,97529.4,0.054881
2025-02-15 07:30:00,97529.4,97651.27,97493.71,97498.86,0.050398
2025-02-15 07:45:00,97498.86,97740.42,97485.8,97527.53,0.012473
2025-02-15 08:00:00,97527.53,98945.63,96988.16,97097.73,0.331768
2025-02-15 08:15:00,97097.73,98016.55,97097.73,97699.93,0.111256
2025-02-15 08:30:00,97699.93,98420.61,97565.79,97717.45,0.08719
2025-02-15 08:45:00,97717.45,97827.18,97529.4,97648.37,0.017993
2025-02-15 09:00:00,97648.37,97796.29,97137.12,97604.3,0.110168
2025-02-15 09:15:00,97604.3,97882.34,97495.14,97711.1,0.049217
2025-02-15 09:30:00,97711.1,98333.0,90000.0,90466.02,7.723484
2025-02-15 09:45:00,90466.02,92661.58,90466.02,92497.88,0.168311
2025-02-15 10:00:00,92497.88,94589.87,92497.88,94315.56,0.390337
2025-02-15 10:15:00,94315.56,96375.0,94315.56,96375.0,0.505127
2025-02-15 10:30:00,96375.0,97866.34,96240.33,97410.52,1.359852
2025-02-15 10:45:00,97410.52,97881.5,96799.62,97603.03,1.015107
2025-02-15 11:00:00,97603.03,98158.36,90000.0,90797.16,154.579477
2025-02-15 11:15:00,90797.16,93400.0,90000.0,93197.24,1.360613
2025-02-15 11:30:00,93197.24,95554.86,93197.24,95487.74,0.472597
2025-02-15 11:45:00,95487.74,97493.71,95459.42,97433.97,0.516694
2025-02-15 12:00:00,97433.97,97993.82,95766.37,96799.62,0.432643
2025-02-15 12:15:00,96799.62,98158.36,96799.62,97692.2,0.140153
2025-02-15 12:30:00,97692.2,97851.7,97485.79,97750.21,0.170508
2025-02-15 12:45:00,97750.21,98105.17,97718.32,97900.37,0.309282
2025-02-15 13:00:00,97900.37,98066.89,97833.53,97965.68,0.054268
2025-02-15 13:15:00,97965.68,98099.67,97750.86,97851.68,0.051798
2025-02-15 13:30:00,97851.68,98235.28,97820.48,97869.8,0.058945
2025-02-15 13:45:00,97869.8,97923.9,97633.01,97779.82,0.046461
2025-02-15 14:00:00,97779.82,107444.44,97633.01,107432.87,69.439177
2025-02-15 14:15:00,107432.87,107530.37,97315.79,105118.01,137.37298
2025-02-15 14:30:00,105118.01,105404.11,102985.81,103094.92,0.383238
2025-02-15 14:45:00,103094.92,103232.93,101350.5,101473.22,0.195385
2025-02-15 15:00:00,101473.22,101599.62,97352.41,98084.52,1.059721
2025-02-15 15:15:00,98084.52,107411.59,90000.0,104767.57,296.705696
2025-02-15 15:30:00,104767.57,105513.03,104199.84,104199.84,33.315516
2025-02-15 15:45:00,104199.84,104753.31,104199.84,104323.12,11.486195
2025-02-15 16:00:00,104323.12,105513.03,104199.84,104334.53,5.279401
2025-02-15 16:15:00,104334.53,105513.03,104334.53,105203.01,0.123216
2025-02-15 16:30:00,105203.01,105513.03,104199.84,105129.0,1.753914
2025-02-15 16:45:00,105129.0,105332.9,104199.84,104199.84,1.144057
2025-02-15 17:00:00,104199.84,105513.03,104199.84,104579.88,3.198789
2025-02-15 17:15:00,104579.88,105513.03,104199.84,104674.94,0.171398
2025-02-15 17:30:00,104674.94,105946.08,104199.84,105946.08,0.09729
2025-02-15 17:45:00,105946.08,105946.08,104199.84,104532.34,0.085568
2025-02-15 18:00:00,104532.34,105931.14,104399.58,104847.66,0.076497
2025-02-15 18:15:00,104847.66,106204.11,104199.84,105479.27,0.087035
2025-02-15 18:30:00,105479.27,106460.37,104627.59,104866.24,0.097017
2025-02-15 18:45:00,104866.24,105116.29,104594.96,104993.13,0.01471
2025-02-15 19:00:00,104993.13,106460.37,104866.24,106194.97,0.048483
2025-02-15 19:15:00,106194.97,106331.58,104199.84,105655.63,0.489955
2025-02-15 19:30:00,105655.63,106568.21,105332.9,106423.36,0.059902
2025-02-15 19:45:00,106423.36,106639.61,106170.25,106377.77,0.010288
2025-02-15 20:00:00,106377.77,107281.58,104624.85,104624.85,0.116064
2025-02-15 20:15:00,104624.85,107311.65,104199.84,105360.37,1.493447
2025-02-15 20:30:00,105360.37,107294.17,104199.84,104428.47,0.408617
2025-02-15 20:45:00,104428.47,105099.57,104199.84,104814.09,0.013732
2025-02-15 21:00:00,104814.09,106204.11,104632.91,105769.51,0.051008
2025-02-15 21:15:00,105769.51,106460.37,104594.96,104780.51,0.081632
2025-02-15 21:30:00,104780.51,107400.0,104199.84,107400.0,0.397413
2025-02-15 21:45:00,107400.0,107400.0,104624.85,104624.85,0.092138
2025-02-15 22:00:00,104624.85,106732.88,104624.85,106632.19,0.044788
2025-02-15 22:15:00,106632.19,107400.0,106562.96,107198.95,0.045252
2025-02-15 22:30:00,107198.95,107245.22,107146.59,107208.38,0.00195
2025-02-15 22:45:00,107208.38,107300.53,107208.38,107300.53,0.0017
2025-02-15 23:00:00,107300.53,107300.53,107167.77,107167.77,0.00038
2025-02-15 23:15:00,107167.77,107352.18,107167.77,107352.18,0.00304
2025-02-15 23:30:00,107352.18,107400.0,107268.37,107313.73,0.004769
2025-02-15 23:45:00,107313.73,107329.35,107291.97,107323.16,0.00132
2025-02-16 00:00:00,107323.16,107358.42,107221.38,107310.07,0.00542
2025-02-16 00:15:00,107310.07,107444.44,107221.38,107343.23,0.013988
2025-02-16 00:30:00,107343.23,107522.78,107199.54,107221.38,0.006237
2025-02-16 00:45:00,107221.38,107401.08,107199.54,107311.35,0.00336
2025-02-16 01:00:00,107311.35,107552.47,107221.38,107324.8,0.002849
2025-02-16 01:15:00,107324.8,107337.07,107312.09,107312.09,0.00106
2025-02-16 01:30:00,107312.09,107312.09,107312.09,107312.09,0.0
2025-02-16 01:45:00,107312.09,107410.1,107306.88,107328.65,0.00474
2025-02-16 02:00:00,107328.65,107395.5,107306.37,107326.69,0.003339
2025-02-16 02:15:00,107326.69,107372.05,107313.58,107313.58,0.00118
2025-02-16 02:30:00,107313.58,107383.47,107309.15,107350.98,0.00114
2025-02-16 02:45:00,107350.98,107350.98,107315.52,107330.01,0.00074
2025-02-16 03:00:00,107330.01,107330.01,107330.01,107330.01,0.0
2025-02-16 03:15:00,107330.01,107330.01,107330.01,107330.01,0.0
2025-02-16 03:30:00,107330.01,107552.47,107221.38,107221.38,0.0008
2025-02-16 03:45:00,107221.38,107304.55,107221.38,107299.13,0.00089
2025-02-16 04:00:00,107299.13,107340.86,107299.13,107301.26,0.00161
2025-02-16 04:15:00,107301.26,107301.26,107301.26,107301.26,0.0
2025-02-16 04:30:00,107301.26,107301.26,107301.26,107301.26,0.0
2025-02-16 04:45:00,107301.26,107301.26,107199.54,107199.54,0.001
2025-02-16 05:00:00,107199.54,107210.02,106499.55,107129.48,0.023144
2025-02-16 05:15:00,107129.48,107201.34,107055.46,107055.46,0.00609
2025-02-16 05:30:00,107055.46,107294.17,107055.46,107200.5,0.006092
2025-02-16 05:45:00,107200.5,107432.87,107200.5,107376.6,0.002148
2025-02-16 06:00:00,107376.6,107376.6,103733.19,103733.19,87.851702
2025-02-16 06:15:00,103733.19,106413.04,100233.32,101916.51,3461.350914
2025-02-16 06:30:00,101916.51,104624.85,101614.87,104464.89,300.401077
2025-02-16 06:45:00,104464.89,106413.04,101614.87,104510.95,1.45887
2025-02-16 07:00:00,104510.95,104877.8,103664.37,104632.91,0.087848
2025-02-16 07:15:00,104632.91,107118.74,102201.25,104624.29,0.816577
2025-02-16 07:30:00,104624.29,105379.74,104399.58,105099.57,0.050928
2025-02-16 07:45:00,105099.57,105479.27,104753.31,105099.57,0.01662
2025-02-16 08:00:00,105099.57,105513.03,101614.87,101710.33,0.289089
2025-02-16 08:15:00,101710.33,105304.17,101710.33,105133.29,0.182516
2025-02-16 08:30:00,105133.29,105513.03,104866.24,105313.42,0.064023
2025-02-16 08:45:00,105313.42,105513.03,105222.36,105406.78,0.027376
2025-02-16 09:00:00,105406.78,105513.03,105099.57,105479.27,0.045264
2025-02-16 09:15:00,105479.27,106204.11,105223.85,105912.19,0.06095
2025-02-16 09:30:00,105912.19,106499.55,105799.56,106341.2,0.047224
2025-02-16 09:45:00,106341.2,107058.7,106284.94,106907.33,0.030248
2025-02-16 10:00:00,106907.33,107118.74,106732.88,107027.81,0.007567
2025-02-16 10:15:00,107027.81,107027.81,104471.3,104866.24,0.413794
2025-02-16 10:30:00,104866.24,107000.0,104727.94,107000.0,0.079261
2025-02-16 10:45:00,107000.0,107017.94,106815.45,106845.73,0.007643
2025-02-16 11:00:00,106845.73,106946.64,106844.4,106946.64,0.037642
2025-02-16 11:15:00,106946.64,107009.44,101625.0,101625.0,1.032717
2025-02-16 11:30:00,101625.0,103851.39,101614.87,102425.52,0.87151
2025-02-16 11:45:00,102425.52,102535.21,102125.0,102125.0,0.021445
2025-02-16 12:00:00,102125.0,104624.85,101614.87,101614.87,0.458188
2025-02-16 12:15:00,101614.87,105342.76,101614.87,105270.05,0.175507
2025-02-16 12:30:00,105270.05,106875.0,87456.12,105479.27,7906.487204
2025-02-16 12:45:00,105479.27,105479.27,87456.12,89756.18,66619.104792
2025-02-16 13:00:00,89756.18,95058.82,89592.42,95058.82,0.904286
2025-02-16 13:15:00,95058.82,97127.91,94944.13,97127.91,0.361045
2025-02-16 13:30:00,97127.91,97127.91,96886.41,96929.8,0.053412
2025-02-16 13:45:00,96929.8,97070.22,96581.22,96696.42,1.025563
2025-02-16 14:00:00,96696.42,97529.4,94833.05,96699.69,2045.854614
2025-02-16 14:15:00,96699.69,98364.64,87456.12,96887.18,391.979425
2025-02-16 14:30:00,96887.18,96999.97,96820.52,96966.07,0.306054
2025-02-16 14:45:00,96966.07,96966.07,96581.22,96814.6,0.255892
2025-02-16 15:00:00,96814.6,97119.82,96510.73,96979.88,0.571164
2025-02-16 15:15:00,96979.88,97242.05,96799.62,97177.98,10.653928
2025-02-16 15:30:00,97177.98,97241.27,92411.99,93266.64,1.905518
2025-02-16 15:45:00,93266.64,96851.34,93083.73,96718.0,1.703724
2025-02-16 16:00:00,96718.0,97127.91,96699.69,96863.95,2.496065
2025-02-16 16:15:00,96863.95,97390.71,96863.95,97072.53,0.186259
2025-02-16 16:30:00,97072.53,99459.13,97067.36,99459.13,451.81398
2025-02-16 16:45:00,99459.13,103696.69,98000.0,102375.0,33767.401578
2025-02-16 17:00:00,102375.0,104624.85,100678.64,102250.0,267.806037
2025-02-16 17:15:00,102250.0,106800.0,100970.82,105099.57,4951.55025
2025-02-16 17:30:00,105099.57,106719.81,87456.12,94615.62,38.465941
2025-02-16 17:45:00,94615.62,95052.42,88457.05,88457.05,87.661651
2025-02-16 18:00:00,88457.05,89284.84,87456.12,88500.42,6.44826
2025-02-16 18:15:00,88500.42,94800.0,87147.47,90399.78,18216.46409
2025-02-16 18:30:00,90399.78,95338.04,87170.14,87456.12,8.23239
2025-02-16 18:45:00,87456.12,93090.8,87170.14,91323.05,5.618042
2025-02-16 19:00:00,91323.05,92431.62,90839.07,91339.62,4.57616
2025-02-16 19:15:00,91339.62,93433.07,88742.79,92139.84,5.526312
2025-02-16 19:30:00,92139.84,92966.41,90839.07,91500.0,4.449863
2025-02-16 19:45:00,91500.0,91600.0,88499.7,88718.82,4.446588
2025-02-16 20:00:00,88718.82,90247.62,87408.42,88171.07,5.395242
2025-02-16 20:15:00,88171.07,89700.54,87845.22,88766.47,4.93264
2025-02-16 20:30:00,88766.47,89700.54,88171.07,88886.02,4.706595
2025-02-16 20:45:00,88886.02,89466.46,88314.06,88886.02,4.610527
2025-02-16 21:00:00,88886.02,89699.79,88419.21,88999.8,4.637836
2025-02-16 21:15:00,88999.8,89466.46,88400.0,88999.8,4.641255
2025-02-16 21:30:00,88999.8,97031.25,88236.96,97022.17,6.162353
2025-02-16 21:45:00,97022.17,97052.1,94940.06,95432.05,3.047796
2025-02-16 22:00:00,95432.05,96362.82,95432.05,95995.55,2.650144
2025-02-16 22:15:00,95995.55,97127.91,94773.99,95314.49,3.277314
2025-02-16 22:30:00,95314.49,95700.34,94510.04,95299.71,3.244644
2025-02-16 22:45:00,95299.71,96799.62,94226.89,96698.08,3.780384
2025-02-16 23:00:00,96698.08,96699.69,94014.62,94634.11,4.098343
2025-02-16 23:15:00,94634.11,95142.84,93700.0,94489.31,3.555136
2025-02-16 23:30:00,94489.31,94952.85,92935.35,93937.83,3.858361
2025-02-16 23:45:00,93937.83,94091.28,92323.33,92662.23,3.381063
2025-02-17 00:00:00,92662.23,95447.25,91935.03,93666.4,4.981199
2025-02-17 00:15:00,93666.4,95666.34,92500.0,93086.82,4.670857
2025-02-17 00:30:00,93086.82,93199.74,90839.07,92033.09,4.860274
2025-02-17 00:45:00,92033.09,92640.7,88742.79,88886.02,4.157611
2025-02-17 01:00:00,88886.02,90684.42,88457.05,88886.02,40778.321816
2025-02-17 01:15:00,88886.02,96747.34,86568.37,86638.72,80778.238649
2025-02-17 01:30:00,86638.72,95438.15,86598.18,95066.38,104579.153062
2025-02-17 01:45:00,95066.38,103800.78,93899.73,103466.26,131412.261717
2025-02-17 02:00:00,103466.26,105513.03,102375.0,105099.57,58246.256625
2025-02-17 02:15:00,105099.57,106078.78,104877.8,105472.14,0.655416
2025-02-17 02:30:00,105472.14,106000.0,105116.29,105566.23,0.053841
2025-02-17 02:45:00,105566.23,105817.89,104747.46,105467.35,0.033775
2025-02-17 03:00:00,105467.35,105817.89,102747.61,102747.61,1.673932
2025-02-17 03:15:00,102747.61,104417.84,102747.61,103506.76,0.070885
2025-02-17 03:30:00,103506.76,105751.32,102760.54,104280.33,0.35655
2025-02-17 03:45:00,104280.33,105829.69,103562.86,103932.92,0.081026
2025-02-17 04:00:00,103932.92,105557.22,102532.94,102532.94,0.498063
2025-02-17 04:15:00,102532.94,105513.03,102532.94,104399.58,0.210163
2025-02-17 04:30:00,104399.58,105877.14,104344.89,105566.23,1.834309
2025-02-17 04:45:00,105566.23,105642.23,102789.33,105513.03,2.497212
2025-02-17 05:00:00,105513.03,105751.32,101320.47,101625.0,2252.249529
2025-02-17 05:15:00,101625.0,105293.09,99224.19,101750.0,38353.336745
2025-02-17 05:30:00,101750.0,105763.81,96000.0,96221.21,15090.276664
2025-02-17 05:45:00,96221.21,101132.96,95447.25,95857.21,169.51464
2025-02-17 06:00:00,95857.21,106047.9,88384.75,96484.81,1937.393942
2025-02-17 06:15:00,96484.81,96799.62,95648.66,95764.7,3.458345
2025-02-17 06:30:00,95764.7,97282.77,95299.71,96233.03,9.268841
2025-02-17 06:45:00,96233.03,102999.6,93914.89,93914.89,443.196112
2025-02-17 07:00:00,93914.89,99118.29,88742.79,93305.22,6.691326
2025-02-17 07:15:00,93305.22,93500.93,89694.13,89818.99,1.924691
2025-02-17 07:30:00,89818.99,95031.63,89374.02,92369.98,2.456892
2025-02-17 07:45:00,92369.98,98993.3,88500.42,95926.02,96.465306
2025-02-17 08:00:00,95926.02,96222.92,91721.76,91721.76,95.049576
2025-02-17 08:15:00,91721.76,93744.02,91651.98,92369.76,30.530823
2025-02-17 08:30:00,92369.76,93744.02,91422.92,91867.59,3.924941
2025-02-17 08:45:00,91867.59,95227.68,88742.79,92935.35,441.131024
2025-02-17 09:00:00,92935.35,94219.6,86646.51,86646.51,4.122846
2025-02-17 09:15:00,86646.51,94219.6,86598.18,88171.07,12.965744
2025-02-17 09:30:00,88171.07,88226.66,86646.51,86805.26,0.371871
2025-02-17 09:45:00,86805.26,86884.16,86556.52,86570.09,0.315022
2025-02-17 10:00:00,86570.09,87170.14,86563.56,86741.17,0.10264
2025-02-17 10:15:00,86741.17,87192.8,86724.57,86724.57,1.180467
2025-02-17 10:30:00,86724.57,87742.1,86724.57,87192.8,0.860448
2025-02-17 10:45:00,87192.8,95052.42,86500.0,87627.6,3838.362874
2025-02-17 11:00:00,87627.6,89982.06,87170.14,87170.14,0.845226
2025-02-17 11:15:00,87170.14,88028.08,86646.51,87599.1,0.656282
2025-02-17 11:30:00,87599.1,90839.07,86971.62,89145.17,1.087557
2025-02-17 11:45:00,89145.17,91651.98,87359.08,90234.11,0.904179
2025-02-17 12:00:00,90234.11,92376.38,88891.95,90847.28,1.286163
2025-02-17 12:15:00,90847.28,96969.69,90029.22,91339.62,1009.102124
2025-02-17 12:30:00,91339.62,92935.35,91121.22,91994.82,0.521469
2025-02-17 12:45:00,91994.82,91994.82,89742.01,89742.01,0.249507
2025-02-17 13:00:00,89742.01,90466.02,88742.79,88742.79,0.283728
2025-02-17 13:15:00,88742.79,95420.79,88705.8,95052.42,1.691591
2025-02-17 13:30:00,95052.42,105955.16,91935.03,92431.62,925.355107
2025-02-17 13:45:00,92431.62,97019.06,90247.62,91776.42,67.681624
2025-02-17 14:00:00,91776.42,94901.15,91566.43,94901.15,547.912833
2025-02-17 14:15:00,94901.15,106719.81,94615.62,97282.77,1686.69501
2025-02-17 14:30:00,97282.77,106460.37,97282.77,106307.27,2.243898
2025-02-17 14:45:00,106307.27,106460.7,103002.58,104399.58,0.989208
2025-02-17 15:00:00,104399.58,105513.03,99565.92,102766.27,1.712596
2025-02-17 15:15:00,102766.27,104399.58,102250.0,103699.59,1.044876
2025-02-17 15:30:00,103699.59,104925.52,102904.54,103232.93,1.052604
2025-02-17 15:45:00,103232.93,105116.29,102904.54,103699.59,1.060169
2025-02-17 16:00:00,103699.59,105342.76,95447.25,95766.36,2.759142
2025-02-17 16:15:00,95766.36,98941.16,95594.59,97666.02,1.090617
2025-02-17 16:30:00,97666.02,99224.19,97399.68,98588.22,1.209782
2025-02-17 16:45:00,98588.22,99000.0,97000.0,97166.35,0.88409
2025-02-17 17:00:00,97166.35,97399.68,96470.58,96470.58,0.811446
2025-02-17 17:15:00,96470.58,96823.52,96371.3,96371.3,0.639314
2025-02-17 17:30:00,96371.3,96800.0,96233.03,96233.03,0.670247
2025-02-17 17:45:00,96233.03,96581.22,96042.72,96057.09,0.590979
2025-02-17 18:00:00,96057.09,96466.36,95790.29,95841.12,0.702402
2025-02-17 18:15:00,95841.12,96470.58,95841.12,96093.83,0.672075
2025-02-17 18:30:00,96093.83,96530.58,95600.0,96000.84,0.774695
2025-02-17 18:45:00,96000.84,96362.82,95680.75,95728.42,0.615935
2025-02-17 19:00:00,95728.42,96581.22,95536.73,96085.55,0.679864
2025-02-17 19:15:00,96085.55,97018.02,96021.47,96210.33,0.78818
2025-02-17 19:30:00,96210.33,96404.77,96024.78,96031.05,0.605294
2025-02-17 19:45:00,96031.05,96352.32,96027.04,96053.98,0.551614
2025-02-17 20:00:00,96053.98,96459.26,95185.97,95678.81,1.423233
2025-02-17 20:15:00,95678.81,95999.7,95315.83,95807.94,0.857962
2025-02-17 20:30:00,95807.94,96068.87,95119.36,96068.87,0.763163
2025-02-17 20:45:00,96068.87,96396.08,95954.14,95998.02,0.600924
2025-02-17 21:00:00,95998.02,96466.36,95962.47,96176.54,0.705956
2025-02-17 21:15:00,96176.54,96176.54,95867.09,96176.54,0.608404
2025-02-17 21:30:00,96176.54,96176.54,96156.15,96176.54,0.594476
2025-02-17 21:45:00,96176.54,96176.54,96137.9,96176.54,0.552535
2025-02-17 22:00:00,96176.54,96176.54,96176.54,96176.54,0.589803
2025-02-17 22:15:00,96176.54,96176.54,96155.55,96176.54,0.597791
2025-02-17 22:30:00,96176.54,96176.54,96077.53,96127.3,0.594784
2025-02-17 22:45:00,96127.3,96176.54,96074.6,96176.54,0.191751
2025-02-17 23:00:00,96176.54,96176.54,95196.02,96176.54,0.370863
2025-02-17 23:15:00,96176.54,104624.85,96083.18,104624.85,83.2129
2025-02-17 23:30:00,104624.85,105428.99,101320.47,105223.41,0.806285
2025-02-17 23:45:00,105223.41,105373.49,99526.3,100281.87,0.726362
2025-02-18 00:00:00,100281.87,102532.94,96799.62,98582.65,1.225592
2025-02-18 00:15:00,98582.65,99224.19,95999.7,96466.36,1.240467
2025-02-18 00:30:00,96466.36,103416.75,93853.88,98436.44,572.430984
2025-02-18 00:45:00,98436.44,100081.61,93278.68,95648.66,3744.779135
2025-02-18 01:00:00,95648.66,96366.34,95615.57,96362.82,500.444464
2025-02-18 01:15:00,96362.82,104624.85,93666.4,93800.0,24021.416769
2025-02-18 01:30:00,93800.0,105642.23,89656.25,94333.3,4129.910335
2025-02-18 01:45:00,94333.3,96233.03,86568.37,86899.83,2634.887845
2025-02-18 02:00:00,86899.83,89810.82,86666.5,88743.03,3.891299
2025-02-18 02:15:00,88743.03,90466.02,86594.09,87838.78,4.060131
2025-02-18 02:30:00,87838.78,89900.0,87599.11,88743.03,3.964874
2025-02-18 02:45:00,88743.03,91110.15,86482.77,88743.03,4.789497
2025-02-18 03:00:00,88743.03,96056.44,88660.17,95836.19,4.083178
2025-02-18 03:15:00,95836.19,96466.36,90676.26,90676.26,57.286793
2025-02-18 03:30:00,90676.26,98080.94,87838.78,88742.79,6.587214
2025-02-18 03:45:00,88742.79,103301.39,88503.46,101350.5,17541.325239
2025-02-18 04:00:00,101350.5,105513.03,88357.59,90700.0,27662.450933
2025-02-18 04:15:00,90700.0,93305.22,88742.79,90247.62,817.425487
2025-02-18 04:30:00,90247.62,99048.65,86583.72,86884.16,1037.576753
2025-02-18 04:45:00,86884.16,105817.89,86598.18,88500.42,1334.223123
2025-02-18 05:00:00,88500.42,92431.62,86365.29,86365.29,54.34984
2025-02-18 05:15:00,86365.29,90541.09,86285.52,86371.85,1.768791
2025-02-18 05:30:00,86371.85,88503.46,86169.21,87170.14,1.324613
2025-02-18 05:45:00,87170.14,88500.42,86009.62,86071.54,1.221948
2025-02-18 06:00:00,86071.54,88742.79,85873.27,86080.05,2.649332
2025-02-18 06:15:00,86080.05,95058.82,85926.94,87898.07,15.166715
2025-02-18 06:30:00,87898.07,100081.61,85926.94,98588.22,369.137152
2025-02-18 06:45:00,98588.22,105000.0,96144.42,98482.88,1039.766221
2025-02-18 07:00:00,98482.88,101320.47,85850.0,91900.0,1897.0143
2025-02-18 07:15:00,91900.0,105126.4,91900.0,104368.42,724.744601
2025-02-18 07:30:00,104368.42,105513.03,104105.26,104105.26,57.279888
2025-02-18 07:45:00,104105.26,104925.52,104105.26,104105.26,1.241991
2025-02-18 08:00:00,104105.26,104925.52,104105.26,104753.31,1.665321
2025-02-18 08:15:00,104753.31,104925.52,104105.26,104105.26,1.243306
2025-02-18 08:30:00,104105.26,105126.4,104105.26,104105.26,1.420558
2025-02-18 08:45:00,104105.26,104925.52,104105.26,104105.26,1.230741
2025-02-18 09:00:00,104105.26,104925.52,104052.63,104052.63,2.007384
2025-02-18 09:15:00,104052.63,105287.95,104052.63,104930.0,1.267279
2025-02-18 09:30:00,104930.0,105300.0,104930.0,104930.0,1.174115
2025-02-18 09:45:00,104930.0,105339.78,104930.0,104930.0,1.187858
2025-02-18 10:00:00,104930.0,105513.03,104930.0,104930.0,8.724176
2025-02-18 10:15:00,104930.0,105228.28,104930.0,105081.86,0.487617
2025-02-18 10:30:00,105081.86,105289.13,99999.52,100007.78,3358.865473
2025-02-18 10:45:00,100007.78,101465.15,100007.78,100059.04,5395.659489
2025-02-18 11:00:00,100059.04,101568.52,100059.04,101132.96,839.965869
2025-02-18 11:15:00,101132.96,101620.21,100034.57,101620.21,379.06035
2025-02-18 11:30:00,101620.21,101809.03,100034.57,101809.03,377.573797
2025-02-18 11:45:00,101809.03,102120.19,100006.77,102120.19,375.65385
2025-02-18 12:00:00,102120.19,102214.87,100001.0,101500.0,380.486193
2025-02-18 12:15:00,101500.0,102344.61,100000.89,102066.28,382.149114
2025-02-18 12:30:00,102066.28,102487.38,100000.78,102487.38,380.272613
2025-02-18 12:45:00,102487.38,102673.3,100000.78,100397.55,377.22346
2025-02-18 13:00:00,100397.55,103105.26,100000.68,101680.34,382.09939
2025-02-18 13:15:00,101680.34,103421.05,100000.68,101849.47,381.090976
2025-02-18 13:30:00,101849.47,104000.0,100000.47,102246.99,580.899741
2025-02-18 13:45:00,102246.99,104089.89,100000.0,101123.51,1788.087605
2025-02-18 14:00:00,101123.51,104138.84,100000.0,102266.32,385.990369
2025-02-18 14:15:00,102266.32,104187.78,100000.0,101952.02,381.113535
2025-02-18 14:30:00,101952.02,105439.99,92296.0,93960.21,1133.350307
2025-02-18 14:45:00,93960.21,95386.9,89940.69,89940.69,70.096863
2025-02-18 15:00:00,89940.69,91288.94,85835.5,90902.82,2.894101
2025-02-18 15:15:00,90902.82,95031.63,89832.2,89832.2,2.024308
2025-02-18 15:30:00,89832.2,92935.35,85968.75,86048.94,3.707727
2025-02-18 15:45:00,86048.94,95822.18,85883.23,87627.6,8.315096
2025-02-18 16:00:00,87627.6,93742.02,87627.6,90847.28,2.038793
2025-02-18 16:15:00,90847.28,93611.73,90839.07,91721.76,0.502542
2025-02-18 16:30:00,91721.76,95000.0,89940.69,90166.45,1.590442
2025-02-18 16:45:00,90166.45,99224.19,85190.13,94531.54,1156.722382
2025-02-18 17:00:00,94531.54,95052.42,85233.15,89466.46,216.365357
2025-02-18 17:15:00,89466.46,93666.4,86646.51,93305.22,2.843199
2025-02-18 17:30:00,93305.22,94000.0,93115.8,93137.95,0.770687
2025-02-18 17:45:00,93137.95,103456.27,91771.02,91771.02,8154.751839
2025-02-18 18:00:00,91771.02,93305.22,86500.0,86500.0,4503.792645
2025-02-18 18:15:00,86500.0,88718.82,86500.0,86971.62,0.580696
2025-02-18 18:30:00,86971.62,89135.67,86741.17,88718.82,0.652356
2025-02-18 18:45:00,88718.82,100245.18,88600.04,99374.4,3898.822164
2025-02-18 19:00:00,99374.4,101307.64,86468.42,93486.43,1167.871093
2025-02-18 19:15:00,93486.43,94091.28,92431.62,93654.96,0.682943
2025-02-18 19:30:00,93654.96,94600.0,93539.64,93953.01,0.63254
2025-02-18 19:45:00,93953.01,94834.02,93831.51,93899.73,0.495178
2025-02-18 20:00:00,93899.73,94806.3,91500.0,92400.0,1.170377
2025-02-18 20:15:00,92400.0,95031.63,92213.22,94228.04,0.585183
2025-02-18 20:30:00,94228.04,94366.39,93629.31,93840.7,0.306951
2025-02-18 20:45:00,93840.7,94283.76,93603.42,93960.42,0.275226
2025-02-18 21:00:00,93960.42,95135.99,93960.42,95022.61,0.521082
2025-02-18 21:15:00,95022.61,97587.48,94834.02,95127.26,1.325602
2025-02-18 21:30:00,95127.26,96371.3,94500.0,95766.37,0.91101
2025-02-18 21:45:00,95766.37,95766.37,93709.84,94834.02,1.43607
2025-02-18 22:00:00,94834.02,95568.95,92935.35,93523.62,1.242825
2025-02-18 22:15:00,93523.62,96549.21,93433.07,95481.53,0.657917
2025-02-18 22:30:00,95481.53,96042.72,95085.02,95390.09,0.315639
2025-02-18 22:45:00,95390.09,95474.74,95052.42,95309.44,0.285885
2025-02-18 23:00:00,95309.44,95999.7,93892.68,95522.78,0.543839
2025-02-18 23:15:00,95522.78,96046.96,95260.05,95627.2,0.284456
2025-02-18 23:30:00,95627.2,95775.95,95270.82,95489.23,0.30301
2025-02-18 23:45:00,95489.23,95766.37,95110.84,95716.97,0.28472
2025-02-19 00:00:00,95716.97,96530.58,93305.22,94091.28,1.141458
2025-02-19 00:15:00,94091.28,97127.91,94091.28,95807.49,0.474509
2025-02-19 00:30:00,95807.49,95996.22,95707.62,95785.14,0.054702
2025-02-19 00:45:00,95785.14,95910.37,95554.86,95554.86,0.015338
2025-02-19 01:00:00,95554.86,96042.72,95533.04,95636.41,0.102389
2025-02-19 01:15:00,95636.41,95730.96,94940.06,95157.68,1587.361763
2025-02-19 01:30:00,95157.68,95174.74,91994.82,94197.22,593.445551
2025-02-19 01:45:00,94197.22,99118.29,89538.39,95527.69,25426.160775
2025-02-19 02:00:00,95527.69,97282.77,94940.06,95489.22,2285.043462
2025-02-19 02:15:00,95489.22,98219.67,95385.82,95779.76,1.054756
2025-02-19 02:30:00,95779.76,97019.12,95600.0,96233.03,39.273897
2025-02-19 02:45:00,96233.03,98364.64,89538.39,95983.43,24767.130585
2025-02-19 03:00:00,95983.43,98099.67,95700.34,95860.66,1.186824
2025-02-19 03:15:00,95860.66,101307.64,95600.0,97200.0,155.083215
2025-02-19 03:30:00,97200.0,97882.25,95678.81,97882.25,173.010425
2025-02-19 03:45:00,97882.25,101471.1,89538.39,89933.66,3597.372942
2025-02-19 04:00:00,89933.66,105171.13,89538.39,92979.06,308.597254
2025-02-19 04:15:00,92979.06,98200.0,92323.33,98200.0,460.460884
2025-02-19 04:30:00,98200.0,98999.93,95031.63,98999.93,398.715478
2025-02-19 04:45:00,98999.93,99474.88,95447.25,97866.34,452.232792
2025-02-19 05:00:00,97866.34,98566.33,92000.0,95600.0,353.877097
2025-02-19 05:15:00,95600.0,99224.19,95503.92,98930.0,0.591349
2025-02-19 05:30:00,98930.0,100005.26,95432.35,98158.36,233.184404
2025-02-19 05:45:00,98158.36,103416.75,95730.85,100332.49,2742.77238
2025-02-19 06:00:00,100332.49,105513.03,99224.19,105513.03,11488.791684
2025-02-19 06:15:00,105513.03,105513.03,105513.03,105513.03,0.0
2025-02-19 06:30:00,105513.03,105513.03,102904.54,103100.36,0.146759
2025-02-19 06:45:00,103100.36,105217.75,102299.61,105165.61,0.697054
2025-02-19 07:00:00,105165.61,105379.74,99224.19,101750.0,0.898909
2025-02-19 07:15:00,101750.0,105245.32,101721.66,104866.24,0.461413
2025-02-19 07:30:00,104866.24,105300.0,104866.24,105219.39,0.049585
2025-02-19 07:45:00,105219.39,106204.11,99877.94,101875.0,0.936716
2025-02-19 08:00:00,101875.0,105379.74,101875.0,105253.58,0.68672
2025-02-19 08:15:00,105253.58,105428.99,105178.11,105428.99,0.006472
2025-02-19 08:30:00,105428.99,105467.6,102904.54,105260.28,0.223367
2025-02-19 08:45:00,105260.28,105339.78,105099.57,105099.57,0.00599
2025-02-19 09:00:00,105099.57,105379.74,102461.72,105261.66,0.620213
2025-02-19 09:15:00,105261.66,105379.74,104610.57,105224.16,0.024728
2025-02-19 09:30:00,105224.16,105467.6,104399.58,105467.6,0.072415
2025-02-19 09:45:00,105467.6,105607.82,104866.24,105502.12,0.178761
2025-02-19 10:00:00,105502.12,106109.22,104632.91,105939.55,0.267048
2025-02-19 10:15:00,105939.55,106033.66,105222.74,105882.71,0.032564
2025-02-19 10:30:00,105882.71,105931.26,105877.86,105877.86,0.504808
2025-02-19 10:45:00,105877.86,105976.55,96295.34,105753.34,157.234615
2025-02-19 11:00:00,105753.34,106016.28,105678.92,105707.26,0.009921
2025-02-19 11:15:00,105707.26,105912.91,105687.0,105744.96,0.00425
2025-02-19 11:30:00,105744.96,107522.78,105683.35,105898.56,0.116185
2025-02-19 11:45:00,105898.56,105898.56,105898.56,105898.56,0.0
2025-02-19 12:00:00,105898.56,106040.31,105898.56,106040.31,0.001
2025-02-19 12:15:00,106040.31,106109.22,106040.31,106040.31,0.00748
2025-02-19 12:30:00,106040.31,106300.0,106032.89,106032.89,0.0008
2025-02-19 12:45:00,106032.89,106032.89,106032.89,106032.89,0.0
2025-02-19 13:00:00,106032.89,106032.89,106032.89,106032.89,0.0
2025-02-19 13:15:00,106032.89,106032.89,106032.89,106032.89,0.0
2025-02-19 13:30:00,106032.89,106057.28,106032.89,106057.28,0.01025
2025-02-19 13:45:00,106057.28,106057.28,86666.5,105566.23,7956.701326
2025-02-19 14:00:00,105566.23,105943.62,105479.27,105812.09,0.076967
2025-02-19 14:15:00,105812.09,106016.28,105300.0,105768.85,0.042651
2025-02-19 14:30:00,105768.85,106344.39,98183.3,105332.9,3.373581
2025-02-19 14:45:00,105332.9,105833.96,100000.0,105099.57,132.775454
2025-02-19 15:00:00,105099.57,105379.74,100000.0,102375.0,11814.149936
2025-02-19 15:15:00,102375.0,105293.09,102200.2,104627.59,1.122564
2025-02-19 15:30:00,104627.59,105955.16,104027.35,105799.56,0.87243
2025-02-19 15:45:00,105799.56,105842.25,104866.24,105332.9,0.68856
2025-02-19 16:00:00,105332.9,105842.25,100999.0,105566.23,2.090073
2025-02-19 16:15:00,105566.23,105976.55,103416.75,104399.58,0.980636
2025-02-19 16:30:00,104399.58,105931.14,100999.0,102143.0,2.242013
2025-02-19 16:45:00,102143.0,103416.75,89706.63,89706.63,49405.881926
2025-02-19 17:00:00,89706.63,90466.02,86666.5,88500.42,62542.574214
2025-02-19 17:15:00,88500.42,91776.42,88500.42,91339.62,1.190722
2025-02-19 17:30:00,91339.62,105977.91,88888.0,91339.62,16.788452
2025-02-19 17:45:00,91339.62,93960.42,91121.22,93899.73,1.093873
2025-02-19 18:00:00,93899.73,97019.06,93603.42,95270.78,1.39314
2025-02-19 18:15:00,95270.78,97019.06,95066.38,97018.02,1.178751
2025-02-19 18:30:00,97018.02,97127.91,96251.82,96699.69,1.091903
2025-02-19 18:45:00,96699.69,97127.91,96042.72,96699.69,1.007739
2025-02-19 19:00:00,96699.69,98364.64,96581.22,97866.34,0.936819
2025-02-19 19:15:00,97866.34,99443.48,97851.7,98945.63,0.92611
2025-02-19 19:30:00,98945.63,101320.47,98676.09,101320.47,1.001735
2025-02-19 19:45:00,101320.47,103416.75,100461.54,103416.75,1.1309
2025-02-19 20:00:00,103416.75,103416.75,98027.0,98285.7,1.861985
2025-02-19 20:15:00,98285.7,102228.68,98285.7,102000.0,1.091739
2025-02-19 20:30:00,102000.0,104594.96,101750.0,104594.96,1.015365
2025-02-19 20:45:00,104594.96,105513.03,103664.37,105099.57,0.976408
2025-02-19 21:00:00,105099.57,105877.14,104610.57,105842.25,0.841594
2025-02-19 21:15:00,105842.25,106078.78,105118.01,106032.89,0.716206
2025-02-19 21:30:00,106032.89,106109.22,105200.0,105799.56,0.700032
2025-02-19 21:45:00,105799.56,106032.89,105142.82,105842.25,0.675483
2025-02-19 22:00:00,105842.25,106109.22,103416.75,105566.23,0.867451
2025-02-19 22:15:00,105566.23,106266.22,104925.52,105842.25,0.744696
2025-02-19 22:30:00,105842.25,106109.22,105142.82,105842.25,0.681216
2025-02-19 22:45:00,105842.25,106205.23,105300.0,105799.56,0.681686
2025-02-19 23:00:00,105799.56,106480.8,105479.27,106266.22,0.710499
2025-02-19 23:15:00,106266.22,106499.55,101320.47,102125.0,1.161212
2025-02-19 23:30:00,102125.0,106250.0,101875.0,105799.56,1.170058
2025-02-19 23:45:00,105799.56,106326.92,105479.27,106205.23,0.687459
2025-02-20 00:00:00,106205.23,106344.39,105479.27,105566.23,0.657984
2025-02-20 00:15:00,105566.23,106205.23,105142.82,105842.25,0.688975
2025-02-20 00:30:00,105842.25,106205.23,105245.32,105566.23,0.683387
2025-02-20 00:45:00,105566.23,106499.55,105379.74,106266.22,0.704185
2025-02-20 01:00:00,106266.22,106673.89,105642.23,106032.89,0.682541
2025-02-20 01:15:00,106032.89,106499.55,105566.23,106205.23,0.687039
2025-02-20 01:30:00,106205.23,106413.04,105566.23,106205.23,0.675112
2025-02-20 01:45:00,106205.23,106452.49,104594.96,106266.22,1.150996
2025-02-20 02:00:00,106266.22,106639.61,105566.23,106568.21,0.701588
2025-02-20 02:15:00,106568.21,106570.45,105799.56,106266.22,0.664832
2025-02-20 02:30:00,106266.22,106955.35,101320.47,105099.57,1.613851
2025-02-20 02:45:00,105099.57,107000.0,104610.57,106732.88,0.921014
2025-02-20 03:00:00,106732.88,107000.0,104406.25,106568.21,1.241412
2025-02-20 03:15:00,106568.21,106742.4,105842.25,106673.89,0.671656
2025-02-20 03:30:00,106673.89,106800.0,106000.0,106742.4,0.680315
2025-02-20 03:45:00,106742.4,106761.25,106032.89,106499.55,0.667942
2025-02-20 04:00:00,106499.55,106825.13,106032.89,106732.88,0.662672
2025-02-20 04:15:00,106732.88,107000.0,105833.96,106931.19,0.72427
2025-02-20 04:30:00,106931.19,107000.0,106032.89,106696.56,0.830873
2025-02-20 04:45:00,106696.56,106973.12,104510.95,106205.23,0.791631
2025-02-20 05:00:00,106205.23,106875.0,105566.23,106732.88,0.6913
2025-02-20 05:15:00,106732.88,106938.44,105332.9,105410.71,0.66569
2025-02-20 05:30:00,105410.71,106822.32,105142.82,106732.88,0.70052
2025-02-20 05:45:00,106732.88,106762.65,105842.25,106266.22,0.65733
2025-02-20 06:00:00,106266.22,106568.21,105799.56,106032.89,0.66461
2025-02-20 06:15:00,106032.89,106571.33,105817.89,106499.55,0.664407
2025-02-20 06:30:00,106499.55,106673.89,105842.25,106266.22,0.660401
2025-02-20 06:45:00,106266.22,106568.21,91674.09,95031.63,3.184376
2025-02-20 07:00:00,95031.63,102571.4,88499.7,98676.41,6.830004
2025-02-20 07:15:00,98676.41,106639.61,93330.91,94178.82,455.41326
2025-02-20 07:30:00,94178.82,102789.33,92935.35,99271.24,4804.830577
2025-02-20 07:45:00,99271.24,101320.47,98765.32,101320.47,1.14724
2025-02-20 08:00:00,101320.47,104417.84,100461.54,101477.01,1.442625
2025-02-20 08:15:00,101477.01,104624.85,96144.42,98955.61,2.270998
2025-02-20 08:30:00,98955.61,101320.47,98460.78,100760.53,1.16542
2025-02-20 08:45:00,100760.53,103416.75,100461.54,102999.6,1.208428
2025-02-20 09:00:00,102999.6,105467.6,101832.95,104632.91,1.23272
2025-02-20 09:15:00,104632.91,104753.31,91994.82,94940.06,9697.193482
2025-02-20 09:30:00,94940.06,97031.25,91996.0,92979.06,2007.695602
2025-02-20 09:45:00,92979.06,93454.0,91996.0,93454.0,12.315842
2025-02-20 10:00:00,93454.0,93454.0,91996.0,92431.62,1.853643
2025-02-20 10:15:00,92431.62,93454.0,92000.0,92661.14,1.228939
2025-02-20 10:30:00,92661.14,93454.0,92213.22,93268.9,1.932215
2025-02-20 10:45:00,93268.9,93454.0,92733.08,93077.18,1.036076
2025-02-20 11:00:00,93077.18,94857.14,89940.69,92935.35,1305.268909
2025-02-20 11:15:00,92935.35,92935.35,87561.24,87845.22,2.229555
2025-02-20 11:30:00,87845.22,90839.07,87599.82,90684.42,1.109782
2025-02-20 11:45:00,90684.42,95648.66,88000.0,95270.82,13.336566
2025-02-20 12:00:00,95270.82,97127.91,94197.22,94940.06,1.735549
2025-02-20 12:15:00,94940.06,97548.74,89871.13,89871.13,2.706933
2025-02-20 12:30:00,89871.13,95031.63,89832.2,91566.43,52.00575
2025-02-20 12:45:00,91566.43,97968.61,91339.62,97488.84,1.852845
2025-02-20 13:00:00,97488.84,99224.19,92323.33,94397.22,2.232506
2025-02-20 13:15:00,94397.22,96933.02,92499.75,93086.82,1.626371
2025-02-20 13:30:00,93086.82,95187.5,91579.37,95052.42,1.683805
2025-02-20 13:45:00,95052.42,96549.21,91776.42,94092.86,1.781232
2025-02-20 14:00:00,94092.86,96295.34,93800.0,94397.22,1.462905
2025-02-20 14:15:00,94397.22,97282.77,93960.42,95707.62,1.692734
2025-02-20 14:30:00,95707.62,97127.91,94397.22,96841.67,1.336583
2025-02-20 14:45:00,96841.67,97804.8,93611.73,96799.62,52.035602
2025-02-20 15:00:00,96799.62,100500.0,96633.54,100237.47,1.565652
2025-02-20 15:15:00,100237.47,100715.41,93319.74,96799.62,189.142781
2025-02-20 15:30:00,96799.62,99118.29,91799.76,95270.82,2.662335
2025-02-20 15:45:00,95270.82,100194.62,93000.0,95315.83,15.032989
2025-02-20 16:00:00,95315.83,107432.87,94589.87,107245.36,18731.272429
2025-02-20 16:15:00,107245.36,107444.44,107245.36,107245.36,0.342356
2025-02-20 16:30:00,107245.36,107750.0,107245.36,107666.2,0.655325
2025-02-20 16:45:00,107666.2,107666.2,107245.36,107245.36,0.382083
2025-02-20 17:00:00,107245.36,107507.62,107245.36,107245.36,0.331274
2025-02-20 17:15:00,107245.36,107666.2,107245.36,107469.23,1.038146
2025-02-20 17:30:00,107469.23,107775.91,107245.36,107544.91,1.342323
2025-02-20 17:45:00,107544.91,107804.78,107544.91,107748.0,55.006682
2025-02-20 18:00:00,107748.0,108132.86,97282.77,107907.94,1458.19827
2025-02-20 18:15:00,107907.94,108221.38,107802.91,108011.72,0.015733
2025-02-20 18:30:00,108011.72,108284.56,107000.55,108100.0,2.045901
2025-02-20 18:45:00,108100.0,108132.86,107897.5,108010.75,0.015774
2025-02-20 19:00:00,108010.75,108221.38,108007.56,108007.56,0.004783
2025-02-20 19:15:00,108007.56,108366.19,107199.54,108169.96,0.072173
2025-02-20 19:30:00,108169.96,108227.05,107982.8,108054.39,0.00471
2025-02-20 19:45:00,108054.39,108188.77,107899.53,108069.45,0.005523
2025-02-20 20:00:00,108069.45,108242.01,108018.86,108242.01,0.00495
2025-02-20 20:15:00,108242.01,108563.5,107666.2,108366.19,0.068276
2025-02-20 20:30:00,108366.19,108405.6,108250.41,108273.84,0.00419
2025-02-20 20:45:00,108273.84,108412.06,108132.86,108276.3,0.015078
2025-02-20 21:00:00,108276.3,108276.3,108276.3,108276.3,0.0
2025-02-20 21:15:00,108276.3,108276.3,107294.17,107899.53,0.033887
2025-02-20 21:30:00,107899.53,108100.0,107189.72,107816.41,0.054832
2025-02-20 21:45:00,107816.41,107913.56,107781.67,107785.97,0.00304
2025-02-20 22:00:00,107785.97,108132.86,107666.2,107970.13,0.015136
2025-02-20 22:15:00,107970.13,107974.71,107868.63,107928.12,0.00322
2025-02-20 22:30:00,107928.12,108198.49,107657.15,108132.86,0.023509
2025-02-20 22:45:00,108132.86,108132.86,108000.28,108000.28,0.001299
2025-02-20 23:00:00,108000.28,108221.38,107899.53,108132.86,0.022659
2025-02-20 23:15:00,108132.86,108221.38,107666.2,108049.73,0.024575
2025-02-20 23:30:00,108049.73,108304.7,107899.53,108290.89,248.817522
2025-02-20 23:45:00,108290.89,108290.89,108168.74,108206.14,33.74497
2025-02-21 00:00:00,108206.14,108301.29,108116.1,108165.99,152.2061
2025-02-21 00:15:00,108165.99,108255.44,108098.55,108098.55,0.001553
2025-02-21 00:30:00,108098.55,108366.19,108098.55,108098.55,0.00176
2025-02-21 00:45:00,108098.55,108098.55,108098.55,108098.55,0.0
2025-02-21 01:00:00,108098.55,108366.19,108098.55,108098.55,0.001922
2025-02-21 01:15:00,108098.55,108098.55,108098.55,108098.55,0.0
2025-02-21 01:30:00,108098.55,108098.55,108098.55,108098.55,0.0
2025-02-21 01:45:00,108098.55,108098.55,108098.55,108098.55,5e-05
2025-02-21 02:00:00,108098.55,108178.32,108098.55,108098.55,0.165582
2025-02-21 02:15:00,108098.55,108177.88,108098.55,108098.55,0.002474
2025-02-21 02:30:00,108098.55,108098.55,108098.55,108098.55,5e-05
2025-02-21 02:45:00,108098.55,108098.55,108098.55,108098.55,0.0
2025-02-21 03:00:00,108098.55,108098.55,108098.55,108098.55,0.0
2025-02-21 03:15:00,108098.55,108098.55,108098.55,108098.55,0.010092
2025-02-21 03:30:00,108098.55,108366.19,108098.55,108098.55,0.002048
2025-02-21 03:45:00,108098.55,108098.55,108098.55,108098.55,0.0
2025-02-21 04:00:00,108098.55,108098.55,108098.55,108098.55,0.0
2025-02-21 04:15:00,108098.55,108098.55,108098.55,108098.55,0.0
2025-02-21 04:30:00,108098.55,108098.55,108098.55,108098.55,0.0
2025-02-21 04:45:00,108098.55,108098.55,108098.55,108098.55,5e-05
2025-02-21 05:00:00,108098.55,108098.55,108098.55,108098.55,0.0
2025-02-21 05:15:00,108098.55,108098.55,108098.55,108098.55,0.0
2025-02-21 05:30:00,108098.55,108174.5,108098.55,108098.55,45.254339
2025-02-21 05:45:00,108098.55,108170.97,108098.55,108155.21,0.00279
2025-02-21 06:00:00,108155.21,108212.05,108098.55,108127.84,0.10182
2025-02-21 06:15:00,108127.84,108220.46,108098.55,108190.04,0.10318
2025-02-21 06:30:00,108190.04,108366.19,108098.55,108212.63,0.145659
2025-02-21 06:45:00,108212.63,108223.25,108169.26,108208.79,0.00203
2025-02-21 07:00:00,108208.79,108260.74,108098.55,108238.85,0.022624
2025-02-21 07:15:00,108238.85,108405.51,108098.55,108247.88,0.007729
2025-02-21 07:30:00,108247.88,108247.88,108132.86,108132.86,5e-05
2025-02-21 07:45:00,108132.86,108132.86,108132.86,108132.86,0.001
2025-02-21 08:00:00,108132.86,108132.86,108132.86,108132.86,0.00121
2025-02-21 08:15:00,108132.86,108132.86,108098.55,108132.86,0.001931
2025-02-21 08:30:00,108132.86,108132.86,108098.55,108098.55,0.00016
2025-02-21 08:45:00,108098.55,108098.55,108098.55,108098.55,0.5
2025-02-21 09:00:00,108098.55,108152.6,108098.55,108098.55,0.005139
2025-02-21 09:15:00,108098.55,108767.0,108098.55,108526.59,0.035523
2025-02-21 09:30:00,108526.59,108746.09,108266.19,108266.19,0.000609
2025-02-21 09:45:00,108266.19,108266.19,108098.55,108098.55,0.011
2025-02-21 10:00:00,108098.55,108277.2,108098.55,108248.1,0.020979
2025-02-21 10:15:00,108248.1,108559.28,108132.86,108132.86,0.004524
2025-02-21 10:30:00,108132.86,108328.75,108132.86,108132.86,0.00255
2025-02-21 10:45:00,108132.86,109149.78,108132.86,109149.78,4.46231
2025-02-21 11:00:00,109149.78,109149.78,108373.35,108373.35,2.004923
2025-02-21 11:15:00,108373.35,108649.07,108373.35,108599.52,0.00146
2025-02-21 11:30:00,108599.52,108687.04,108559.28,108610.95,0.00271
2025-02-21 11:45:00,108610.95,108610.95,108373.35,108479.15,0.00236
2025-02-21 12:00:00,108479.15,108746.09,108373.35,108373.35,0.001
2025-02-21 12:15:00,108373.35,108746.09,108373.35,108638.41,0.006692
2025-02-21 12:30:00,108638.41,108772.54,108383.11,108578.42,0.00462
2025-02-21 12:45:00,108578.42,108832.85,108383.11,108832.85,0.005278
2025-02-21 13:00:00,108832.85,109318.55,108599.52,109216.46,0.035281
2025-02-21 13:15:00,109216.46,109216.46,109149.22,109201.9,0.00051
2025-02-21 13:30:00,109201.9,109318.55,95626.73,109244.83,2360.47321
2025-02-21 13:45:00,109244.83,109426.67,109244.83,109244.83,0.042199
2025-02-21 14:00:00,109244.83,109244.83,109244.83,109244.83,0.0
2025-02-21 14:15:00,109244.83,109244.83,109244.83,109244.83,0.0
2025-02-21 14:30:00,109244.83,109244.83,102571.4,108316.49,1.843928
2025-02-21 14:45:00,108316.49,108893.99,108259.42,108716.76,0.019887
2025-02-21 15:00:00,108716.76,109208.04,108716.76,108967.39,0.054043
2025-02-21 15:15:00,108967.39,109230.71,108960.12,109145.9,0.013328
2025-02-21 15:30:00,109145.9,109145.9,108599.52,108599.52,0.0026
2025-02-21 15:45:00,108599.52,108599.52,108559.28,108559.28,0.002
2025-02-21 16:00:00,108559.28,108559.28,108559.28,108559.28,0.000457
2025-02-21 16:15:00,108559.28,108559.28,108559.28,108559.28,0.0
2025-02-21 16:30:00,108559.28,108559.28,108559.28,108559.28,0.0
2025-02-21 16:45:00,108559.28,108559.28,108559.28,108559.28,0.0
2025-02-21 17:00:00,108559.28,108559.28,108559.28,108559.28,0.0
2025-02-21 17:15:00,108559.28,108559.28,108383.11,108383.11,0.001203
2025-02-21 17:30:00,108383.11,108383.11,108383.11,108383.11,0.0
2025-02-21 17:45:00,108383.11,108383.11,108383.11,108383.11,0.0
2025-02-21 18:00:00,108383.11,108383.11,108383.11,108383.11,0.0
2025-02-21 18:15:00,108383.11,108383.11,108383.11,108383.11,0.0
2025-02-21 18:30:00,108383.11,108832.85,108383.11,108383.11,0.0006
2025-02-21 18:45:00,108383.11,108383.11,108383.11,108383.11,0.0
2025-02-21 19:00:00,108383.11,108383.11,108383.11,108383.11,0.0
2025-02-21 19:15:00,108383.11,108383.11,108383.11,108383.11,0.0
2025-02-21 19:30:00,108383.11,108383.11,108383.11,108383.11,0.0
