timestamp,open,high,low,close,volume
2024-10-01 00:00:00,61904.66,62045.8,61701.52,62045.8,0.059027
2024-10-01 00:15:00,62045.8,62045.8,61903.96,62045.8,0.302472
2024-10-01 00:30:00,62045.8,62045.8,61909.12,62045.8,0.30256
2024-10-01 00:45:00,62045.8,62045.8,61911.32,62045.8,0.30554
2024-10-01 01:00:00,62045.8,62045.8,61818.04,61910.67,0.286369
2024-10-01 01:15:00,61910.67,62045.8,61900.7,61900.7,0.008681
2024-10-01 01:30:00,61900.7,62045.8,61892.54,62002.34,0.089318
2024-10-01 01:45:00,62002.34,62045.8,61890.94,61921.73,0.021459
2024-10-01 02:00:00,61921.73,61921.73,61701.52,61829.89,0.03485
2024-10-01 02:15:00,61829.89,61914.28,61744.62,61855.24,0.008558
2024-10-01 02:30:00,61855.24,61914.28,61734.15,61914.28,0.010044
2024-10-01 02:45:00,61914.28,61914.28,61701.52,61725.04,0.010627
2024-10-01 03:00:00,61725.04,62045.8,61723.84,61894.75,0.06964
2024-10-01 03:15:00,61894.75,62045.8,61830.35,61863.97,0.012236
2024-10-01 03:30:00,61863.97,62045.8,61863.97,61904.85,0.045391
2024-10-01 03:45:00,61904.85,62045.8,61701.52,61874.91,0.070562
2024-10-01 04:00:00,61874.91,62045.8,61701.52,61838.21,0.074031
2024-10-01 04:15:00,61838.21,62000.0,61829.34,61917.58,0.026682
2024-10-01 04:30:00,61917.58,62067.16,61886.62,62025.98,47.127265
2024-10-01 04:45:00,62025.98,62136.6,61672.2,62047.92,2.034957
2024-10-01 05:00:00,62047.92,62100.0,62034.74,62036.61,0.100058
2024-10-01 05:15:00,62036.61,62100.0,61672.2,61916.7,1.028706
2024-10-01 05:30:00,61916.7,62052.42,61881.51,62001.53,0.031305
2024-10-01 05:45:00,62001.53,62136.6,61750.0,62090.78,0.166283
2024-10-01 06:00:00,62090.78,62136.6,62007.04,62108.71,0.022722
2024-10-01 06:15:00,62108.71,62302.64,62096.03,62302.64,42.90124
2024-10-01 06:30:00,62302.64,62302.64,62294.7,62294.7,0.039396
2024-10-01 06:45:00,62294.7,62368.8,62294.67,62348.47,0.171479
2024-10-01 07:00:00,62348.47,62368.8,62338.22,62366.55,0.067892
2024-10-01 07:15:00,62366.55,62368.8,62362.09,62365.51,0.022945
2024-10-01 07:30:00,62365.51,62366.75,62362.09,62365.47,0.14173
2024-10-01 07:45:00,62365.47,62366.75,62364.9,62365.21,0.062255
2024-10-01 08:00:00,62365.21,62365.4,61014.5,62212.98,1000.287122
2024-10-01 08:15:00,62212.98,62298.86,62210.22,62271.67,0.020061
2024-10-01 08:30:00,62271.67,62300.0,62229.01,62290.05,0.054982
2024-10-01 08:45:00,62290.05,62561.45,62264.24,62502.16,54.412528
2024-10-01 09:00:00,62502.16,62561.45,62339.8,62441.12,0.087734
2024-10-01 09:15:00,62441.12,62561.45,62441.12,62481.19,0.334551
2024-10-01 09:30:00,62481.19,62561.45,62473.74,62483.66,0.075132
2024-10-01 09:45:00,62483.66,62561.45,62302.64,62372.08,0.113903
2024-10-01 10:00:00,62372.08,62438.59,62366.45,62393.1,0.076216
2024-10-01 10:15:00,62393.1,62435.59,62385.5,62393.25,0.049798
2024-10-01 10:30:00,62393.25,62561.45,62387.76,62561.45,0.214943
2024-10-01 10:45:00,62561.45,62561.45,61207.8,61904.4,329.416385
2024-10-01 11:00:00,61904.4,62127.04,58951.9,62063.52,3421.3418
2024-10-01 11:15:00,62063.52,62127.04,61896.7,62051.58,0.137291
2024-10-01 11:30:00,62051.58,62127.04,61942.92,61999.05,0.046703
2024-10-01 11:45:00,61999.05,62127.04,61817.8,61925.48,0.346123
2024-10-01 12:00:00,61925.48,62136.6,61014.5,61868.15,432.128795
2024-10-01 12:15:00,61868.15,62003.34,61848.11,61938.92,0.799316
2024-10-01 12:30:00,61938.92,62021.68,61908.99,61909.93,0.028169
2024-10-01 12:45:00,61909.93,62021.68,61701.52,61861.46,0.055381
2024-10-01 13:00:00,61861.46,62368.8,61672.2,61904.4,133.036518
2024-10-01 13:15:00,61904.4,62828.34,54938.4,56331.6,8473.304284
2024-10-01 13:30:00,56331.6,62000.0,23017.63,61128.55,54727.701429
2024-10-01 13:45:00,61128.55,61207.8,60743.4,61117.1,1.22139
2024-10-01 14:00:00,61117.1,61332.96,61063.24,61175.31,43.334062
2024-10-01 14:15:00,61175.31,61440.0,60743.4,61032.76,45.882261
2024-10-01 14:30:00,61032.76,61188.31,60600.0,61099.36,282.053517
2024-10-01 14:45:00,61099.36,61207.8,60743.4,60895.06,25.849419
2024-10-01 15:00:00,60895.06,61207.8,60743.4,60999.82,4.023538
2024-10-01 15:15:00,60999.82,61207.8,60743.4,60904.82,19.39982
2024-10-01 15:30:00,60904.82,61207.8,60743.4,60743.4,15.953683
2024-10-01 15:45:00,60743.4,61207.8,60743.4,61122.9,1.293965
2024-10-01 16:00:00,61122.9,61207.8,61114.41,61130.17,0.040686
2024-10-01 16:15:00,61130.17,61207.8,61115.74,61120.81,0.020073
2024-10-01 16:30:00,61120.81,61207.8,60743.4,61130.58,5.158503
2024-10-01 16:45:00,61130.58,61207.8,61118.78,61137.98,0.0539
2024-10-01 17:00:00,61137.98,61530.15,58844.62,60000.0,2577.447575
2024-10-01 17:15:00,60000.0,60498.85,58653.6,59862.71,2992.105049
2024-10-01 17:30:00,59862.71,60171.21,59744.05,59988.0,95.345896
2024-10-01 17:45:00,59988.0,60485.52,59988.0,60341.63,69.538432
2024-10-01 18:00:00,60341.63,60647.08,60212.2,60511.88,158.939942
2024-10-01 18:15:00,60511.88,60637.72,60493.84,60510.43,0.044333
2024-10-01 18:30:00,60510.43,60716.51,60363.28,60538.83,0.175263
2024-10-01 18:45:00,60538.83,60716.51,60046.8,60370.42,51.971906
2024-10-01 19:00:00,60370.42,60380.59,59983.2,60128.38,87.035439
2024-10-01 19:15:00,60128.38,60498.85,59983.2,60498.85,55.325714
2024-10-01 19:30:00,60498.85,61530.15,59983.2,59983.2,831.331829
2024-10-01 19:45:00,59983.2,60498.85,57957.0,60165.48,3086.509214
2024-10-01 20:00:00,60165.48,60511.2,60046.8,60355.23,133.218171
2024-10-01 20:15:00,60355.23,61056.92,60355.23,60874.56,149.099772
2024-10-01 20:30:00,60874.56,61056.92,60862.92,60882.79,0.012532
2024-10-01 20:45:00,60882.79,61056.92,60855.98,60860.48,0.034393
2024-10-01 21:00:00,60860.48,61056.92,60855.98,60884.78,0.058742
2024-10-01 21:15:00,60884.78,61056.92,60805.74,60920.03,0.02101
2024-10-01 21:30:00,60920.03,61056.92,60903.74,60945.84,0.016048
2024-10-01 21:45:00,60945.84,61056.92,60928.0,60940.76,0.038182
2024-10-01 22:00:00,60940.76,60999.44,60743.4,60895.62,0.049026
2024-10-01 22:15:00,60895.62,60999.44,60743.4,60863.39,0.014608
2024-10-01 22:30:00,60863.39,61027.05,60849.43,60894.92,0.018891
2024-10-01 22:45:00,60894.92,61056.92,60881.36,60927.93,0.018969
2024-10-01 23:00:00,60927.93,61056.92,60913.93,60917.1,0.020515
2024-10-01 23:15:00,60917.1,61056.92,60914.92,60940.91,0.021552
2024-10-01 23:30:00,60940.91,61056.92,60920.66,60923.92,0.017991
2024-10-01 23:45:00,60923.92,61056.92,60916.09,60916.09,0.023087
2024-10-02 00:00:00,60916.09,61056.92,60906.82,60906.82,0.022228
2024-10-02 00:15:00,60906.82,61056.92,60903.45,60905.24,0.031574
2024-10-02 00:30:00,60905.24,60999.44,60743.4,60854.71,0.041899
2024-10-02 00:45:00,60854.71,60999.44,60821.95,60835.74,0.021425
2024-10-02 01:00:00,60835.74,61056.92,60743.4,60811.58,0.075035
2024-10-02 01:15:00,60811.58,61000.0,60811.58,60865.51,0.024228
2024-10-02 01:30:00,60865.51,61000.0,60851.42,60857.05,0.019588
2024-10-02 01:45:00,60857.05,61000.0,60854.61,60862.71,0.019664
2024-10-02 02:00:00,60862.71,61056.92,60862.71,60893.27,0.074194
2024-10-02 02:15:00,60893.27,61056.92,60875.28,60882.59,0.0131
2024-10-02 02:30:00,60882.59,61056.92,60743.4,60833.06,0.053318
2024-10-02 02:45:00,60833.06,60999.44,60810.38,60819.92,0.015385
2024-10-02 03:00:00,60819.92,60999.44,60811.17,60828.37,0.012702
2024-10-02 03:15:00,60828.37,60999.44,60743.4,60813.16,0.017309
2024-10-02 03:30:00,60813.16,60999.44,60805.0,60809.3,0.013854
2024-10-02 03:45:00,60809.3,61000.0,60803.87,60855.79,0.012112
2024-10-02 04:00:00,60855.79,61000.0,60785.16,60837.51,0.014426
2024-10-02 04:15:00,60837.51,61027.05,60833.68,60882.12,0.010506
2024-10-02 04:30:00,60882.12,61056.92,60855.98,60855.98,0.016233
2024-10-02 04:45:00,60855.98,61056.92,60855.98,60861.39,0.015418
2024-10-02 05:00:00,60861.39,61056.92,60856.46,60902.84,0.021077
2024-10-02 05:15:00,60902.84,61056.92,60888.6,60951.96,0.016297
2024-10-02 05:30:00,60951.96,61056.92,60936.18,61003.82,0.01774
2024-10-02 05:45:00,61003.82,61868.77,60511.2,61823.47,730.695014
2024-10-02 06:00:00,61823.47,63592.75,59794.77,60438.59,2933.872104
2024-10-02 06:15:00,60438.59,61672.2,60046.8,60349.43,1924.911128
2024-10-02 06:30:00,60349.43,60424.96,60253.35,60367.06,0.044815
2024-10-02 06:45:00,60367.06,60424.96,60327.93,60340.73,0.039901
2024-10-02 07:00:00,60340.73,60424.96,60302.11,60307.79,0.067174
2024-10-02 07:15:00,60307.79,60424.96,60271.47,60294.47,0.086014
2024-10-02 07:30:00,60294.47,60424.96,59118.0,59361.16,1027.283785
2024-10-02 07:45:00,59361.16,61164.39,57404.95,59814.6,7743.232568
2024-10-02 08:00:00,59814.6,60041.58,59636.02,59888.21,73.465349
2024-10-02 08:15:00,59888.21,60046.8,59794.77,60046.8,44.113537
2024-10-02 08:30:00,60046.8,61672.2,59604.74,60897.36,2960.68933
2024-10-02 08:45:00,60897.36,61014.5,60878.41,60891.04,0.021076
2024-10-02 09:00:00,60891.04,61014.5,60785.16,60909.21,0.043155
2024-10-02 09:15:00,60909.21,61014.5,60909.04,60915.82,0.092136
2024-10-02 09:30:00,60915.82,61014.5,60907.5,60915.81,0.019214
2024-10-02 09:45:00,60915.81,61014.5,60900.39,60910.1,0.013424
2024-10-02 10:00:00,60910.1,61014.5,60785.16,60894.74,0.008685
2024-10-02 10:15:00,60894.74,61014.5,55655.48,56373.65,5348.990816
2024-10-02 10:30:00,56373.65,59779.21,56260.08,59668.86,1848.865941
2024-10-02 10:45:00,59668.86,59699.19,59666.2,59668.62,0.011216
2024-10-02 11:00:00,59668.62,59741.58,59639.23,59689.21,0.0204
2024-10-02 11:15:00,59689.21,59794.77,59414.71,59591.04,1.358947
2024-10-02 11:30:00,59591.04,59699.19,58436.25,58654.59,935.658695
2024-10-02 11:45:00,58654.59,58951.9,53903.84,58436.25,6412.292929
2024-10-02 12:00:00,58436.25,59467.47,58325.98,59349.64,472.216827
2024-10-02 12:15:00,59349.64,59467.55,59224.68,59346.34,0.132653
2024-10-02 12:30:00,59346.34,59490.28,59224.68,59371.07,73.543144
2024-10-02 12:45:00,59371.07,59491.79,59363.41,59486.02,0.028378
2024-10-02 13:00:00,59486.02,59500.0,59484.93,59486.59,0.031396
2024-10-02 13:15:00,59486.59,59490.44,59485.46,59486.83,0.017103
2024-10-02 13:30:00,59486.83,59582.4,59401.53,59544.51,0.427037
2024-10-02 13:45:00,59544.51,59742.74,59504.58,59685.63,101.239804
2024-10-02 14:00:00,59685.63,59872.18,59685.63,59778.38,244.930911
2024-10-02 14:15:00,59778.38,59940.56,59747.27,59831.79,25.139074
2024-10-02 14:30:00,59831.79,60046.8,56184.2,59933.32,8751.649291
2024-10-02 14:45:00,59933.32,60279.0,58092.61,58421.4,5067.223836
2024-10-02 15:00:00,58421.4,59728.92,54473.93,59715.67,6410.435391
2024-10-02 15:15:00,59715.67,60008.68,59715.67,60008.68,343.470615
2024-10-02 15:30:00,60008.68,60171.21,59814.6,60008.77,62.333395
2024-10-02 15:45:00,60008.77,60200.0,59878.44,60044.64,25.024563
2024-10-02 16:00:00,60044.64,60613.62,59878.44,60501.59,223.817481
2024-10-02 16:15:00,60501.59,60616.0,60501.59,60515.13,0.022892
2024-10-02 16:30:00,60515.13,60619.28,60363.28,60527.3,0.021547
2024-10-02 16:45:00,60527.3,60619.28,60487.01,60487.01,0.016238
2024-10-02 17:00:00,60487.01,60619.28,60459.83,60467.87,0.024735
2024-10-02 17:15:00,60467.87,60619.28,60452.28,60619.28,0.02981
2024-10-02 17:30:00,60619.28,60619.28,60450.42,60472.61,0.023532
2024-10-02 17:45:00,60472.61,60619.28,60439.91,60444.27,0.052395
2024-10-02 18:00:00,60444.27,60619.28,60444.27,60619.04,0.054381
2024-10-02 18:15:00,60619.04,60619.28,60617.76,60618.4,0.099263
2024-10-02 18:30:00,60618.4,60619.28,60617.76,60618.5,0.082619
2024-10-02 18:45:00,60618.5,60619.28,58885.8,59248.9,804.102265
2024-10-02 19:00:00,59248.9,62192.2,59240.82,62082.51,1430.19993
2024-10-02 19:15:00,62082.51,62127.04,62067.95,62068.37,0.082193
2024-10-02 19:30:00,62068.37,62127.04,61799.26,61946.75,42.85188
2024-10-02 19:45:00,61946.75,62000.0,61700.31,61862.67,0.114986
2024-10-02 20:00:00,61862.67,61862.67,61530.15,61710.52,60.031482
2024-10-02 20:15:00,61710.52,61800.0,61530.15,61694.2,1.06477
2024-10-02 20:30:00,61694.2,61800.0,61647.66,61652.1,0.062403
2024-10-02 20:45:00,61652.1,66171.0,61530.15,64624.05,2404.795473
2024-10-02 21:00:00,64624.05,188854.78,56689.34,57134.35,26879.803047
2024-10-02 21:15:00,57134.35,59159.26,57134.35,59159.26,802.378552
2024-10-02 21:30:00,59159.26,59233.14,59033.25,59129.41,33.260523
2024-10-02 21:45:00,59129.41,59250.0,59117.46,59132.3,0.038786
2024-10-02 22:00:00,59132.3,59250.0,59034.65,59140.51,0.035619
2024-10-02 22:15:00,59140.51,59250.0,59127.89,59135.66,0.01328
2024-10-02 22:30:00,59135.66,59250.0,59134.48,59156.23,0.015102
2024-10-02 22:45:00,59156.23,59250.0,59147.33,59158.55,0.008182
2024-10-02 23:00:00,59158.55,59285.5,59034.65,59165.66,0.264186
2024-10-02 23:15:00,59165.66,59256.57,59159.14,59169.89,0.009676
2024-10-02 23:30:00,59169.89,59256.57,59141.73,59141.73,0.01447
2024-10-02 23:45:00,59141.73,59285.5,59121.54,59152.49,1.010285
2024-10-03 00:00:00,59152.49,59285.5,59119.68,59141.5,0.023305
2024-10-03 00:15:00,59141.5,59285.5,59113.84,59131.01,0.018288
2024-10-03 00:30:00,59131.01,59414.71,59113.84,59195.0,94.914834
2024-10-03 00:45:00,59195.0,59414.71,59163.55,59246.89,0.041811
2024-10-03 01:00:00,59246.89,59432.01,59151.18,59307.34,33.199081
2024-10-03 01:15:00,59307.34,59438.79,59287.56,59297.2,0.048304
2024-10-03 01:30:00,59297.2,59473.79,59297.2,59329.49,73.474941
2024-10-03 01:45:00,59329.49,59473.79,59309.29,59322.98,0.022198
2024-10-03 02:00:00,59322.98,59473.79,59322.98,59363.98,0.008603
2024-10-03 02:15:00,59363.98,59490.28,59342.39,59374.94,0.012387
2024-10-03 02:30:00,59374.94,59491.79,59374.94,59447.17,0.00653
2024-10-03 02:45:00,59447.17,59546.76,59447.09,59494.9,0.16869
2024-10-03 03:00:00,59494.9,59558.88,59477.18,59492.76,0.01102
2024-10-03 03:15:00,59492.76,59649.98,59482.04,59555.14,53.092702
2024-10-03 03:30:00,59555.14,59673.95,59535.74,59557.19,0.023303
2024-10-03 03:45:00,59557.19,59732.04,59542.28,59629.59,0.064401
2024-10-03 04:00:00,59629.59,59794.77,59510.07,59697.15,22.877695
2024-10-03 04:15:00,59697.15,59794.77,59691.14,59719.42,0.007762
2024-10-03 04:30:00,59719.42,59794.77,59702.33,59718.57,0.009841
2024-10-03 04:45:00,59718.57,59794.77,59713.26,59731.13,0.007844
2024-10-03 05:00:00,59731.13,59794.77,59715.8,59727.63,0.012559
2024-10-03 05:15:00,59727.63,59794.77,59707.1,59711.81,0.010326
2024-10-03 05:30:00,59711.81,59794.77,59573.92,59794.77,0.013089
2024-10-03 05:45:00,59794.77,59794.77,59693.17,59693.17,0.011115
2024-10-03 06:00:00,59693.17,59699.19,59414.71,59564.14,0.060966
2024-10-03 06:15:00,59564.14,59699.19,59564.14,59699.19,0.014381
2024-10-03 06:30:00,59699.19,59699.19,59566.3,59578.65,0.011416
2024-10-03 06:45:00,59578.65,59699.19,59578.65,59622.82,0.02658
2024-10-03 07:00:00,59622.82,59713.76,59577.13,59577.13,0.025058
2024-10-03 07:15:00,59577.13,59713.76,59577.13,59653.11,0.043508
2024-10-03 07:30:00,59653.11,59713.76,59619.15,59625.15,0.051241
2024-10-03 07:45:00,59625.15,59627.65,59624.4,59625.8,0.055273
2024-10-03 08:00:00,59625.8,59811.45,59414.71,59484.41,71.016326
2024-10-03 08:15:00,59484.41,59713.76,59414.71,59539.49,0.028463
2024-10-03 08:30:00,59539.49,59741.58,59477.88,59499.48,0.018174
2024-10-03 08:45:00,59499.48,59713.76,59414.71,59612.09,0.013024
2024-10-03 09:00:00,59612.09,59786.68,59499.48,59656.42,0.023374
2024-10-03 09:15:00,59656.42,59771.67,59653.9,59700.14,0.009706
2024-10-03 09:30:00,59700.14,59771.67,59668.89,59693.18,0.010377
2024-10-03 09:45:00,59693.18,59772.1,59664.62,59737.0,0.010215
2024-10-03 10:00:00,59737.0,59772.1,59717.36,59724.06,0.010709
2024-10-03 10:15:00,59724.06,59772.1,59706.75,59707.42,0.020578
2024-10-03 10:30:00,59707.42,59786.68,59705.24,59712.09,0.017316
2024-10-03 10:45:00,59712.09,59786.68,59707.63,59718.78,0.011947
2024-10-03 11:00:00,59718.78,60046.8,59604.74,59906.29,224.838612
2024-10-03 11:15:00,59906.29,60046.8,59901.99,59954.74,0.015038
2024-10-03 11:30:00,59954.74,60046.8,59949.52,59982.89,0.00988
2024-10-03 11:45:00,59982.89,60046.8,59970.08,59987.9,0.01368
2024-10-03 12:00:00,59987.9,60046.8,59881.27,59954.48,0.014105
2024-10-03 12:15:00,59954.48,60046.8,59824.98,60018.65,0.028323
2024-10-03 12:30:00,60018.65,60046.8,59801.83,59931.66,0.00956
2024-10-03 12:45:00,59931.66,60046.8,59860.21,59863.3,0.00729
2024-10-03 13:00:00,59863.3,60046.8,59860.02,59885.84,0.013089
2024-10-03 13:15:00,59885.84,60046.8,59804.52,59967.55,0.00847
2024-10-03 13:30:00,59967.55,60019.98,59858.96,59967.69,0.012817
2024-10-03 13:45:00,59967.69,60046.8,59915.16,59935.72,0.011055
2024-10-03 14:00:00,59935.72,60046.8,54241.8,59019.45,7258.685659
2024-10-03 14:15:00,59019.45,59129.48,58936.62,59024.76,57.422513
2024-10-03 14:30:00,59024.76,59140.74,58885.8,59027.65,0.041783
2024-10-03 14:45:00,59027.65,59148.4,58885.8,59058.56,0.085948
2024-10-03 15:00:00,59058.56,59148.4,58885.8,59028.73,0.080523
2024-10-03 15:15:00,59028.73,59148.4,59025.46,59025.46,0.085052
2024-10-03 15:30:00,59025.46,59148.4,59013.97,59013.97,0.056445
2024-10-03 15:45:00,59013.97,59350.2,58935.64,59169.39,87.985571
2024-10-03 16:00:00,59169.39,59350.2,59169.39,59212.11,0.099209
2024-10-03 16:15:00,59212.11,59350.2,59189.83,59203.25,0.021942
2024-10-03 16:30:00,59203.25,59350.2,59070.92,59179.59,0.01981
2024-10-03 16:45:00,59179.59,59350.2,59070.92,59156.73,0.056453
2024-10-03 17:00:00,59156.73,59318.07,59132.17,59149.83,0.01092
2024-10-03 17:15:00,59149.83,59318.07,59123.96,59123.96,0.020144
2024-10-03 17:30:00,59123.96,59350.2,59123.01,59150.05,1.876491
2024-10-03 17:45:00,59150.05,59350.2,59034.65,59179.58,2.716786
2024-10-03 18:00:00,59179.58,59350.2,59169.37,59215.94,0.080881
2024-10-03 18:15:00,59215.94,59350.2,55669.59,58882.47,3872.380301
2024-10-03 18:30:00,58882.47,59040.0,58871.12,58934.89,33.257169
2024-10-03 18:45:00,58934.89,59082.21,58934.19,58973.32,0.206688
2024-10-03 19:00:00,58973.32,59090.8,58844.62,58978.83,0.093989
2024-10-03 19:15:00,58978.83,59147.18,58978.83,59035.21,24.149106
2024-10-03 19:30:00,59035.21,59216.23,58935.64,59115.47,0.208746
2024-10-03 19:45:00,59115.47,59333.5,59115.47,59250.94,85.169923
2024-10-03 20:00:00,59250.94,59378.48,59249.42,59263.98,39.496477
2024-10-03 20:15:00,59263.98,59379.26,59239.83,59242.67,0.040798
2024-10-03 20:30:00,59242.67,59379.84,59218.93,59231.3,0.025826
2024-10-03 20:45:00,59231.3,59379.84,59148.4,59211.5,0.016683
2024-10-03 21:00:00,59211.5,59379.84,59207.01,59238.12,0.012926
2024-10-03 21:15:00,59238.12,59379.84,59227.75,59276.55,0.008684
2024-10-03 21:30:00,59276.55,59379.84,59268.14,59317.1,0.008464
2024-10-03 21:45:00,59317.1,59379.84,55044.02,56889.3,6655.83231
2024-10-03 22:00:00,56889.3,59153.19,56822.16,59106.35,1357.4185
2024-10-03 22:15:00,59106.35,59186.08,59101.56,59114.59,0.017423
2024-10-03 22:30:00,59114.59,59285.5,58935.64,59233.25,33.302863
2024-10-03 22:45:00,59233.25,59285.5,59207.1,59229.31,0.01723
2024-10-03 23:00:00,59229.31,59285.5,59034.65,59188.49,0.094186
2024-10-03 23:15:00,59188.49,59285.2,59178.49,59193.66,0.046976
2024-10-03 23:30:00,59193.66,59285.2,59167.38,59189.36,0.045982
2024-10-03 23:45:00,59189.36,59285.2,59163.91,59191.05,0.066517
2024-10-04 00:00:00,59191.05,59285.2,59163.38,59169.21,0.060581
2024-10-04 00:15:00,59169.21,59285.2,59162.71,59167.09,0.048978
2024-10-04 00:30:00,59167.09,59285.2,59162.11,59180.22,0.032784
2024-10-04 00:45:00,59180.22,59285.2,59161.83,59187.64,0.026995
2024-10-04 01:00:00,59187.64,59285.5,59034.65,59156.56,1.023313
2024-10-04 01:15:00,59156.56,59471.78,59150.23,59355.15,202.234192
2024-10-04 01:30:00,59355.15,59517.74,59355.15,59414.85,0.042762
2024-10-04 01:45:00,59414.85,59536.41,59407.5,59439.75,0.145651
2024-10-04 02:00:00,59439.75,59558.88,59423.18,59465.11,0.015326
2024-10-04 02:15:00,59465.11,59558.88,59449.87,59473.99,0.015651
2024-10-04 02:30:00,59473.99,59573.92,59453.87,59573.92,0.04024
2024-10-04 02:45:00,59573.92,59581.31,59361.16,59487.4,0.088866
2024-10-04 03:00:00,59487.4,59663.53,59224.68,59663.53,79.799432
2024-10-04 03:15:00,59663.53,59983.2,59414.71,59589.31,1549.611277
2024-10-04 03:30:00,59589.31,59699.19,59572.08,59585.31,0.072781
2024-10-04 03:45:00,59585.31,59699.19,59569.81,59599.9,0.062192
2024-10-04 04:00:00,59599.9,59713.76,59477.88,59614.48,0.037289
2024-10-04 04:15:00,59614.48,59713.76,59414.71,59575.52,0.023449
2024-10-04 04:30:00,59575.52,59786.68,59414.71,59563.36,0.039981
2024-10-04 04:45:00,59563.36,59699.19,59559.11,59559.11,0.0126
2024-10-04 05:00:00,59559.11,59713.76,59414.71,59609.45,0.066483
2024-10-04 05:15:00,59609.45,59713.76,59512.02,59607.65,0.052174
2024-10-04 05:30:00,59607.65,59741.58,59606.56,59621.8,0.062798
2024-10-04 05:45:00,59621.8,59741.58,59593.11,59614.11,0.027599
2024-10-04 06:00:00,59614.11,59794.77,59614.11,59650.49,0.121999
2024-10-04 06:15:00,59650.49,59794.77,59618.39,59631.75,0.031163
2024-10-04 06:30:00,59631.75,59794.77,59618.09,59643.31,0.033531
2024-10-04 06:45:00,59643.31,59794.77,59627.18,59680.14,0.011595
2024-10-04 07:00:00,59680.14,59794.77,59670.75,59790.46,0.033875
2024-10-04 07:15:00,59790.46,59794.77,59414.71,59750.6,0.451929
2024-10-04 07:30:00,59750.6,59794.77,59725.95,59729.05,0.008314
2024-10-04 07:45:00,59729.05,59794.77,59701.33,59709.89,0.018326
2024-10-04 08:00:00,59709.89,59794.77,59573.92,59681.44,0.419427
2024-10-04 08:15:00,59681.44,59920.5,59657.71,59809.49,76.182914
2024-10-04 08:30:00,59809.49,59983.2,59604.74,59744.39,1.117682
2024-10-04 08:45:00,59744.39,59920.5,59707.94,59734.97,0.010582
2024-10-04 09:00:00,59734.97,59920.5,59636.02,59708.56,0.013891
2024-10-04 09:15:00,59708.56,59928.04,59692.92,59753.76,0.012605
2024-10-04 09:30:00,59753.76,59928.04,59744.96,59797.79,0.01413
2024-10-04 09:45:00,59797.79,59983.2,59797.79,59865.64,0.010879
2024-10-04 10:00:00,59865.64,59983.2,59713.76,59897.13,0.055595
2024-10-04 10:15:00,59897.13,59983.2,59636.02,59881.36,0.029471
2024-10-04 10:30:00,59881.36,59983.2,59822.03,59901.45,0.050973
2024-10-04 10:45:00,59901.45,59983.2,59636.02,59786.79,1.034305
2024-10-04 11:00:00,59786.79,59885.1,59604.74,59697.66,0.110905
2024-10-04 11:15:00,59697.66,59878.44,59604.74,59683.95,0.084099
2024-10-04 11:30:00,59683.95,59703.86,57028.2,58421.4,7565.308036
2024-10-04 11:45:00,58421.4,59754.96,58213.8,59635.1,528.988956
2024-10-04 12:00:00,59635.1,59814.6,59414.71,59751.56,128.081214
2024-10-04 12:15:00,59751.56,59860.47,59604.74,59767.02,0.69298
2024-10-04 12:30:00,59767.02,60081.18,59767.02,60002.08,134.508543
2024-10-04 12:45:00,60002.08,60184.98,59961.32,60179.52,29.280195
2024-10-04 13:00:00,60179.52,60311.06,60000.0,60118.99,43.937408
2024-10-04 13:15:00,60118.99,60342.42,60046.8,60068.77,0.02135
2024-10-04 13:30:00,60068.77,60363.28,60046.8,60115.78,0.02645
2024-10-04 13:45:00,60115.78,60363.28,60046.8,60130.15,0.014937
2024-10-04 14:00:00,60130.15,60363.28,60111.77,60363.28,0.015331
2024-10-04 14:15:00,60363.28,60363.28,60046.8,60203.25,0.082865
2024-10-04 14:30:00,60203.25,60384.5,60120.86,60168.01,0.015826
2024-10-04 14:45:00,60168.01,60384.5,60168.01,60200.59,0.015266
2024-10-04 15:00:00,60200.59,60384.5,60120.86,60168.01,0.015099
2024-10-04 15:15:00,60168.01,60384.5,60120.86,60188.02,0.024666
2024-10-04 15:30:00,60188.02,60384.5,60120.86,60250.61,0.0152
2024-10-04 15:45:00,60250.61,60367.61,60120.86,60269.26,0.087923
2024-10-04 16:00:00,60269.26,60363.28,60120.86,60293.87,0.03687
2024-10-04 16:15:00,60293.87,60363.28,60269.6,60285.2,0.051076
2024-10-04 16:30:00,60285.2,60559.69,60271.67,60512.48,183.317518
2024-10-04 16:45:00,60512.48,60585.72,60279.0,60492.34,0.101359
2024-10-04 17:00:00,60492.34,60586.79,60279.0,60445.0,0.185021
2024-10-04 17:15:00,60445.0,60584.43,60291.41,60584.43,0.027894
2024-10-04 17:30:00,60584.43,60600.0,54938.4,58769.18,6991.068878
2024-10-04 17:45:00,58769.18,60356.6,58769.18,60316.48,943.638016
2024-10-04 18:00:00,60316.48,60316.48,60046.8,60194.68,0.014465
2024-10-04 18:15:00,60194.68,60473.69,60120.86,60388.47,20.410465
2024-10-04 18:30:00,60388.47,60545.75,60212.2,60521.06,162.958103
2024-10-04 18:45:00,60521.06,60619.28,60279.0,60561.11,0.360826
2024-10-04 19:00:00,60561.11,60716.55,59604.74,59984.8,1376.078103
2024-10-04 19:15:00,59984.8,60511.2,58084.5,60511.2,6630.004503
2024-10-04 19:30:00,60511.2,60700.0,60424.96,60598.97,29.461718
2024-10-04 19:45:00,60598.97,60700.0,60424.96,60596.34,0.044224
2024-10-04 20:00:00,60596.34,60722.43,60424.96,60542.15,0.089989
2024-10-04 20:15:00,60542.15,60636.72,60502.17,60506.06,0.015761
2024-10-04 20:30:00,60506.06,60636.72,60491.59,60501.98,0.010745
2024-10-04 20:45:00,60501.98,60722.43,60424.96,60491.26,0.540774
2024-10-04 21:00:00,60491.26,60721.43,60490.91,60501.88,0.041333
2024-10-04 21:15:00,60501.88,60721.43,60500.61,60514.06,0.015127
2024-10-04 21:30:00,60514.06,60721.43,60502.11,60617.55,0.023873
2024-10-04 21:45:00,60617.55,60743.4,60460.0,60652.36,0.050236
2024-10-04 22:00:00,60652.36,60743.4,60460.0,60671.85,0.525814
2024-10-04 22:15:00,60671.85,60742.4,60424.96,60424.96,0.04836
2024-10-04 22:30:00,60424.96,60742.4,60424.96,60585.33,0.090355
2024-10-04 22:45:00,60585.33,60637.72,60581.88,60594.37,0.012583
2024-10-04 23:00:00,60594.37,60636.72,60574.65,60593.32,0.019874
2024-10-04 23:15:00,60593.32,60636.72,60566.14,60570.34,0.021254
2024-10-04 23:30:00,60570.34,60636.72,60545.18,60550.61,0.019965
2024-10-04 23:45:00,60550.61,60636.72,60534.72,60552.79,0.010378
2024-10-05 00:00:00,60552.79,60605.7,60363.28,60499.31,0.068207
2024-10-05 00:15:00,60499.31,60604.7,60495.08,60515.28,0.016775
2024-10-05 00:30:00,60515.28,60603.7,60514.34,60544.76,0.020598
2024-10-05 00:45:00,60544.76,60603.7,60526.37,60551.38,0.014618
2024-10-05 01:00:00,60551.38,60603.7,60515.28,60519.26,0.019807
2024-10-05 01:15:00,60519.26,60603.7,60508.66,60508.73,0.011109
2024-10-05 01:30:00,60508.73,60603.7,60482.67,60497.71,0.026295
2024-10-05 01:45:00,60497.71,60603.7,60464.59,60487.67,0.023974
2024-10-05 02:00:00,60487.67,60603.7,60461.57,60476.59,0.013111
2024-10-05 02:15:00,60476.59,60603.7,60444.21,60461.03,0.022234
2024-10-05 02:30:00,60461.03,60603.7,60418.35,60419.66,0.019734
2024-10-05 02:45:00,60419.66,60603.7,60411.36,60418.07,0.008866
2024-10-05 03:00:00,60418.07,60603.7,60411.36,60432.14,0.016305
2024-10-05 03:15:00,60432.14,60603.7,60413.02,60419.28,0.018858
2024-10-05 03:30:00,60419.28,60603.7,60419.28,60448.67,0.01379
2024-10-05 03:45:00,60448.67,60603.7,60425.44,60439.64,0.02158
2024-10-05 04:00:00,60439.64,60604.7,60363.28,60442.85,0.076728
2024-10-05 04:15:00,60442.85,60604.7,60427.12,60455.62,0.018778
2024-10-05 04:30:00,60455.62,60604.7,60428.83,60453.98,0.015651
2024-10-05 04:45:00,60453.98,60604.7,60430.91,60437.44,0.014725
2024-10-05 05:00:00,60437.44,60604.7,60431.91,60434.89,0.013649
2024-10-05 05:15:00,60434.89,60604.7,60434.67,60443.9,0.017945
2024-10-05 05:30:00,60443.9,60604.7,60439.93,60447.46,0.012978
2024-10-05 05:45:00,60447.46,60604.7,60445.25,60448.26,0.025615
2024-10-05 06:00:00,60448.26,60604.7,60447.18,60455.71,0.02037
2024-10-05 06:15:00,60455.71,60604.7,60455.71,60489.74,0.03504
2024-10-05 06:30:00,60489.74,60604.7,60477.59,60510.09,0.057526
2024-10-05 06:45:00,60510.09,60604.7,60496.66,60529.61,0.079609
2024-10-05 07:00:00,60529.61,60604.7,60492.37,60507.95,0.115967
2024-10-05 07:15:00,60507.95,60604.7,60454.35,60468.53,0.104032
2024-10-05 07:30:00,60468.53,60604.7,60421.06,60423.4,0.093785
2024-10-05 07:45:00,60423.4,60604.7,60363.28,60459.12,0.174171
2024-10-05 08:00:00,60459.12,60470.88,60300.0,60361.52,0.161022
2024-10-05 08:15:00,60361.52,60470.88,60361.52,60371.87,0.094536
2024-10-05 08:30:00,60371.87,60570.88,60366.83,60428.32,0.060292
2024-10-05 08:45:00,60428.32,60570.88,60428.32,60438.55,0.070067
2024-10-05 09:00:00,60438.55,60570.88,60370.88,60421.83,0.034264
2024-10-05 09:15:00,60421.83,60531.05,60421.83,60433.68,0.038341
2024-10-05 09:30:00,60433.68,60570.88,60431.59,60458.77,0.362071
2024-10-05 09:45:00,60458.77,60743.4,60399.5,60576.18,4.069126
2024-10-05 10:00:00,60576.18,60742.4,60502.41,60590.64,0.02455
2024-10-05 10:15:00,60590.64,60742.4,60572.41,60596.59,0.013646
2024-10-05 10:30:00,60596.59,60742.4,60576.22,60579.76,0.018749
2024-10-05 10:45:00,60579.76,60743.4,60522.68,60524.68,0.021527
2024-10-05 11:00:00,60524.68,60743.4,60524.68,60571.56,0.014464
2024-10-05 11:15:00,60571.56,60743.4,60559.6,60566.16,0.013939
2024-10-05 11:30:00,60566.16,60743.4,60486.48,60547.8,0.022832
2024-10-05 11:45:00,60547.8,60743.4,60521.17,60539.81,0.014957
2024-10-05 12:00:00,60539.81,60743.4,60522.14,60547.47,0.014739
2024-10-05 12:15:00,60547.47,60743.4,60547.47,60607.3,0.037815
2024-10-05 12:30:00,60607.3,60743.4,60592.42,60642.66,0.01967
2024-10-05 12:45:00,60642.66,60743.4,60279.0,60485.01,11.546687
2024-10-05 13:00:00,60485.01,60637.72,60475.31,60544.45,0.314028
2024-10-05 13:15:00,60544.45,60637.72,60461.31,60600.75,0.028226
2024-10-05 13:30:00,60600.75,60743.4,60586.81,60715.87,0.461871
2024-10-05 13:45:00,60715.87,60743.4,57920.6,59794.77,4780.25312
2024-10-05 14:00:00,59794.77,60433.46,57894.47,59814.6,5502.22741
2024-10-05 14:15:00,59814.6,60442.27,59814.6,60279.0,4013.795911
2024-10-05 14:30:00,60279.0,60444.2,59814.6,60430.26,3998.201127
2024-10-05 14:45:00,60430.26,60485.63,59814.6,60046.8,3979.84254
2024-10-05 15:00:00,60046.8,60473.6,59814.6,60369.21,3997.373022
2024-10-05 15:15:00,60369.21,60427.25,59814.6,60421.74,4068.884393
2024-10-05 15:30:00,60421.74,60424.65,59814.6,60398.53,3950.811383
2024-10-05 15:45:00,60398.53,60454.42,59814.6,60046.8,4006.312058
2024-10-05 16:00:00,60046.8,60419.47,59814.6,60279.0,4048.819613
2024-10-05 16:15:00,60279.0,60424.96,59814.6,60392.91,4029.056313
2024-10-05 16:30:00,60392.91,60415.8,59814.6,60046.8,3996.000432
2024-10-05 16:45:00,60046.8,60331.9,59794.77,60200.57,4069.251411
2024-10-05 17:00:00,60200.57,60250.0,59604.74,60046.8,3963.833323
2024-10-05 17:15:00,60046.8,60267.98,59582.4,60226.97,3994.040523
2024-10-05 17:30:00,60226.97,60281.7,59604.74,59814.6,3988.655469
2024-10-05 17:45:00,59814.6,60279.9,59604.74,60260.43,4026.688559
2024-10-05 18:00:00,60260.43,60295.86,59604.74,60046.8,3957.327037
2024-10-05 18:15:00,60046.8,60229.81,59604.74,60046.8,3988.735207
2024-10-05 18:30:00,60046.8,60192.06,59582.4,60046.8,4031.974367
2024-10-05 18:45:00,60046.8,60200.0,59604.74,60113.28,3999.481767
2024-10-05 19:00:00,60113.28,60141.57,59582.4,60107.52,4038.184788
2024-10-05 19:15:00,60107.52,60160.33,59604.74,60046.8,4004.618541
2024-10-05 19:30:00,60046.8,60170.56,59582.4,59814.6,3952.737044
2024-10-05 19:45:00,59814.6,60121.09,59582.4,59794.77,3996.261786
2024-10-05 20:00:00,59794.77,60102.52,59582.4,59794.77,3981.309758
2024-10-05 20:15:00,59794.77,60079.75,59582.4,59912.5,4041.489643
2024-10-05 20:30:00,59912.5,60100.0,59582.4,59984.8,4087.490274
2024-10-05 20:45:00,59984.8,60043.42,59467.55,59604.74,4087.773898
2024-10-05 21:00:00,59604.74,60132.05,59582.4,60046.8,4000.322022
2024-10-05 21:15:00,60046.8,60172.78,59604.74,60046.8,3982.568576
2024-10-05 21:30:00,60046.8,60198.83,59604.74,59814.6,4035.943438
2024-10-05 21:45:00,59814.6,60198.83,59582.4,60046.8,3988.388803
2024-10-05 22:00:00,60046.8,60249.0,59604.74,60219.67,4030.398181
2024-10-05 22:15:00,60219.67,60315.11,59604.74,60046.8,4026.668042
2024-10-05 22:30:00,60046.8,60336.6,59604.74,60260.85,3952.035375
2024-10-05 22:45:00,60260.85,60296.47,59604.74,60046.8,4029.221611
2024-10-05 23:00:00,60046.8,60290.36,59604.74,60046.8,3939.403112
2024-10-05 23:15:00,60046.8,60294.66,59604.74,59814.6,4022.698518
2024-10-05 23:30:00,59814.6,60300.0,59582.4,60046.8,3977.347195
2024-10-05 23:45:00,60046.8,60354.55,59814.6,60046.8,4045.069582
2024-10-06 00:00:00,60046.8,60344.17,59604.74,60190.94,3891.241096
2024-10-06 00:15:00,60190.94,60259.55,59604.74,60210.77,3921.261719
2024-10-06 00:30:00,60210.77,60221.4,59604.74,59814.6,3955.97988
2024-10-06 00:45:00,59814.6,60174.24,59582.4,59814.6,4075.720409
2024-10-06 01:00:00,59814.6,60279.0,59604.74,59814.6,3986.715111
2024-10-06 01:15:00,59814.6,60394.99,59604.74,60279.0,4063.528513
2024-10-06 01:30:00,60279.0,60386.34,59794.77,60279.0,3992.409558
2024-10-06 01:45:00,60279.0,60336.83,59794.77,60046.8,4076.545825
2024-10-06 02:00:00,60046.8,60364.71,59604.74,60046.8,3942.993056
2024-10-06 02:15:00,60046.8,60296.39,59582.4,60046.8,4034.107139
2024-10-06 02:30:00,60046.8,60296.1,59604.74,60046.8,3941.29105
2024-10-06 02:45:00,60046.8,60251.8,59604.74,60046.8,3979.611105
2024-10-06 03:00:00,60046.8,60224.61,59582.4,59814.6,4028.140765
2024-10-06 03:15:00,59814.6,60268.59,59604.74,60046.8,4003.225245
2024-10-06 03:30:00,60046.8,60250.0,59604.74,60179.02,4005.696643
2024-10-06 03:45:00,60179.02,60200.0,59604.74,59814.6,3942.028383
2024-10-06 04:00:00,59814.6,60193.7,59604.74,60046.8,3916.083388
2024-10-06 04:15:00,60046.8,60218.52,59604.74,60046.8,4016.33968
2024-10-06 04:30:00,60046.8,60172.79,59582.4,60107.46,3964.459064
2024-10-06 04:45:00,60107.46,60140.5,59604.74,59933.75,4044.376853
2024-10-06 05:00:00,59933.75,60159.22,59582.4,60091.16,4095.57858
2024-10-06 05:15:00,60091.16,60227.15,59604.74,59814.6,4013.245686
2024-10-06 05:30:00,59814.6,60216.49,59582.4,59814.6,3937.887217
2024-10-06 05:45:00,59814.6,60227.5,59582.4,60046.8,4003.395566
2024-10-06 06:00:00,60046.8,60232.79,59604.74,60207.17,3932.470724
2024-10-06 06:15:00,60207.17,60279.0,59582.4,59814.6,3423.187829
2024-10-06 06:30:00,59814.6,60261.01,59604.74,60046.8,3995.893683
2024-10-06 06:45:00,60046.8,60255.01,59582.4,59943.76,3951.711185
2024-10-06 07:00:00,59943.76,60247.18,59604.74,59814.6,3985.657158
2024-10-06 07:15:00,59814.6,60263.28,59604.74,60046.8,3990.775711
2024-10-06 07:30:00,60046.8,60250.37,59582.4,59814.6,4078.876539
2024-10-06 07:45:00,59814.6,60230.53,59604.74,59814.6,3939.494049
2024-10-06 08:00:00,59814.6,60217.46,59582.4,59814.6,3988.603634
2024-10-06 08:15:00,59814.6,60498.85,59414.71,60267.93,4480.918581
2024-10-06 08:30:00,60267.93,60498.85,59582.4,60046.8,3991.787895
2024-10-06 08:45:00,60046.8,60279.0,59604.74,60046.8,3978.128079
2024-10-06 09:00:00,60046.8,60288.59,59604.74,60255.94,4003.234135
2024-10-06 09:15:00,60255.94,60329.32,59604.74,60279.0,4007.928833
2024-10-06 09:30:00,60279.0,60334.02,59794.77,60046.8,4039.376636
2024-10-06 09:45:00,60046.8,60401.57,59814.6,60046.8,3994.4753
2024-10-06 10:00:00,60046.8,60343.32,59794.77,60279.0,4059.177775
2024-10-06 10:15:00,60279.0,60338.05,59582.4,59814.6,4032.222676
2024-10-06 10:30:00,59814.6,60272.21,59604.74,60251.35,4042.487934
2024-10-06 10:45:00,60251.35,60300.0,59604.74,60250.0,3976.356548
2024-10-06 11:00:00,60250.0,60400.0,59604.74,59928.03,3962.856299
2024-10-06 11:15:00,59928.03,60342.42,59794.77,60279.0,4067.124858
2024-10-06 11:30:00,60279.0,60399.72,59814.6,60357.26,3988.172371
2024-10-06 11:45:00,60357.26,60398.0,59814.6,60279.0,3991.22693
2024-10-06 12:00:00,60279.0,60418.18,59814.6,60279.0,4035.254692
2024-10-06 12:15:00,60279.0,60400.0,59814.6,60279.0,4006.923965
2024-10-06 12:30:00,60279.0,60399.0,59814.6,60372.32,3958.656043
2024-10-06 12:45:00,60372.32,60486.9,59814.6,60046.8,4062.99173
2024-10-06 13:00:00,60046.8,60591.67,59983.2,60279.0,4060.48488
2024-10-06 13:15:00,60279.0,60572.79,60046.8,60511.2,4029.545302
2024-10-06 13:30:00,60511.2,60577.39,59983.2,60511.2,3910.630013
2024-10-06 13:45:00,60511.2,60568.4,59983.2,60046.8,3962.253607
2024-10-06 14:00:00,60046.8,60528.73,59814.6,60511.2,4153.369549
2024-10-06 14:15:00,60511.2,60673.98,60046.8,60511.2,4075.235434
2024-10-06 14:30:00,60511.2,60800.05,60046.8,60761.07,4036.681358
2024-10-06 14:45:00,60761.07,61014.6,60046.8,60511.2,4198.171574
2024-10-06 15:00:00,60511.2,60992.02,60279.0,60743.4,3910.244179
2024-10-06 15:15:00,60743.4,60913.45,60046.8,60710.93,4013.32493
2024-10-06 15:30:00,60710.93,60975.6,60046.8,60826.65,3780.268648
2024-10-06 15:45:00,60826.65,60985.96,60279.0,60941.03,3059.975846
2024-10-06 16:00:00,60941.03,61147.61,59983.2,59983.2,5202.172819
2024-10-06 16:15:00,59983.2,61057.73,58436.25,60743.4,4120.8289
2024-10-06 16:30:00,60743.4,61027.95,60279.0,60743.4,4058.780042
2024-10-06 16:45:00,60743.4,60960.29,60279.0,60743.4,3914.81013
2024-10-06 17:00:00,60743.4,60909.73,60279.0,60511.2,4029.607856
2024-10-06 17:15:00,60511.2,60992.15,60279.0,60923.85,4023.896783
2024-10-06 17:30:00,60923.85,60938.84,60279.0,60743.4,3944.889119
2024-10-06 17:45:00,60743.4,60900.0,60279.0,60743.4,4071.431427
2024-10-06 18:00:00,60743.4,60940.41,60046.8,60743.4,3923.047845
2024-10-06 18:15:00,60743.4,60979.03,60279.0,60952.19,3968.997071
2024-10-06 18:30:00,60952.19,60989.77,58951.9,60822.07,4443.765433
2024-10-06 18:45:00,60822.07,60974.6,60805.0,60827.48,0.01331
2024-10-06 19:00:00,60827.48,61157.32,60743.4,60850.48,113.931999
2024-10-06 19:15:00,60850.48,61164.39,60850.48,60997.24,0.074881
2024-10-06 19:30:00,60997.24,61200.0,60997.24,61091.73,66.980477
2024-10-06 19:45:00,61091.73,61200.0,61078.6,61097.54,0.017376
2024-10-06 20:00:00,61097.54,61197.0,56754.29,57046.65,4290.810846
2024-10-06 20:15:00,57046.65,62561.45,20061.01,62417.15,57010.070125
2024-10-06 20:30:00,62417.15,62461.99,62406.51,62414.55,0.011588
2024-10-06 20:45:00,62414.55,62460.99,62136.6,62136.6,0.721927
2024-10-06 21:00:00,62136.6,62236.6,62136.6,62197.84,0.214305
2024-10-06 21:15:00,62197.84,62268.34,62170.01,62173.6,0.01288
2024-10-06 21:30:00,62173.6,62368.8,62165.64,62262.04,0.010225
2024-10-06 21:45:00,62262.04,62368.8,62229.28,62242.5,0.040509
2024-10-06 22:00:00,62242.5,62368.8,62136.6,62239.4,0.044376
2024-10-06 22:15:00,62239.4,62364.8,62222.68,62246.25,0.010111
2024-10-06 22:30:00,62246.25,62363.8,62226.82,62232.24,0.015103
2024-10-06 22:45:00,62232.24,62362.8,62232.24,62302.6,0.020615
2024-10-06 23:00:00,62302.6,62362.8,62251.03,62304.62,0.057144
2024-10-06 23:15:00,62304.62,62361.8,62303.16,62305.75,0.022915
2024-10-06 23:30:00,62305.75,62360.8,62304.04,62316.04,0.054075
2024-10-06 23:45:00,62316.04,62359.8,62307.55,62319.22,0.11006
2024-10-07 00:00:00,62319.22,62359.8,62311.72,62328.45,0.116049
2024-10-07 00:15:00,62328.45,62359.8,62316.98,62328.88,0.134274
2024-10-07 00:30:00,62328.88,62359.8,62319.13,62330.43,0.091826
2024-10-07 00:45:00,62330.43,62359.8,62312.95,62316.28,0.110843
2024-10-07 01:00:00,62316.28,62359.8,62136.6,62264.53,0.664226
2024-10-07 01:15:00,62264.53,62359.8,62224.88,62236.46,0.104648
2024-10-07 01:30:00,62236.46,62359.8,62136.6,62239.39,0.090036
2024-10-07 01:45:00,62239.39,62359.8,62136.6,62238.01,1.063425
2024-10-07 02:00:00,62238.01,62359.8,62219.74,62256.93,0.038479
2024-10-07 02:15:00,62256.93,62359.8,62235.47,62271.77,0.029669
2024-10-07 02:30:00,62271.77,62359.8,62257.24,62269.67,0.014639
2024-10-07 02:45:00,62269.67,62359.8,62269.67,62326.55,0.028404
2024-10-07 03:00:00,62326.55,62359.8,62324.46,62327.34,0.012709
2024-10-07 03:15:00,62327.34,62359.8,62319.57,62326.82,0.020254
2024-10-07 03:30:00,62326.82,62359.8,62312.7,62312.7,0.014333
2024-10-07 03:45:00,62312.7,62359.8,62309.04,62316.18,0.011517
2024-10-07 04:00:00,62316.18,62359.8,62305.16,62311.91,0.017381
2024-10-07 04:15:00,62311.91,62359.8,62307.12,62317.44,0.017418
2024-10-07 04:30:00,62317.44,62359.8,62136.6,62256.33,1.013021
2024-10-07 04:45:00,62256.33,62359.8,62256.33,62315.25,0.028333
2024-10-07 05:00:00,62315.25,62359.8,62313.9,62321.87,0.012621
2024-10-07 05:15:00,62321.87,62359.8,62317.61,62326.95,0.01547
2024-10-07 05:30:00,62326.95,62359.8,62317.66,62320.38,0.01327
2024-10-07 05:45:00,62320.38,62359.8,62315.25,62315.25,0.012004
2024-10-07 06:00:00,62315.25,62359.8,62314.42,62318.59,0.017346
2024-10-07 06:15:00,62318.59,62359.8,62136.6,62359.8,1.017381
2024-10-07 06:30:00,62359.8,62359.8,62254.13,62259.08,0.020951
2024-10-07 06:45:00,62259.08,62359.8,62241.89,62248.95,0.015384
2024-10-07 07:00:00,62248.95,62359.8,62136.6,62226.53,0.135249
2024-10-07 07:15:00,62226.53,62359.8,62195.18,62211.53,0.130124
2024-10-07 07:30:00,62211.53,62360.8,62136.6,62196.64,0.737715
2024-10-07 07:45:00,62196.64,62359.8,62181.24,62203.96,0.014935
2024-10-07 08:00:00,62203.96,62359.8,62136.6,62254.0,1.013676
2024-10-07 08:15:00,62254.0,62366.8,62136.6,62231.53,2.022794
2024-10-07 08:30:00,62231.53,62367.8,62160.84,62259.27,0.020075
2024-10-07 08:45:00,62259.27,62367.8,62136.6,62283.0,0.027416
2024-10-07 09:00:00,62283.0,62367.7,62274.34,62325.72,0.026508
2024-10-07 09:15:00,62325.72,62367.7,62322.46,62331.71,0.01349
2024-10-07 09:30:00,62331.71,62367.8,62274.34,62274.34,0.023681
2024-10-07 09:45:00,62274.34,62367.8,62136.6,62367.8,0.010977
2024-10-07 10:00:00,62367.8,62367.8,62136.7,62136.7,0.00036
2024-10-07 10:15:00,62136.7,62367.8,62136.6,62136.6,0.088679
2024-10-07 10:30:00,62136.6,62367.7,62136.6,62367.7,0.218465
2024-10-07 10:45:00,62367.7,62367.7,62283.63,62284.01,0.000272
2024-10-07 11:00:00,62284.01,62285.73,62284.01,62285.73,0.000548
2024-10-07 11:15:00,62285.73,62285.73,62248.14,62259.5,0.011683
2024-10-07 11:30:00,62259.5,62285.73,62222.47,62279.74,0.010622
2024-10-07 11:45:00,62279.74,62283.75,62274.11,62279.68,0.021507
2024-10-07 12:00:00,62279.68,62285.73,62273.62,62279.94,0.029394
2024-10-07 12:15:00,62279.94,62279.94,62136.6,62255.15,2.327232
2024-10-07 12:30:00,62255.15,62365.2,62225.87,62304.23,0.122461
2024-10-07 12:45:00,62304.23,62365.2,62253.99,62309.81,0.013869
2024-10-07 13:00:00,62309.81,62365.2,62274.86,62288.91,0.015728
2024-10-07 13:15:00,62288.91,62365.3,62259.71,62272.29,0.058249
2024-10-07 13:30:00,62272.29,62365.3,62245.5,62253.19,0.01103
2024-10-07 13:45:00,62253.19,62365.2,62244.25,62313.56,0.012511
2024-10-07 14:00:00,62313.56,62365.2,62240.69,62243.36,0.023544
2024-10-07 14:15:00,62243.36,62659.51,62240.88,62506.39,166.601343
2024-10-07 14:30:00,62506.39,62659.51,62480.08,62500.42,0.011962
2024-10-07 14:45:00,62500.42,62659.51,62476.2,62481.61,0.021679
2024-10-07 15:00:00,62481.61,62659.51,62478.3,62505.69,0.008048
2024-10-07 15:15:00,62505.69,62659.51,62470.22,62537.18,0.017827
2024-10-07 15:30:00,62537.18,62659.51,62491.97,62577.58,0.010569
2024-10-07 15:45:00,62577.58,62659.51,62368.8,62589.66,0.023395
2024-10-07 16:00:00,62589.66,62659.51,62400.0,62607.61,0.015849
2024-10-07 16:15:00,62607.61,62675.19,62368.8,62675.09,0.026139
2024-10-07 16:30:00,62675.09,62692.3,62368.8,62527.7,0.031594
2024-10-07 16:45:00,62527.7,62600.0,62368.8,62478.99,1.019748
2024-10-07 17:00:00,62478.99,62692.3,62368.8,62503.24,0.049297
2024-10-07 17:15:00,62503.24,62692.2,62370.37,62600.0,0.023458
2024-10-07 17:30:00,62600.0,62692.2,62370.37,62450.0,0.020829
2024-10-07 17:45:00,62450.0,62600.0,62443.0,62445.0,0.010508
2024-10-07 18:00:00,62445.0,62692.3,62368.9,62469.33,0.033612
2024-10-07 18:15:00,62469.33,62692.3,62400.0,62458.54,0.028106
2024-10-07 18:30:00,62458.54,62692.3,62458.54,62461.24,0.017255
2024-10-07 18:45:00,62461.24,62692.3,62458.6,62474.14,0.023096
2024-10-07 19:00:00,62474.14,62600.0,62400.0,62468.15,0.024479
2024-10-07 19:15:00,62468.15,62600.0,62459.39,62468.25,0.019386
2024-10-07 19:30:00,62468.25,62692.3,62368.8,62512.34,0.021453
2024-10-07 19:45:00,62512.34,62692.3,62368.8,62473.62,1.021436
2024-10-07 20:00:00,62473.62,62600.0,62431.91,62459.32,0.018468
2024-10-07 20:15:00,62459.32,62692.2,62368.9,62464.1,0.022192
2024-10-07 20:30:00,62464.1,62692.3,62368.8,62539.99,0.214088
2024-10-07 20:45:00,62539.99,62692.3,62368.8,62543.3,0.062052
2024-10-07 21:00:00,62543.3,62692.3,62400.0,62613.34,0.031058
2024-10-07 21:15:00,62613.34,62692.2,62611.93,62625.49,0.039242
2024-10-07 21:30:00,62625.49,62692.3,62612.98,62621.35,0.040029
2024-10-07 21:45:00,62621.35,62775.3,62368.8,62775.3,76.804285
2024-10-07 22:00:00,62775.3,62828.34,62545.06,62828.34,0.644665
2024-10-07 22:15:00,62828.34,62896.88,62601.0,62841.79,71.959238
2024-10-07 22:30:00,62841.79,63065.4,62841.79,63057.13,0.472838
2024-10-07 22:45:00,63057.13,63065.4,62787.48,62984.45,0.115886
2024-10-07 23:00:00,62984.45,63065.4,62601.0,62956.24,1.230737
2024-10-07 23:15:00,62956.24,63000.0,62601.0,62873.76,0.120086
2024-10-07 23:30:00,62873.76,62978.08,62601.0,62758.26,0.122147
2024-10-07 23:45:00,62758.26,62890.01,62707.84,62731.92,0.091517
2024-10-08 00:00:00,62731.92,62978.08,62601.0,62978.08,0.080513
2024-10-08 00:15:00,62978.08,62994.72,62601.0,62855.9,0.140659
2024-10-08 00:30:00,62855.9,63029.9,62700.0,62806.02,0.174722
2024-10-08 00:45:00,62806.02,62978.08,62806.02,62888.84,0.041247
2024-10-08 01:00:00,62888.84,63005.86,62800.0,62895.22,1.019117
2024-10-08 01:15:00,62895.22,62947.18,62895.03,62907.47,0.012817
2024-10-08 01:30:00,62907.47,62947.18,62895.68,62901.94,0.019419
2024-10-08 01:45:00,62901.94,62947.18,62892.89,62902.51,0.015463
2024-10-08 02:00:00,62902.51,62947.18,62800.0,62900.36,0.020528
2024-10-08 02:15:00,62900.36,62947.18,62818.74,62903.3,0.012061
2024-10-08 02:30:00,62903.3,62947.18,62847.82,62895.38,0.011026
2024-10-08 02:45:00,62895.38,62947.18,62835.24,62891.91,0.01502
2024-10-08 03:00:00,62891.91,62947.18,62832.92,62894.96,0.010827
2024-10-08 03:15:00,62894.96,62947.18,62601.0,62786.82,0.064863
2024-10-08 03:30:00,62786.82,62890.11,62771.85,62790.23,0.011149
2024-10-08 03:45:00,62790.23,62927.96,62766.07,62789.29,0.009989
2024-10-08 04:00:00,62789.29,62927.96,62630.24,62732.82,0.00992
2024-10-08 04:15:00,62732.82,62927.96,62601.0,62687.02,0.018581
2024-10-08 04:30:00,62687.02,62890.11,62613.91,62676.62,0.013649
2024-10-08 04:45:00,62676.62,62890.11,62601.0,62678.81,0.013771
2024-10-08 05:00:00,62678.81,62890.11,62633.93,62739.44,0.013876
2024-10-08 05:15:00,62739.44,62890.11,62711.16,62890.11,0.010077
2024-10-08 05:30:00,62890.11,62927.96,62771.72,62807.28,0.011943
2024-10-08 05:45:00,62807.28,62947.18,62601.0,62813.45,0.071354
2024-10-08 06:00:00,62813.45,62890.11,62713.68,62785.04,0.008103
2024-10-08 06:15:00,62785.04,62947.18,62601.0,62717.47,0.044782
2024-10-08 06:30:00,62717.47,62947.18,62601.0,62742.16,1.046322
2024-10-08 06:45:00,62742.16,62947.18,62630.24,62815.88,0.011034
2024-10-08 07:00:00,62815.88,62947.18,62794.56,62827.86,0.060725
2024-10-08 07:15:00,62827.86,62947.18,62601.0,62766.51,1.019927
2024-10-08 07:30:00,62766.51,62927.96,62601.0,62780.49,0.030778
2024-10-08 07:45:00,62780.49,62947.18,62601.0,62847.95,0.327324
2024-10-08 08:00:00,62847.95,62947.18,62713.68,62861.17,0.017818
2024-10-08 08:15:00,62861.17,62947.18,62800.0,62871.59,0.01976
2024-10-08 08:30:00,62871.59,62947.18,62713.78,62897.46,0.097979
2024-10-08 08:45:00,62897.46,62947.18,62713.78,62797.74,0.010571
2024-10-08 09:00:00,62797.74,62947.18,62630.24,62859.85,0.025888
2024-10-08 09:15:00,62859.85,62947.08,62713.68,62893.92,0.014677
2024-10-08 09:30:00,62893.92,62947.08,62630.24,62768.34,0.018459
2024-10-08 09:45:00,62768.34,62827.87,62601.0,62636.23,1.594496
2024-10-08 10:00:00,62636.23,62947.18,62601.0,62868.04,0.427746
2024-10-08 10:15:00,62868.04,62947.18,62852.77,62897.9,0.013054
2024-10-08 10:30:00,62897.9,62947.18,62601.0,62697.15,0.647768
2024-10-08 10:45:00,62697.15,62947.18,62601.0,62601.0,0.051478
2024-10-08 11:00:00,62601.0,62947.18,62601.0,62682.88,0.131025
2024-10-08 11:15:00,62682.88,62927.96,62601.0,62601.0,0.110318
2024-10-08 11:30:00,62601.0,62947.18,62601.0,62776.72,0.095991
2024-10-08 11:45:00,62776.72,62947.18,62776.72,62853.58,0.360764
2024-10-08 12:00:00,62853.58,62947.18,62601.0,62706.91,1.059439
2024-10-08 12:15:00,62706.91,62947.18,62706.91,62800.3,0.03099
2024-10-08 12:30:00,62800.3,62947.18,62601.0,62810.14,0.020972
2024-10-08 12:45:00,62810.14,62947.18,62808.59,62816.06,0.011777
2024-10-08 13:00:00,62816.06,63065.4,62601.0,62765.32,6.223962
2024-10-08 13:15:00,62765.32,63029.9,62601.0,62920.95,0.801704
2024-10-08 13:30:00,62920.95,63029.9,62700.0,62824.57,0.073806
2024-10-08 13:45:00,62824.57,63000.0,62601.0,62898.03,0.269213
2024-10-08 14:00:00,62898.03,63065.4,62765.32,62930.25,0.905412
2024-10-08 14:15:00,62930.25,63065.4,62601.0,62601.0,0.616991
2024-10-08 14:30:00,62601.0,63065.4,62601.0,62925.46,1.699941
2024-10-08 14:45:00,62925.46,63065.4,62797.53,62838.05,0.159683
2024-10-08 15:00:00,62838.05,63065.4,62601.0,62863.49,1.371943
2024-10-08 15:15:00,62863.49,63065.4,62601.0,62811.19,2.955358
2024-10-08 15:30:00,62811.19,63053.24,62787.48,62948.67,0.627253
2024-10-08 15:45:00,62948.67,63065.4,62797.53,62797.53,0.212523
2024-10-08 16:00:00,62797.53,62860.33,62601.0,62693.76,2.126334
2024-10-08 16:15:00,62693.76,62978.08,62684.05,62823.92,0.08506
2024-10-08 16:30:00,62823.92,62978.08,62765.32,62845.95,0.041512
2024-10-08 16:45:00,62845.95,63002.75,62601.0,63002.75,0.063656
2024-10-08 17:00:00,63002.75,63029.9,62967.55,62975.84,0.012811
2024-10-08 17:15:00,62975.84,63029.9,62601.0,62901.66,0.112979
2024-10-08 17:30:00,62901.66,63000.0,62713.68,62780.11,0.080551
2024-10-08 17:45:00,62780.11,62978.08,62601.0,62926.66,0.080595
2024-10-08 18:00:00,62926.66,63029.9,62765.32,62968.04,0.071775
2024-10-08 18:15:00,62968.04,63029.9,62968.04,62985.88,0.020783
2024-10-08 18:30:00,62985.88,63029.9,62765.32,62840.32,0.045075
2024-10-08 18:45:00,62840.32,62978.08,62832.19,62946.1,0.012183
2024-10-08 19:00:00,62946.1,62978.08,62601.0,62907.91,0.063068
2024-10-08 19:15:00,62907.91,62977.98,62893.62,62977.46,0.007724
2024-10-08 19:30:00,62977.46,62978.08,62977.46,62977.86,0.030073
2024-10-08 19:45:00,62977.86,62999.97,62961.56,62999.65,0.021394
2024-10-08 20:00:00,62999.65,62999.97,62999.65,62999.73,0.010673
2024-10-08 20:15:00,62999.73,63000.0,62999.67,62999.68,0.014738
2024-10-08 20:30:00,62999.68,62999.8,62999.61,62999.78,0.014007
2024-10-08 20:45:00,62999.78,62999.8,62973.83,62999.66,0.01172
2024-10-08 21:00:00,62999.66,63065.4,62601.0,62935.61,1.291751
2024-10-08 21:15:00,62935.61,63029.9,62906.9,63005.94,0.124377
2024-10-08 21:30:00,63005.94,63029.9,62999.82,63028.83,0.096921
2024-10-08 21:45:00,63028.83,63065.4,63014.06,63030.2,35.904652
2024-10-08 22:00:00,63030.2,63033.23,62929.07,62945.02,0.076809
2024-10-08 22:15:00,62945.02,63065.4,62929.07,63041.56,0.112043
2024-10-08 22:30:00,63041.56,63065.4,63039.17,63044.78,0.01688
2024-10-08 22:45:00,63044.78,63065.4,63030.17,63031.28,0.042755
2024-10-08 23:00:00,63031.28,63065.4,63021.93,63023.46,0.052087
2024-10-08 23:15:00,63023.46,63065.4,63021.33,63025.05,0.967924
2024-10-08 23:30:00,63025.05,63033.42,63020.48,63020.75,0.142092
2024-10-08 23:45:00,63020.75,63023.8,63019.68,63020.94,0.112686
2024-10-09 00:00:00,63020.94,63023.7,63019.82,63020.15,0.068466
2024-10-09 00:15:00,63020.15,63023.7,63020.1,63022.99,0.072077
2024-10-09 00:30:00,63022.99,63023.7,63022.79,63023.0,0.076757
2024-10-09 00:45:00,63023.0,63023.7,63021.75,63023.43,0.0431
2024-10-09 01:00:00,63023.43,63023.7,63022.88,63023.46,0.024123
2024-10-09 01:15:00,63023.46,63023.7,63023.43,63023.47,0.043101
2024-10-09 01:30:00,63023.47,63023.7,63023.41,63023.42,0.057739
2024-10-09 01:45:00,63023.42,63023.7,63023.32,63023.32,0.079523
2024-10-09 02:00:00,63023.32,63023.7,63023.27,63023.36,0.15423
2024-10-09 02:15:00,63023.36,63023.7,63023.25,63023.3,0.030758
2024-10-09 02:30:00,63023.3,63023.7,63023.15,63023.15,0.010727
2024-10-09 02:45:00,63023.15,63023.7,63022.88,63023.09,0.014624
2024-10-09 03:00:00,63023.09,63023.7,63023.04,63023.05,0.010467
2024-10-09 03:15:00,63023.05,63023.7,63022.88,63023.06,0.019239
2024-10-09 03:30:00,63023.06,63023.7,63023.06,63023.24,0.014228
2024-10-09 03:45:00,63023.24,63023.7,63021.13,63021.71,0.017242
2024-10-09 04:00:00,63021.71,63023.7,62833.2,62889.76,2.065853
2024-10-09 04:15:00,62889.76,62954.21,62833.2,62892.56,1.016584
2024-10-09 04:30:00,62892.56,62954.21,62882.14,62884.61,0.012286
2024-10-09 04:45:00,62884.61,62954.21,62878.79,62882.95,0.018906
2024-10-09 05:00:00,62882.95,62954.21,62833.2,62887.44,0.024234
2024-10-09 05:15:00,62887.44,62954.21,62881.11,62886.47,0.019527
2024-10-09 05:30:00,62886.47,62954.11,62884.46,62898.7,0.020287
2024-10-09 05:45:00,62898.7,62954.11,62888.49,62901.58,0.01791
2024-10-09 06:00:00,62901.58,62954.11,62889.19,62898.77,0.01297
2024-10-09 06:15:00,62898.77,62954.21,62833.2,62954.21,0.019165
2024-10-09 06:30:00,62954.21,62954.21,62903.55,62933.46,0.02217
2024-10-09 06:45:00,62933.46,62954.1,62907.47,62930.39,0.010077
2024-10-09 07:00:00,62930.39,62954.1,62833.2,62892.46,0.257362
2024-10-09 07:15:00,62892.46,63065.4,62833.2,63035.23,0.795827
2024-10-09 07:30:00,63035.23,63065.4,62912.31,62913.84,2.99453
2024-10-09 07:45:00,62913.84,63065.4,62912.39,63035.63,4.690187
2024-10-09 08:00:00,63035.63,63065.4,62833.2,62982.06,10.742075
2024-10-09 08:15:00,62982.06,63065.4,62833.21,62964.15,5.192094
2024-10-09 08:30:00,62964.15,63065.4,62833.2,62901.93,6.584988
2024-10-09 08:45:00,62901.93,63065.4,62833.2,63002.3,8.241231
2024-10-09 09:00:00,63002.3,63065.4,62833.4,62994.54,7.379627
2024-10-09 09:15:00,62994.54,63065.4,62833.2,62970.0,0.106861
2024-10-09 09:30:00,62970.0,63065.4,62833.2,62977.31,0.029089
2024-10-09 09:45:00,62977.31,63065.4,62833.2,62976.3,0.165471
2024-10-09 10:00:00,62976.3,63065.4,62833.2,62911.16,2.01284
2024-10-09 10:15:00,62911.16,63065.4,62833.2,62970.72,0.054673
2024-10-09 10:30:00,62970.72,63065.4,62833.2,62958.42,0.141982
2024-10-09 10:45:00,62958.42,63065.4,62958.42,63065.4,0.021394
2024-10-09 11:00:00,63065.4,63065.4,62833.2,62879.62,0.029564
2024-10-09 11:15:00,62879.62,63065.3,62833.2,62898.81,0.01528
2024-10-09 11:30:00,62898.81,63065.3,62833.2,62892.43,0.012789
2024-10-09 11:45:00,62892.43,63065.3,62837.57,62899.25,0.063516
2024-10-09 12:00:00,62899.25,63065.3,62880.63,62903.69,0.017518
2024-10-09 12:15:00,62903.69,63065.1,62833.2,62900.2,0.031282
2024-10-09 12:30:00,62900.2,63065.1,62846.66,62881.99,0.023986
2024-10-09 12:45:00,62881.99,63065.3,62838.43,62905.26,0.01195
2024-10-09 13:00:00,62905.26,63065.3,62881.71,63065.3,0.00845
2024-10-09 13:15:00,63065.3,63065.3,62902.63,62932.27,0.00953
2024-10-09 13:30:00,62932.27,63065.3,62921.89,62969.91,0.011944
2024-10-09 13:45:00,62969.91,63065.3,62833.2,62989.21,0.017992
2024-10-09 14:00:00,62989.21,63065.3,62974.34,63065.3,0.00797
2024-10-09 14:15:00,63065.3,63065.3,62833.2,63008.83,0.441133
2024-10-09 14:30:00,63008.83,63065.3,62833.2,63010.37,0.083989
2024-10-09 14:45:00,63010.37,63065.3,62996.51,62999.7,0.066405
2024-10-09 15:00:00,62999.7,63065.3,62833.2,62833.2,0.182083
2024-10-09 15:15:00,62833.2,63065.4,62833.2,62833.21,0.03345
2024-10-09 15:30:00,62833.21,63065.4,62833.2,62833.21,0.154085
2024-10-09 15:45:00,62833.21,63065.4,62833.21,63065.4,0.32464
2024-10-09 16:00:00,63065.4,63065.4,62833.2,62833.21,1.305327
2024-10-09 16:15:00,62833.21,63065.4,62833.2,62833.3,0.079518
2024-10-09 16:30:00,62833.3,63065.4,62833.2,62833.21,0.018633
2024-10-09 16:45:00,62833.21,63065.4,62833.2,62833.21,0.378571
2024-10-09 17:00:00,62833.21,63065.4,62833.2,63065.4,0.95551
2024-10-09 17:15:00,63065.4,63065.4,62833.2,63018.96,1.058329
2024-10-09 17:30:00,63018.96,63065.4,62833.2,63005.02,0.211421
2024-10-09 17:45:00,63005.02,63065.4,62833.2,63050.45,0.535784
2024-10-09 18:00:00,63050.45,63065.4,62833.2,62923.43,0.360031
2024-10-09 18:15:00,62923.43,63065.4,62833.2,63065.4,0.186806
2024-10-09 18:30:00,63065.4,63076.8,62833.2,62926.09,1.238248
2024-10-09 18:45:00,62926.09,63076.8,62833.2,62889.4,2.31476
2024-10-09 19:00:00,62889.4,63065.4,62742.38,62759.72,28.640233
2024-10-09 19:15:00,62759.72,62820.14,62601.0,62622.37,15.401373
2024-10-09 19:30:00,62622.37,62820.14,62601.0,62655.73,0.034973
2024-10-09 19:45:00,62655.73,62833.2,61942.63,62156.21,154.796738
2024-10-09 20:00:00,62156.21,62156.21,62127.04,62128.12,0.028641
2024-10-09 20:15:00,62128.12,62368.8,62128.12,62160.89,0.027182
2024-10-09 20:30:00,62160.89,62368.8,62160.89,62316.52,0.06238
2024-10-09 20:45:00,62316.52,62368.8,62060.22,62191.18,0.153781
2024-10-09 21:00:00,62191.18,62368.8,62082.72,62368.8,0.294566
2024-10-09 21:15:00,62368.8,62368.8,62127.04,62346.09,0.477935
2024-10-09 21:30:00,62346.09,62368.8,61942.63,62364.3,0.629527
2024-10-09 21:45:00,62364.3,62368.8,62331.99,62355.92,0.036931
2024-10-09 22:00:00,62355.92,62368.8,62060.22,62216.21,0.166124
2024-10-09 22:15:00,62216.21,62368.8,62156.68,62238.9,0.122539
2024-10-09 22:30:00,62238.9,62368.8,62238.9,62364.69,0.231164
2024-10-09 22:45:00,62364.69,62368.8,62276.3,62320.24,0.108282
2024-10-09 23:00:00,62320.24,62368.8,62162.11,62252.81,0.184909
2024-10-09 23:15:00,62252.81,62368.8,62252.81,62291.54,0.274209
2024-10-09 23:30:00,62291.54,62368.8,62288.91,62368.8,0.488019
2024-10-09 23:45:00,62368.8,62368.8,62174.11,62361.42,0.214398
2024-10-10 00:00:00,62361.42,62368.8,62184.0,62368.8,0.437598
2024-10-10 00:15:00,62368.8,62368.8,62073.9,62149.5,0.337034
2024-10-10 00:30:00,62149.5,62368.8,61942.63,62223.6,1.188004
2024-10-10 00:45:00,62223.6,62368.8,62150.82,62176.34,0.035701
2024-10-10 01:00:00,62176.34,62368.8,62127.04,62181.64,0.061242
2024-10-10 01:15:00,62181.64,62339.8,62181.64,62294.65,0.034387
2024-10-10 01:30:00,62294.65,62339.8,62208.43,62319.79,0.012248
2024-10-10 01:45:00,62319.79,62339.8,61942.63,62162.0,1.0188
2024-10-10 02:00:00,62162.0,62200.0,62106.63,62107.17,0.008018
2024-10-10 02:15:00,62107.17,62200.0,62107.17,62121.5,0.00986
2024-10-10 02:30:00,62121.5,62200.0,62121.5,62177.69,0.00902
2024-10-10 02:45:00,62177.69,62200.0,62127.86,62135.01,0.007204
2024-10-10 03:00:00,62135.01,62339.8,62060.22,62145.44,0.227234
2024-10-10 03:15:00,62145.44,62302.64,62060.22,62156.67,0.093717
2024-10-10 03:30:00,62156.67,62286.12,62096.41,62118.25,0.010073
2024-10-10 03:45:00,62118.25,62310.03,62118.25,62191.36,0.006788
2024-10-10 04:00:00,62191.36,62368.8,61530.15,61800.0,106.169513
2024-10-10 04:15:00,61800.0,61800.0,61682.28,61699.64,0.012271
2024-10-10 04:30:00,61699.64,61700.01,61699.55,61699.64,0.007462
2024-10-10 04:45:00,61699.64,61700.01,61699.59,61699.61,0.007172
2024-10-10 05:00:00,61699.61,61817.8,61530.15,61802.12,0.039035
2024-10-10 05:15:00,61802.12,61817.8,61793.85,61804.22,0.008103
2024-10-10 05:30:00,61804.22,61817.8,61792.35,61806.46,0.006953
2024-10-10 05:45:00,61806.46,61817.8,61530.15,61803.03,0.090509
2024-10-10 06:00:00,61803.03,61817.8,61800.85,61803.29,0.007481
2024-10-10 06:15:00,61803.29,61817.8,61780.11,61780.11,0.007346
2024-10-10 06:30:00,61780.11,61817.8,61600.0,61729.61,0.020949
2024-10-10 06:45:00,61729.61,61766.48,61613.79,61618.41,0.009463
2024-10-10 07:00:00,61618.41,61904.4,61530.15,61759.66,1.315839
2024-10-10 07:15:00,61759.66,61900.0,61724.35,61770.22,0.016541
2024-10-10 07:30:00,61770.22,61904.4,61530.15,61800.0,24.345202
2024-10-10 07:45:00,61800.0,61904.4,61530.15,61904.4,3.577605
2024-10-10 08:00:00,61904.4,61904.4,61530.15,61775.28,1.800128
2024-10-10 08:15:00,61775.28,61904.4,61530.15,61800.0,6.488153
2024-10-10 08:30:00,61800.0,61817.8,61530.15,61755.98,0.064935
2024-10-10 08:45:00,61755.98,61817.8,61530.15,61790.0,0.032148
2024-10-10 09:00:00,61790.0,61904.4,61732.71,61904.4,0.325016
2024-10-10 09:15:00,61904.4,61904.4,61530.15,61800.0,0.920811
2024-10-10 09:30:00,61800.0,61817.8,61738.2,61817.8,0.001751
2024-10-10 09:45:00,61817.8,61817.8,61530.15,61800.0,0.277705
2024-10-10 10:00:00,61800.0,61800.0,61530.15,61800.0,0.015096
2024-10-10 10:15:00,61800.0,61800.0,61530.15,61530.15,0.057289
2024-10-10 10:30:00,61530.15,61817.8,61530.15,61755.98,0.008352
2024-10-10 10:45:00,61755.98,61817.8,61755.98,61817.8,0.000274
2024-10-10 11:00:00,61817.8,61817.8,61530.15,61800.0,3.396606
2024-10-10 11:15:00,61800.0,63529.8,61800.0,63272.32,650.229919
2024-10-10 11:30:00,63272.32,63529.8,63200.0,63200.0,0.156282
2024-10-10 11:45:00,63200.0,63411.01,63200.0,63411.0,0.000529
2024-10-10 12:00:00,63411.0,63529.8,63272.32,63272.32,0.201339
2024-10-10 12:15:00,63272.32,63529.8,63065.4,63400.0,1.059759
2024-10-10 12:30:00,63400.0,63427.27,63364.3,63427.27,0.036675
2024-10-10 12:45:00,63427.27,63529.8,63272.32,63514.74,0.237545
2024-10-10 13:00:00,63514.74,63529.8,63100.0,63291.49,0.208934
2024-10-10 13:15:00,63291.49,63291.49,63290.0,63291.0,0.000307
2024-10-10 13:30:00,63291.0,63291.0,63291.0,63291.0,9e-05
2024-10-10 13:45:00,63291.0,63529.8,63065.4,63529.8,1.297675
2024-10-10 14:00:00,63529.8,63529.8,63065.4,63514.74,0.410217
2024-10-10 14:15:00,63514.74,63529.8,63514.74,63529.8,0.293587
2024-10-10 14:30:00,63529.8,63529.8,63065.4,63356.52,4.00015
2024-10-10 14:45:00,63356.52,63529.8,61440.0,61440.0,591.275576
2024-10-10 15:00:00,61440.0,61690.98,61440.0,61440.0,0.095096
2024-10-10 15:15:00,61440.0,61701.52,61440.0,61701.52,0.029848
2024-10-10 15:30:00,61701.52,61701.52,61469.67,61578.18,0.006931
2024-10-10 15:45:00,61578.18,61763.22,61516.6,61578.18,0.018866
2024-10-10 16:00:00,61578.18,61763.22,61516.6,61701.46,0.004712
2024-10-10 16:15:00,61701.46,61813.44,61500.0,61500.0,0.049886
2024-10-10 16:30:00,61500.0,61800.0,61500.0,61761.63,0.003353
2024-10-10 16:45:00,61761.63,61801.0,61600.0,61800.0,0.006064
2024-10-10 17:00:00,61800.0,61800.0,61728.97,61728.97,0.007304
2024-10-10 17:15:00,61728.97,61729.97,61500.0,61729.97,0.017399
2024-10-10 17:30:00,61729.97,61729.97,61440.0,61569.67,0.139794
2024-10-10 17:45:00,61569.67,61569.67,61550.52,61569.67,0.020975
2024-10-10 18:00:00,61569.67,61569.67,61569.67,61569.67,9.6e-05
2024-10-10 18:15:00,61569.67,61690.98,61569.67,61690.98,0.002157
2024-10-10 18:30:00,61690.98,61690.98,61649.67,61690.98,0.003396
2024-10-10 18:45:00,61690.98,61690.98,61550.52,61563.52,0.071741
2024-10-10 19:00:00,61563.52,61600.52,61550.52,61600.52,0.010096
2024-10-10 19:15:00,61600.52,61690.98,61600.52,61690.98,0.001912
2024-10-10 19:30:00,61690.98,61690.98,61690.98,61690.98,9.6e-05
2024-10-10 19:45:00,61690.98,61701.52,61690.98,61701.52,0.003304
2024-10-10 20:00:00,61701.52,64690.8,61701.52,64458.6,1369.022302
2024-10-10 20:15:00,64458.6,64624.05,59034.65,59318.07,2437.226998
2024-10-10 20:30:00,59318.07,59318.07,59258.75,59258.75,0.000666
2024-10-10 20:45:00,59258.75,59350.2,59258.75,59290.85,0.002716
2024-10-10 21:00:00,59290.85,59350.2,59290.85,59350.2,9.6e-05
2024-10-10 21:15:00,59350.2,59350.2,59290.85,59350.2,0.000328
2024-10-10 21:30:00,59350.2,59350.2,59290.85,59350.2,0.002056
2024-10-10 21:45:00,59350.2,59350.2,59350.2,59350.2,0.026972
2024-10-10 22:00:00,59350.2,59350.2,59034.65,59084.65,0.026976
2024-10-10 22:15:00,59084.65,59084.65,59034.65,59084.65,0.01514
2024-10-10 22:30:00,59084.65,59134.65,59084.65,59134.65,0.001788
2024-10-10 22:45:00,59134.65,59134.65,59134.65,59134.65,6.4e-05
2024-10-10 23:00:00,59134.65,59134.65,59134.65,59134.65,0.000924
2024-10-10 23:15:00,59134.65,59135.65,59134.65,59135.65,0.000128
2024-10-10 23:30:00,59135.65,59135.65,59135.65,59135.65,9.6e-05
2024-10-10 23:45:00,59135.65,59135.65,59135.65,59135.65,0.000502
2024-10-11 00:00:00,59135.65,59135.65,59135.65,59135.65,9.6e-05
2024-10-11 00:15:00,59135.65,59135.65,59135.65,59135.65,0.000128
2024-10-11 00:30:00,59135.65,59236.65,59134.65,59236.65,0.001396
2024-10-11 00:45:00,59236.65,59256.57,59236.65,59256.57,0.000652
2024-10-11 01:00:00,59256.57,59350.2,59236.65,59350.2,0.026131
2024-10-11 01:15:00,59350.2,59350.2,59350.2,59350.2,0.000128
2024-10-11 01:30:00,59350.2,59350.2,59350.2,59350.2,9.6e-05
2024-10-11 01:45:00,59350.2,59350.2,59298.29,59298.29,0.004548
2024-10-11 02:00:00,59298.29,59350.2,59294.09,59350.2,0.002456
2024-10-11 02:15:00,59350.2,59350.2,59350.2,59350.2,0.000128
2024-10-11 02:30:00,59350.2,59350.2,59350.2,59350.2,9.6e-05
2024-10-11 02:45:00,59350.2,59350.2,59350.2,59350.2,6.4e-05
2024-10-11 03:00:00,59350.2,59350.2,59350.2,59350.2,0.010432
2024-10-11 03:15:00,59350.2,59350.2,59350.2,59350.2,0.000128
2024-10-11 03:30:00,59350.2,59350.2,59290.85,59350.2,0.001648
2024-10-11 03:45:00,59350.2,59350.2,59350.2,59350.2,0.000533
2024-10-11 04:00:00,59350.2,59350.2,59290.85,59350.2,1.000649
2024-10-11 04:15:00,59350.2,59350.2,59350.2,59350.2,0.000128
2024-10-11 04:30:00,59350.2,59350.2,59350.2,59350.2,9.6e-05
2024-10-11 04:45:00,59350.2,59350.2,59350.2,59350.2,0.000124
2024-10-11 05:00:00,59350.2,59350.2,59350.2,59350.2,9.6e-05
2024-10-11 05:15:00,59350.2,59350.2,59236.65,59322.8,0.003024
2024-10-11 05:30:00,59322.8,59350.2,59306.9,59350.2,0.400196
2024-10-11 05:45:00,59350.2,59350.2,59350.2,59350.2,8e-05
2024-10-11 06:00:00,59350.2,59350.2,59350.2,59350.2,2.163028
2024-10-11 06:15:00,59350.2,59350.2,59290.85,59350.2,0.015867
2024-10-11 06:30:00,59350.2,59350.2,59289.85,59350.2,1.002103
2024-10-11 06:45:00,59350.2,59350.2,59350.2,59350.2,8e-05
2024-10-11 07:00:00,59350.2,59350.2,59350.2,59350.2,9.6e-05
2024-10-11 07:15:00,59350.2,59350.2,59350.2,59350.2,0.045871
2024-10-11 07:30:00,59350.2,59350.2,59293.06,59310.13,0.363607
2024-10-11 07:45:00,59310.13,59350.2,59290.89,59290.9,0.825467
2024-10-11 08:00:00,59290.9,59350.2,59290.9,59350.2,0.000129
2024-10-11 08:15:00,59350.2,59350.2,59290.9,59290.9,0.421338
2024-10-11 08:30:00,59290.9,59350.2,59290.9,59350.2,0.127893
2024-10-11 08:45:00,59350.2,59350.2,59350.2,59350.2,6.4e-05
2024-10-11 09:00:00,59350.2,59350.2,59344.26,59350.2,0.006566
2024-10-11 09:15:00,59350.2,59350.2,59134.65,59350.2,0.196417
2024-10-11 09:30:00,59350.2,59350.2,59090.8,59346.08,0.017862
2024-10-11 09:45:00,59346.08,59414.71,59346.08,59414.71,39.20328
2024-10-11 10:00:00,59414.71,59511.8,59414.71,59510.42,32.23385
2024-10-11 10:15:00,59510.42,59531.04,59510.42,59531.04,0.00437
2024-10-11 10:30:00,59531.04,59546.34,59531.04,59546.34,0.005617
2024-10-11 10:45:00,59546.34,59546.34,59546.34,59546.34,0.000282
2024-10-11 11:00:00,59546.34,59546.34,59546.34,59546.34,0.000263
2024-10-11 11:15:00,59546.34,59546.34,59546.34,59546.34,0.000144
2024-10-11 11:30:00,59546.34,59546.34,59546.34,59546.34,0.000145
2024-10-11 11:45:00,59546.34,59546.34,59546.34,59546.34,6.4e-05
2024-10-11 12:00:00,59546.34,59583.55,59546.34,59583.55,19.536027
2024-10-11 12:15:00,59583.55,59604.74,59582.29,59590.73,0.039296
2024-10-11 12:30:00,59590.73,59783.58,59590.73,59776.57,33.314536
2024-10-11 12:45:00,59776.57,59786.68,59774.33,59782.08,0.024756
2024-10-11 13:00:00,59782.08,59786.68,59782.08,59786.68,0.01394
2024-10-11 13:15:00,59786.68,59786.68,59783.07,59784.19,0.018744
2024-10-11 13:30:00,59784.19,60030.8,59783.79,60025.49,134.084326
2024-10-11 13:45:00,60025.49,60140.49,60025.16,60104.86,43.723289
2024-10-11 14:00:00,60104.86,60216.4,60102.24,60216.4,26.039088
2024-10-11 14:15:00,60216.4,60278.99,60215.4,60277.15,0.048272
2024-10-11 14:30:00,60277.15,60278.98,60276.67,60276.82,0.048481
2024-10-11 14:45:00,60276.82,60279.0,60276.62,60278.2,0.092639
2024-10-11 15:00:00,60278.2,60474.61,60272.23,60459.29,45.5982
2024-10-11 15:15:00,60459.29,62368.8,60363.28,62244.1,899.482593
2024-10-11 15:30:00,62244.1,62368.8,62136.6,62279.83,0.738324
2024-10-11 15:45:00,62279.83,62730.82,61111.88,61208.68,1486.67335
2024-10-11 16:00:00,61208.68,61362.06,61181.21,61181.21,0.059111
2024-10-11 16:15:00,61181.21,61440.0,61111.88,61289.17,0.628614
2024-10-11 16:30:00,61289.17,61319.48,61215.49,61313.43,0.042119
2024-10-11 16:45:00,61313.43,61319.48,61207.8,61311.88,0.019795
2024-10-11 17:00:00,61311.88,61363.5,61311.88,61338.09,0.021818
2024-10-11 17:15:00,61338.09,61363.5,61320.67,61335.53,0.035091
2024-10-11 17:30:00,61335.53,61419.48,61335.53,61388.04,0.027077
2024-10-11 17:45:00,61388.04,61440.0,61136.35,61247.57,0.051296
2024-10-11 18:00:00,61247.57,61428.0,61111.88,61395.22,0.052647
2024-10-11 18:15:00,61395.22,61423.89,61307.0,61420.07,0.019066
2024-10-11 18:30:00,61420.07,61423.89,61294.9,61369.55,0.041148
2024-10-11 18:45:00,61369.55,63065.4,61172.05,62921.35,3162.186349
2024-10-11 19:00:00,62921.35,63065.4,62601.0,62787.48,3.407854
2024-10-11 19:15:00,62787.48,63994.2,62601.0,63200.0,702.423494
2024-10-11 19:30:00,63200.0,63401.0,63100.0,63200.0,0.423061
2024-10-11 19:45:00,63200.0,63403.6,63077.1,63272.32,0.416306
2024-10-11 20:00:00,63272.32,63403.6,63077.1,63400.0,0.428261
2024-10-11 20:15:00,63400.0,63477.2,63077.1,63403.6,0.435522
2024-10-11 20:30:00,63403.6,63403.6,63077.1,63356.52,0.416333
2024-10-11 20:45:00,63356.52,63403.6,63077.1,63142.24,0.433896
2024-10-11 21:00:00,63142.24,63401.0,63077.1,63400.0,0.431664
2024-10-11 21:15:00,63400.0,63403.6,63077.1,63349.18,0.410056
2024-10-11 21:30:00,63349.18,63477.2,63100.0,63400.0,0.431293
2024-10-11 21:45:00,63400.0,63514.74,63100.0,63400.0,0.464693
2024-10-11 22:00:00,63400.0,63514.74,63077.1,63400.0,0.46641
2024-10-11 22:15:00,63400.0,63403.6,63077.1,63200.0,0.441134
2024-10-11 22:30:00,63200.0,63514.74,63114.89,63403.6,0.446048
2024-10-11 22:45:00,63403.6,63514.74,63114.89,63400.0,0.448229
2024-10-11 23:00:00,63400.0,63403.6,63100.0,63403.6,0.42029
2024-10-11 23:15:00,63403.6,63477.2,63077.1,63077.1,0.420427
2024-10-11 23:30:00,63077.1,63399.99,63077.1,63356.52,0.415253
2024-10-11 23:45:00,63356.52,63403.6,63077.1,63200.0,0.429718
2024-10-12 00:00:00,63200.0,63477.2,63077.1,63477.2,0.435957
2024-10-12 00:15:00,63477.2,63514.74,63100.0,63400.0,0.447907
2024-10-12 00:30:00,63400.0,63514.74,63100.0,63403.6,0.470068
2024-10-12 00:45:00,63403.6,63529.8,63140.06,63514.74,0.446757
2024-10-12 01:00:00,63514.74,63514.74,63190.84,63461.46,0.43604
2024-10-12 01:15:00,63461.46,63514.74,63190.84,63400.0,0.431599
2024-10-12 01:30:00,63400.0,63514.74,63114.89,63349.31,0.426449
2024-10-12 01:45:00,63349.31,63514.74,63077.1,63077.1,0.695509
2024-10-12 02:00:00,63077.1,63403.6,63077.1,63325.43,3.438596
2024-10-12 02:15:00,63325.43,63529.8,63100.0,63200.0,1.686815
2024-10-12 02:30:00,63200.0,63514.74,63190.84,63200.0,0.429173
2024-10-12 02:45:00,63200.0,63529.8,63077.1,63241.7,1.059556
2024-10-12 03:00:00,63241.7,63514.74,63100.0,63200.0,0.420026
2024-10-12 03:15:00,63200.0,63477.2,63077.1,63190.84,0.444701
2024-10-12 03:30:00,63190.84,63477.2,63077.1,63403.6,0.466622
2024-10-12 03:45:00,63403.6,63403.6,63077.1,63244.96,0.427552
2024-10-12 04:00:00,63244.96,63477.2,63077.1,63200.0,0.449944
2024-10-12 04:15:00,63200.0,63514.74,63077.1,63200.0,0.456501
2024-10-12 04:30:00,63200.0,63403.6,63100.0,63142.24,0.427645
2024-10-12 04:45:00,63142.24,63477.2,63077.1,63356.52,0.423875
2024-10-12 05:00:00,63356.52,63514.74,63077.1,63200.0,0.452676
2024-10-12 05:15:00,63200.0,63514.74,63077.1,63200.0,0.454394
2024-10-12 05:30:00,63200.0,63409.85,63077.1,63400.0,0.449038
2024-10-12 05:45:00,63400.0,63477.2,63100.0,63400.0,0.433752
2024-10-12 06:00:00,63400.0,63514.74,63190.84,63400.0,0.410272
2024-10-12 06:15:00,63400.0,64690.8,63190.84,64263.2,319.568849
2024-10-12 06:30:00,64263.2,64467.4,64226.4,64226.4,0.843578
2024-10-12 06:45:00,64226.4,64484.42,64226.4,64351.19,3.519725
2024-10-12 07:00:00,64351.19,64484.42,64226.4,64226.4,3.464908
2024-10-12 07:15:00,64226.4,64690.8,64226.4,64467.4,0.771624
2024-10-12 07:30:00,64467.4,64484.42,64226.4,64467.39,0.472986
2024-10-12 07:45:00,64467.39,64484.42,64226.4,64254.64,0.429794
2024-10-12 08:00:00,64254.64,64545.28,64226.4,64467.4,1.429467
2024-10-12 08:15:00,64467.4,64484.42,64226.4,64484.42,0.434475
2024-10-12 08:30:00,64484.42,64690.8,64226.4,64368.18,0.80679
2024-10-12 08:45:00,64368.18,64484.52,64226.4,64484.42,0.616029
2024-10-12 09:00:00,64484.42,64548.3,64226.4,64254.64,0.421366
2024-10-12 09:15:00,64254.64,64600.0,64226.4,64467.4,0.625047
2024-10-12 09:30:00,64467.4,64690.8,64226.4,64428.92,0.6633
2024-10-12 09:45:00,64428.92,64680.16,64226.4,64226.41,0.559949
2024-10-12 10:00:00,64226.41,64484.42,64226.4,64484.42,0.434852
2024-10-12 10:15:00,64484.42,64967.97,64108.4,64967.97,215.731487
2024-10-12 10:30:00,64967.97,65655.35,64690.8,65387.4,482.25892
2024-10-12 10:45:00,65387.4,65655.35,65387.4,65387.4,0.436167
2024-10-12 11:00:00,65387.4,65655.35,65387.4,65387.4,0.419744
2024-10-12 11:15:00,65387.4,65851.8,65155.2,65625.69,235.509706
2024-10-12 11:30:00,65625.69,65851.8,65449.56,65449.56,0.61545
2024-10-12 11:45:00,65449.56,65851.8,63714.05,65381.12,1482.050588
2024-10-12 12:00:00,65381.12,65655.35,62751.57,62853.09,3669.64877
2024-10-12 12:15:00,62853.09,64500.0,61440.0,61818.04,1802.190977
2024-10-12 12:30:00,61818.04,61904.4,61575.38,61590.77,0.452624
2024-10-12 12:45:00,61590.77,61900.0,61488.76,61493.77,0.440461
2024-10-12 13:00:00,61493.77,61800.0,61440.0,61701.52,1.226648
2024-10-12 13:15:00,61701.52,61817.8,61440.0,61472.2,2.630865
2024-10-12 13:30:00,61472.2,61672.2,61440.0,61444.1,1.202658
2024-10-12 13:45:00,61444.1,61672.2,61440.0,61450.0,2.160116
2024-10-12 14:00:00,61450.0,61672.2,61440.0,61672.2,2.135132
2024-10-12 14:15:00,61672.2,61672.2,61440.0,61672.2,3.89067
2024-10-12 14:30:00,61672.2,65446.23,61440.0,64680.16,1473.823423
2024-10-12 14:45:00,64680.16,65477.0,62833.2,65388.9,1651.40031
2024-10-12 15:00:00,65388.9,65601.25,63529.8,64226.4,1637.478653
2024-10-12 15:15:00,64226.4,65155.2,63762.0,63829.12,532.416599
2024-10-12 15:30:00,63829.12,65485.47,63249.13,65100.0,2822.949609
2024-10-12 15:45:00,65100.0,65100.0,63999.58,64125.39,245.33668
2024-10-12 16:00:00,64125.39,64458.6,63592.75,63800.0,132.737085
2024-10-12 16:15:00,63800.0,63994.2,63249.13,63514.74,162.549156
2024-10-12 16:30:00,63514.74,65769.1,63065.4,64736.84,10137.050694
2024-10-12 16:45:00,64736.84,66000.0,58769.18,61428.0,13526.188915
2024-10-12 17:00:00,61428.0,61440.0,61095.02,61371.58,0.421009
2024-10-12 17:15:00,61371.58,61548.0,61090.54,61488.76,44.115749
2024-10-12 17:30:00,61488.76,61575.38,61207.8,61243.68,0.416147
2024-10-12 17:45:00,61243.68,61600.0,61207.8,61600.0,0.581948
2024-10-12 18:00:00,61600.0,61635.38,61213.72,61488.76,0.45595
2024-10-12 18:15:00,61488.76,61635.38,61207.8,61599.99,0.442654
2024-10-12 18:30:00,61599.99,61665.65,61332.96,61332.99,0.448843
2024-10-12 18:45:00,61332.99,61665.64,61276.0,61332.98,0.431126
2024-10-12 19:00:00,61332.98,61665.65,61300.0,61575.38,0.49592
2024-10-12 19:15:00,61575.38,61600.0,61207.8,61412.75,0.4945
2024-10-12 19:30:00,61412.75,61642.28,61300.0,61370.16,0.509246
2024-10-12 19:45:00,61370.16,61672.2,61300.0,61642.25,0.550089
2024-10-12 20:00:00,61642.25,61642.25,61353.58,61425.48,0.150834
2024-10-12 20:15:00,61425.48,61590.73,61406.03,61461.39,0.099728
2024-10-12 20:30:00,61461.39,61590.67,61436.46,61533.4,0.050132
2024-10-12 20:45:00,61533.4,61590.64,61533.4,61557.95,0.040473
2024-10-12 21:00:00,61557.95,61590.56,61557.56,61562.06,0.014896
2024-10-12 21:15:00,61562.06,61590.52,61559.96,61563.27,0.020453
2024-10-12 21:30:00,61563.27,61573.24,61556.21,61562.11,0.027139
2024-10-12 21:45:00,61562.11,61642.28,61562.05,61615.67,0.04903
2024-10-12 22:00:00,61615.67,61617.99,61369.21,61484.76,0.054051
2024-10-12 22:15:00,61484.76,61575.38,61332.96,61550.16,0.03994
2024-10-12 22:30:00,61550.16,61575.38,61535.95,61542.36,0.010298
2024-10-12 22:45:00,61542.36,61575.38,61534.44,61540.52,0.024497
2024-10-12 23:00:00,61540.52,61672.2,61207.8,61564.76,0.474831
2024-10-12 23:15:00,61564.76,61672.2,61332.96,61638.07,0.068092
2024-10-12 23:30:00,61638.07,61672.2,61636.28,61637.86,0.020413
2024-10-12 23:45:00,61637.86,61671.2,61630.02,61630.02,0.013475
2024-10-13 00:00:00,61630.02,61670.2,61626.91,61632.5,0.013944
2024-10-13 00:15:00,61632.5,61669.2,61625.92,61636.16,0.020977
2024-10-13 00:30:00,61636.16,61668.2,61611.62,61643.91,0.012299
2024-10-13 00:45:00,61643.91,61672.2,61640.47,61652.66,0.036353
2024-10-13 01:00:00,61652.66,61672.2,61637.16,61663.33,0.021343
2024-10-13 01:15:00,61663.33,61672.2,61637.16,61665.19,0.022104
2024-10-13 01:30:00,61665.19,61672.2,61662.47,61663.11,0.03637
2024-10-13 01:45:00,61663.11,61672.2,61662.54,61663.03,0.012769
2024-10-13 02:00:00,61663.03,61672.2,61662.2,61663.16,0.021453
2024-10-13 02:15:00,61663.16,61672.2,61662.12,61664.7,0.045451
2024-10-13 02:30:00,61664.7,61672.2,61662.29,61662.37,0.033596
2024-10-13 02:45:00,61662.37,61672.2,61661.84,61664.99,0.051299
2024-10-13 03:00:00,61664.99,61672.2,61207.8,61485.39,0.520188
2024-10-13 03:15:00,61485.39,61488.76,61415.88,61456.93,0.072338
2024-10-13 03:30:00,61456.93,61488.76,61395.47,61463.95,0.097408
2024-10-13 03:45:00,61463.95,61488.76,61414.88,61460.4,0.10749
2024-10-13 04:00:00,61460.4,61672.2,61207.8,61560.25,1.393196
2024-10-13 04:15:00,61560.25,61672.2,61332.96,61511.53,0.123647
2024-10-13 04:30:00,61511.53,61597.37,61415.15,61482.24,0.060241
2024-10-13 04:45:00,61482.24,61672.2,61420.76,61481.4,1.140022
2024-10-13 05:00:00,61481.4,61672.2,61476.84,61586.29,0.131115
2024-10-13 05:15:00,61586.29,61672.2,61555.59,61564.21,0.129513
2024-10-13 05:30:00,61564.21,61672.2,61476.84,61511.02,0.047447
2024-10-13 05:45:00,61511.02,61672.2,61511.02,61558.99,0.020073
2024-10-13 06:00:00,61558.99,61672.2,61457.37,61515.61,0.020006
2024-10-13 06:15:00,61515.61,61672.2,61441.96,61503.76,0.008957
2024-10-13 06:30:00,61503.76,61672.2,61428.0,61618.04,0.013108
2024-10-13 06:45:00,61618.04,61672.2,61537.25,61632.68,0.030623
2024-10-13 07:00:00,61632.68,61672.2,61610.53,61653.3,0.011321
2024-10-13 07:15:00,61653.3,61672.2,61592.3,61638.21,0.014394
2024-10-13 07:30:00,61638.21,61672.2,61332.96,61579.39,0.097098
2024-10-13 07:45:00,61579.39,61672.2,61332.96,61527.58,0.042904
2024-10-13 08:00:00,61527.58,61590.77,61472.48,61531.56,0.016094
2024-10-13 08:15:00,61531.56,62045.8,60511.2,61044.44,546.674355
2024-10-13 08:30:00,61044.44,61173.22,60848.12,61146.11,0.128529
2024-10-13 08:45:00,61146.11,61173.22,61141.53,61147.61,0.01756
2024-10-13 09:00:00,61147.61,61173.22,61145.66,61163.37,0.017822
2024-10-13 09:15:00,61163.37,61173.22,61161.94,61168.01,0.015707
2024-10-13 09:30:00,61168.01,61178.29,61113.22,61178.29,0.002188
2024-10-13 09:45:00,61178.29,61178.29,61178.29,61178.29,0.000309
2024-10-13 10:00:00,61178.29,61188.31,61178.29,61188.31,9.6e-05
2024-10-13 10:15:00,61188.31,61904.4,60850.48,61904.4,200.004767
2024-10-13 10:30:00,61904.4,61904.4,61575.38,61635.38,0.06744
2024-10-13 10:45:00,61635.38,61904.4,61575.38,61635.38,0.06401
2024-10-13 11:00:00,61635.38,61904.4,61575.38,61904.4,0.101691
2024-10-13 11:15:00,61904.4,61904.4,61904.4,61904.4,0.000144
2024-10-13 11:30:00,61904.4,61904.4,61637.3,61903.4,0.153606
2024-10-13 11:45:00,61903.4,61903.4,61661.6,61901.4,0.054677
2024-10-13 12:00:00,61901.4,61904.4,61600.0,61904.4,0.265688
2024-10-13 12:15:00,61904.4,61904.4,61686.2,61904.4,0.103228
2024-10-13 12:30:00,61904.4,61904.4,61600.0,61700.0,0.198316
2024-10-13 12:45:00,61700.0,61904.4,61600.0,61600.0,0.136286
2024-10-13 13:00:00,61600.0,61900.0,61600.0,61899.0,0.003523
2024-10-13 13:15:00,61899.0,61899.0,61674.9,61674.9,0.095454
2024-10-13 13:30:00,61674.9,61700.0,61575.38,61575.38,0.137239
2024-10-13 13:45:00,61575.38,61600.0,61575.38,61600.0,0.000242
2024-10-13 14:00:00,61600.0,61900.0,61575.38,61900.0,0.064687
2024-10-13 14:15:00,61900.0,61900.0,59467.55,60975.6,1704.573058
2024-10-13 14:30:00,60975.6,60975.6,60605.7,60642.84,0.304618
2024-10-13 14:45:00,60642.84,60975.6,60605.7,60975.6,0.241195
2024-10-13 15:00:00,60975.6,60975.6,60975.6,60975.6,0.101206
2024-10-13 15:15:00,60975.6,60975.6,60975.6,60975.6,0.107308
2024-10-13 15:30:00,60975.6,60975.6,60638.4,60975.6,0.030024
2024-10-13 15:45:00,60975.6,60975.6,60605.7,60850.0,0.056371
2024-10-13 16:00:00,60850.0,60850.0,60850.0,60850.0,0.031214
2024-10-13 16:15:00,60850.0,60850.0,60850.0,60850.0,0.000828
2024-10-13 16:30:00,60850.0,60975.6,60850.0,60975.6,1.04355
2024-10-13 16:45:00,60975.6,60975.6,60681.69,60975.6,0.060069
2024-10-13 17:00:00,60975.6,61035.62,60800.0,61035.62,84.793784
2024-10-13 17:15:00,61035.62,61136.23,60850.48,61136.23,65.298206
2024-10-13 17:30:00,61136.23,61136.23,60800.0,61027.05,0.150161
2024-10-13 17:45:00,61027.05,61027.05,60743.4,60999.44,0.04016
2024-10-13 18:00:00,60999.44,60999.44,60999.44,60999.44,9.6e-05
2024-10-13 18:15:00,60999.44,61063.24,60999.44,61063.24,0.004615
2024-10-13 18:30:00,61063.24,61063.24,60785.16,60800.0,0.051292
2024-10-13 18:45:00,60800.0,60800.0,60785.16,60800.0,0.002943
2024-10-13 19:00:00,60800.0,60808.52,60799.0,60808.52,0.458441
2024-10-13 19:15:00,60808.52,61207.8,60743.4,61027.05,1.462564
2024-10-13 19:30:00,61027.05,61027.05,60800.0,61027.05,0.100192
2024-10-13 19:45:00,61027.05,61063.24,60785.16,61027.05,0.002822
2024-10-13 20:00:00,61027.05,61063.24,60785.16,60785.16,0.00289
2024-10-13 20:15:00,60785.16,61027.05,60785.16,61027.05,0.000128
2024-10-13 20:30:00,61027.05,61027.05,61027.05,61027.05,0.000112
2024-10-13 20:45:00,61027.05,61027.05,61027.05,61027.05,0.000227
2024-10-13 21:00:00,61027.05,61063.24,61027.05,61063.24,0.01003
2024-10-13 21:15:00,61063.24,61119.5,61063.24,61119.5,0.092479
2024-10-13 21:30:00,61119.5,61243.68,60950.36,61243.68,42.653195
2024-10-13 21:45:00,61243.68,61300.0,61059.95,61300.0,0.059865
2024-10-13 22:00:00,61300.0,61362.8,61000.0,61332.96,0.196873
2024-10-13 22:15:00,61332.96,61332.96,61332.96,61332.96,0.000128
2024-10-13 22:30:00,61332.96,61332.96,61332.96,61332.96,0.001726
2024-10-13 22:45:00,61332.96,61363.5,61090.54,61363.5,0.054084
2024-10-13 23:00:00,61363.5,61363.5,61090.54,61363.5,0.015162
2024-10-13 23:15:00,61363.5,61400.0,61363.5,61400.0,0.015128
2024-10-13 23:30:00,61400.0,61400.0,61400.0,61400.0,9.6e-05
2024-10-13 23:45:00,61400.0,61400.0,61136.23,61400.0,0.001382
2024-10-14 00:00:00,61400.0,61400.0,61400.0,61400.0,9.6e-05
2024-10-14 00:15:00,61400.0,61400.0,61400.0,61400.0,0.000128
2024-10-14 00:30:00,61400.0,61400.0,61200.0,61400.0,0.001396
2024-10-14 00:45:00,61400.0,61400.0,61400.0,61400.0,6.4e-05
2024-10-14 01:00:00,61400.0,61440.0,61213.72,61440.0,0.00873
2024-10-14 01:15:00,61440.0,61440.0,61440.0,61440.0,0.000128
2024-10-14 01:30:00,61440.0,61440.0,61213.72,61440.0,0.00016
2024-10-14 01:45:00,61440.0,61440.0,61440.0,61440.0,6.4e-05
2024-10-14 02:00:00,61440.0,61440.0,61440.0,61440.0,9.6e-05
2024-10-14 02:15:00,61440.0,61440.0,61440.0,61440.0,0.000128
2024-10-14 02:30:00,61440.0,61440.0,60743.4,60743.4,75.791619
2024-10-14 02:45:00,60743.4,60975.6,60743.4,60975.6,6.4e-05
2024-10-14 03:00:00,60975.6,60975.6,60917.55,60917.55,0.000815
2024-10-14 03:15:00,60917.55,61554.31,60917.55,61550.09,282.857115
2024-10-14 03:30:00,61550.09,63065.4,61207.8,63065.4,5998.09371
2024-10-14 03:45:00,63065.4,63999.99,62833.2,63785.08,6365.669176
2024-10-14 04:00:00,63785.08,64599.76,63065.4,63065.4,848.724686
2024-10-14 04:15:00,63065.4,64458.6,63065.4,63529.8,393.840807
2024-10-14 04:30:00,63529.8,63529.8,63272.32,63529.8,0.00839
2024-10-14 04:45:00,63529.8,63529.8,63529.8,63529.8,0.045633
2024-10-14 05:00:00,63529.8,63529.8,63272.32,63272.32,0.004876
2024-10-14 05:15:00,63272.32,63529.8,63272.32,63272.32,0.00044
2024-10-14 05:30:00,63272.32,63529.8,63272.32,63529.8,0.00025
2024-10-14 05:45:00,63529.8,63529.8,63272.32,63272.32,0.000395
2024-10-14 06:00:00,63272.32,63529.8,63065.4,63065.4,0.75041
2024-10-14 06:15:00,63065.4,63403.6,63065.4,63200.0,0.050218
2024-10-14 06:30:00,63200.0,63477.2,60187.5,62381.57,1886.068344
2024-10-14 06:45:00,62381.57,62413.76,62381.57,62413.76,0.023183
2024-10-14 07:00:00,62413.76,62413.76,62136.6,62368.8,27.680716
2024-10-14 07:15:00,62368.8,62368.8,62136.6,62368.8,1.032765
2024-10-14 07:30:00,62368.8,62568.67,62136.6,62568.67,143.466308
2024-10-14 07:45:00,62568.67,62929.07,62568.67,62929.07,114.44401
2024-10-14 08:00:00,62929.07,63994.2,62652.7,63994.2,759.515592
2024-10-14 08:15:00,63994.2,64967.97,62187.11,64458.6,1610.709602
2024-10-14 08:30:00,64458.6,67717.95,60171.21,60975.6,15325.680279
2024-10-14 08:45:00,60975.6,62828.34,60975.6,62828.34,703.041825
2024-10-14 09:00:00,62828.34,62828.34,59118.0,59118.0,3825.743663
2024-10-14 09:15:00,59118.0,62833.2,51223.2,62833.2,13124.986892
2024-10-14 09:30:00,62833.2,62942.53,62600.0,62942.53,45.037652
2024-10-14 09:45:00,62942.53,63065.85,62713.68,63065.85,44.447347
2024-10-14 10:00:00,63065.85,63100.0,63065.85,63100.0,44.94934
2024-10-14 10:15:00,63100.0,63214.34,63100.0,63214.34,0.050628
2024-10-14 10:30:00,63214.34,63249.13,63000.0,63200.0,0.05088
2024-10-14 10:45:00,63200.0,63249.13,62978.08,63249.13,0.315465
2024-10-14 11:00:00,63249.13,63249.13,62833.2,62833.2,20.065876
2024-10-14 11:15:00,62833.2,63249.13,62833.2,63249.13,0.110196
2024-10-14 11:30:00,63249.13,63398.2,63018.84,63398.2,215.2887
2024-10-14 11:45:00,63398.2,63432.3,63398.2,63432.3,0.60144
2024-10-14 12:00:00,63432.3,63592.75,63065.4,63297.6,132.016241
2024-10-14 12:15:00,63297.6,63900.7,63297.6,63900.7,140.021909
2024-10-14 12:30:00,63900.7,65601.25,53829.4,54545.4,13696.547398
2024-10-14 12:45:00,54545.4,63060.0,53279.75,63060.0,6020.414971
2024-10-14 13:00:00,63060.0,63065.4,62787.48,63065.4,0.154426
2024-10-14 13:15:00,63065.4,63190.84,62833.2,63190.84,88.9706
2024-10-14 13:30:00,63190.84,63249.13,62978.08,63200.0,0.040134
2024-10-14 13:45:00,63200.0,63502.73,63190.84,63502.73,229.119562
2024-10-14 14:00:00,63502.73,63762.0,63300.0,63762.0,156.32936
2024-10-14 14:15:00,63762.0,64270.73,63762.0,64270.73,155.00248
2024-10-14 14:30:00,64270.73,67202.3,53971.24,67202.3,12476.203273
2024-10-14 14:45:00,67202.3,68233.6,64624.05,66316.2,2317.877038
2024-10-14 15:00:00,66316.2,66316.2,65956.72,66268.42,0.007566
2024-10-14 15:15:00,66268.42,66316.2,65870.81,65870.81,0.114189
2024-10-14 15:30:00,65870.81,66181.36,65859.12,66181.36,0.081908
2024-10-14 15:45:00,66181.36,66181.36,65956.72,65956.72,0.017721
2024-10-14 16:00:00,65956.72,66181.36,65956.72,65956.72,0.026255
2024-10-14 16:15:00,65956.72,66371.18,65956.72,66371.18,8.13618
2024-10-14 16:30:00,66371.18,66371.18,66142.16,66371.18,0.122962
2024-10-14 16:45:00,66371.18,66371.18,66084.0,66338.49,1.0653
2024-10-14 17:00:00,66338.49,66338.49,66084.0,66338.49,0.000305
2024-10-14 17:15:00,66338.49,66338.49,66084.0,66338.49,0.00167
2024-10-14 17:30:00,66338.49,66371.18,66084.0,66371.18,0.065447
2024-10-14 17:45:00,66371.18,66371.18,66084.0,66338.49,0.027256
2024-10-14 18:00:00,66338.49,66356.44,66205.81,66205.81,0.002056
2024-10-14 18:15:00,66205.81,66371.18,66117.18,66371.18,0.009261
2024-10-14 18:30:00,66371.18,66371.18,66142.16,66371.18,0.00139
2024-10-14 18:45:00,66371.18,66371.18,54826.7,55804.14,14429.99277
2024-10-14 19:00:00,55804.14,57260.4,50526.6,52616.4,9555.24699
2024-10-14 19:15:00,52616.4,53085.53,45114.14,46310.99,12224.38246
2024-10-14 19:30:00,46310.99,47091.95,42457.01,44173.8,9890.559641
2024-10-14 19:45:00,44173.8,49154.55,43792.8,49154.55,6220.818438
2024-10-14 20:00:00,49154.55,51217.15,47659.36,48638.9,6369.905028
2024-10-14 20:15:00,48638.9,50062.2,44370.26,44953.8,10568.364328
2024-10-14 20:30:00,44953.8,48204.6,44327.08,47200.0,5997.447582
2024-10-14 20:45:00,47200.0,49133.4,47043.6,49000.0,4288.938424
2024-10-14 21:00:00,49000.0,49365.6,45653.49,46579.2,7579.987265
2024-10-14 21:15:00,46579.2,48901.2,45029.35,45319.0,7880.112963
2024-10-14 21:30:00,45319.0,50185.85,44953.8,49597.8,5898.970977
2024-10-14 21:45:00,49597.8,53795.4,48901.2,53279.75,8379.362044
2024-10-14 22:00:00,53279.75,68173.8,52248.45,66169.48,13153.422378
2024-10-14 22:15:00,66169.48,66316.2,65938.94,66250.0,0.403564
2024-10-14 22:30:00,66250.0,66316.2,65938.94,66316.2,0.406622
2024-10-14 22:45:00,66316.2,66316.2,65938.94,65956.72,0.405293
2024-10-14 23:00:00,65956.72,66316.2,65938.94,66250.0,0.410158
2024-10-14 23:15:00,66250.0,66316.2,65859.12,65927.88,0.403275
2024-10-14 23:30:00,65927.88,66181.36,65851.8,66169.48,0.412913
2024-10-14 23:45:00,66169.48,66316.2,65851.8,65956.72,0.397393
2024-10-15 00:00:00,65956.72,66316.2,65938.94,66169.48,0.435703
2024-10-15 00:15:00,66169.48,66316.2,65859.12,66169.48,0.403047
2024-10-15 00:30:00,66169.48,66181.36,65851.8,65851.8,0.419764
2024-10-15 00:45:00,65851.8,66316.2,65851.8,66169.48,0.417748
2024-10-15 01:00:00,66169.48,66316.2,65938.94,66169.48,0.406461
2024-10-15 01:15:00,66169.48,99890.0,65245.12,65572.0,24808.650501
2024-10-15 01:30:00,65572.0,65853.79,62136.6,63432.3,11798.880393
2024-10-15 01:45:00,63432.3,64108.4,63432.3,63829.12,209.365827
2024-10-15 02:00:00,63829.12,64108.4,63824.89,63829.12,0.404132
2024-10-15 02:15:00,63829.12,64108.4,63824.89,64041.88,0.418916
2024-10-15 02:30:00,64041.88,64108.4,63824.89,63829.12,0.437558
2024-10-15 02:45:00,63829.12,64108.4,63824.89,64041.88,8.920661
2024-10-15 03:00:00,64041.88,64108.4,63824.89,63829.12,0.703106
2024-10-15 03:15:00,63829.12,64108.4,63824.89,63824.89,3.101593
2024-10-15 03:30:00,63824.89,64108.4,63824.89,64041.88,0.680754
2024-10-15 03:45:00,64041.88,64108.4,63824.89,64041.88,0.628849
2024-10-15 04:00:00,64041.88,64108.4,63824.89,64041.88,0.403372
2024-10-15 04:15:00,64041.88,64108.4,63824.89,64108.4,0.399749
2024-10-15 04:30:00,64108.4,64108.4,63824.89,64041.88,0.404453
2024-10-15 04:45:00,64041.88,64108.4,63824.89,63829.12,0.402668
2024-10-15 05:00:00,63829.12,64108.4,63824.89,64108.4,1.327464
2024-10-15 05:15:00,64108.4,64108.4,63824.89,64041.88,0.417364
2024-10-15 05:30:00,64041.88,64108.4,63824.89,63829.12,5.389759
2024-10-15 05:45:00,63829.12,64108.4,63824.89,64108.4,1.017098
2024-10-15 06:00:00,64108.4,64108.4,63824.89,63829.12,0.401811
2024-10-15 06:15:00,63829.12,64108.4,63824.89,63824.89,0.406311
2024-10-15 06:30:00,63824.89,64108.4,63824.89,63829.12,0.405347
2024-10-15 06:45:00,63829.12,64108.4,63824.89,63824.89,1.410566
2024-10-15 07:00:00,63824.89,64108.4,63824.89,64108.4,0.430666
2024-10-15 07:15:00,64108.4,64108.4,63824.89,63824.89,0.422943
2024-10-15 07:30:00,63824.89,64108.4,63824.89,64108.4,4.530494
2024-10-15 07:45:00,64108.4,64108.4,63824.89,63829.12,1.373264
2024-10-15 08:00:00,63829.12,64108.4,63824.89,64041.88,0.402873
2024-10-15 08:15:00,64041.88,64108.4,63824.89,64108.4,0.42022
2024-10-15 08:30:00,64108.4,64108.4,63824.89,63824.89,0.401811
2024-10-15 08:45:00,63824.89,64108.4,63824.89,63829.12,0.403081
2024-10-15 09:00:00,63829.12,64108.4,63824.89,64041.88,0.414385
2024-10-15 09:15:00,64041.88,64108.4,63824.89,64108.4,0.400249
2024-10-15 09:30:00,64108.4,64108.4,63824.89,64041.88,0.585657
2024-10-15 09:45:00,64041.88,64108.4,63824.89,63829.12,1.422568
2024-10-15 10:00:00,63829.12,64108.4,63824.89,64108.4,11.521053
2024-10-15 10:15:00,64108.4,64108.4,63824.89,63829.12,0.421434
2024-10-15 10:30:00,63829.12,64108.4,63824.89,64108.4,0.402754
2024-10-15 10:45:00,64108.4,64108.4,63824.89,63829.12,0.399581
2024-10-15 11:00:00,63829.12,64108.35,63824.89,63829.12,0.413621
2024-10-15 11:15:00,63829.12,64108.35,63824.89,64041.88,0.402778
2024-10-15 11:30:00,64041.88,64108.35,63824.89,63829.12,0.398628
2024-10-15 11:45:00,63829.12,64108.35,63824.89,63824.89,0.456628
2024-10-15 12:00:00,63824.89,64108.4,63824.89,64108.4,0.398786
2024-10-15 12:15:00,64108.4,64108.4,63824.89,64041.88,0.44226
2024-10-15 12:30:00,64041.88,64108.4,63824.89,64108.4,0.782373
2024-10-15 12:45:00,64108.4,64108.4,63824.89,64041.88,0.553389
2024-10-15 13:00:00,64041.88,64171.68,63824.89,63829.12,6.610714
2024-10-15 13:15:00,63829.12,64171.68,63824.89,64171.68,0.646513
2024-10-15 13:30:00,64171.68,64599.76,63824.89,64370.4,202.973649
2024-10-15 13:45:00,64370.4,65890.15,64370.4,65650.9,1047.313946
2024-10-15 14:00:00,65650.9,66084.0,65650.9,66084.0,60.856011
2024-10-15 14:15:00,66084.0,66084.0,65853.79,66008.9,3.324845
2024-10-15 14:30:00,66008.9,66084.0,65853.79,66084.0,2.419439
2024-10-15 14:45:00,66084.0,66084.0,65853.79,66084.0,0.400011
2024-10-15 15:00:00,66084.0,66084.0,65853.79,65853.79,0.417519
2024-10-15 15:15:00,65853.79,66084.0,65853.79,65853.79,0.425902
2024-10-15 15:30:00,65853.79,66084.0,65853.79,66084.0,0.40224
2024-10-15 15:45:00,66084.0,66084.0,65853.79,66084.0,1.246507
2024-10-15 16:00:00,66084.0,66113.34,65853.79,66084.0,39.660339
2024-10-15 16:15:00,66084.0,66171.0,66084.0,66084.0,0.414875
2024-10-15 16:30:00,66084.0,66171.0,66084.0,66084.0,0.417418
2024-10-15 16:45:00,66084.0,66171.0,66084.0,66171.0,0.447132
2024-10-15 17:00:00,66171.0,66171.0,65853.79,65895.87,0.403797
2024-10-15 17:15:00,65895.87,66171.0,65853.79,66169.48,0.424914
2024-10-15 17:30:00,66169.48,66258.2,65938.94,65956.72,48.383783
2024-10-15 17:45:00,65956.72,66258.2,65908.9,65956.72,0.458035
2024-10-15 18:00:00,65956.72,66258.2,65853.79,65956.72,7.488474
2024-10-15 18:15:00,65956.72,66258.2,65938.94,66258.2,0.450441
2024-10-15 18:30:00,66258.2,66258.2,65938.94,66169.48,0.41397
2024-10-15 18:45:00,66169.48,66258.2,65938.94,65956.72,1.832661
2024-10-15 19:00:00,65956.72,66181.36,65853.79,66169.48,0.422437
2024-10-15 19:15:00,66169.48,66258.2,65938.94,66169.48,0.414239
2024-10-15 19:30:00,66169.48,66258.2,65938.94,66169.48,0.421253
2024-10-15 19:45:00,66169.48,66258.2,65881.64,65956.72,0.414003
2024-10-15 20:00:00,65956.72,66258.2,65853.79,65956.72,0.421428
2024-10-15 20:15:00,65956.72,66258.2,65938.94,65956.72,0.419542
2024-10-15 20:30:00,65956.72,66258.2,65853.79,66169.48,0.402666
2024-10-15 20:45:00,66169.48,66181.36,65853.79,66169.48,0.397994
2024-10-15 21:00:00,66169.48,66169.48,65853.79,65853.79,0.998359
2024-10-15 21:15:00,65853.79,66169.48,65853.79,66169.48,0.009383
2024-10-15 21:30:00,66169.48,66169.48,66037.14,66037.14,0.00172
2024-10-15 21:45:00,66037.14,66181.36,66037.14,66181.36,0.027001
2024-10-15 22:00:00,66181.36,66181.36,65853.79,66117.18,0.026941
2024-10-15 22:15:00,66117.18,66117.18,65853.79,66117.18,0.001925
2024-10-15 22:30:00,66117.18,66142.16,66117.18,66142.16,0.001753
2024-10-15 22:45:00,66142.16,66142.16,66142.16,66142.16,0.000362
2024-10-15 23:00:00,66142.16,66169.48,66142.16,66169.48,0.000723
2024-10-15 23:15:00,66169.48,66169.48,66169.48,66169.48,0.000422
2024-10-15 23:30:00,66169.48,66169.48,65904.8,66136.17,0.005231
2024-10-15 23:45:00,66136.17,66181.36,65895.87,66181.36,0.032465
2024-10-16 00:00:00,66181.36,66181.36,66181.36,66181.36,0.007111
2024-10-16 00:15:00,66181.36,66210.68,66181.36,66210.68,0.008372
2024-10-16 00:30:00,66210.68,66210.68,66081.36,66210.68,0.001541
2024-10-16 00:45:00,66210.68,66258.2,66210.68,66258.2,0.019275
2024-10-16 01:00:00,66258.2,66258.2,65956.7,66169.48,0.047642
2024-10-16 01:15:00,66169.48,66169.48,66169.48,66169.48,0.000452
2024-10-16 01:30:00,66169.48,66169.48,66037.14,66169.48,0.002598
2024-10-16 01:45:00,66169.48,66169.48,66169.48,66169.48,0.001854
2024-10-16 02:00:00,66169.48,66258.2,66169.48,66258.2,0.01149
2024-10-16 02:15:00,66258.2,66258.2,66136.1,66258.2,0.009884
2024-10-16 02:30:00,66258.2,66258.2,66000.0,66258.2,0.008839
2024-10-16 02:45:00,66258.2,66258.2,65993.17,66250.0,0.010978
2024-10-16 03:00:00,66250.0,66258.2,66250.0,66258.2,0.00054
2024-10-16 03:15:00,66258.2,66258.2,66239.4,66239.4,0.00042
2024-10-16 03:30:00,66239.4,66258.2,66000.0,66258.2,0.001691
2024-10-16 03:45:00,66258.2,66258.2,66258.2,66258.2,0.00078
2024-10-16 04:00:00,66258.2,66258.2,65956.72,66258.2,0.203235
2024-10-16 04:15:00,66258.2,66258.2,66258.2,66258.2,0.00042
2024-10-16 04:30:00,66258.2,66258.2,66258.2,66258.2,0.00024
2024-10-16 04:45:00,66258.2,66258.2,66125.68,66258.2,0.00086
2024-10-16 05:00:00,66258.2,66258.2,66000.0,66258.2,0.000741
2024-10-16 05:15:00,66258.2,66258.2,66258.2,66258.2,0.00042
2024-10-16 05:30:00,66258.2,66258.2,65956.72,66182.34,0.004241
2024-10-16 05:45:00,66182.34,66182.34,65956.72,66182.34,0.00188
2024-10-16 06:00:00,66182.34,66250.0,66182.34,66250.0,0.001093
2024-10-16 06:15:00,66250.0,66258.2,66117.5,66258.2,0.140448
2024-10-16 06:30:00,66258.2,68173.8,66258.0,67941.6,1300.082001
2024-10-16 06:45:00,67941.6,68173.8,67941.6,68173.8,0.206549
2024-10-16 07:00:00,68173.8,68173.8,67941.6,67941.6,0.059296
2024-10-16 07:15:00,67941.6,68001.5,67941.6,67941.61,0.299965
2024-10-16 07:30:00,67941.61,67941.61,67941.6,67941.61,0.526435
2024-10-16 07:45:00,67941.61,67941.61,67941.6,67941.61,0.093752
2024-10-16 08:00:00,67941.61,67941.61,67941.6,67941.61,1.03026
2024-10-16 08:15:00,67941.61,67941.61,67941.6,67941.61,0.067526
2024-10-16 08:30:00,67941.61,67941.61,67941.6,67941.6,0.016471
2024-10-16 08:45:00,67941.6,67942.0,67941.6,67942.0,0.041338
2024-10-16 09:00:00,67942.0,68146.03,67941.6,68146.03,0.375421
2024-10-16 09:15:00,68146.03,68146.03,67477.2,67871.56,133.421445
2024-10-16 09:30:00,67871.56,67871.56,67477.2,67724.16,1.172617
2024-10-16 09:45:00,67724.16,67871.56,67477.2,67477.2,0.400079
2024-10-16 10:00:00,67477.2,67871.56,67477.2,67570.08,0.085295
2024-10-16 10:15:00,67570.08,67871.56,67477.2,67871.56,0.024534
2024-10-16 10:30:00,67871.56,67878.3,67635.88,67856.4,0.136477
2024-10-16 10:45:00,67856.4,67871.56,67637.03,67871.56,0.010759
2024-10-16 11:00:00,67871.56,67871.56,67477.2,67724.16,0.025444
2024-10-16 11:15:00,67724.16,69334.8,67477.2,69142.08,712.022457
2024-10-16 11:30:00,69142.08,69148.12,68870.4,69148.12,0.018058
2024-10-16 11:45:00,69148.12,69332.82,68870.4,69148.12,3.164823
2024-10-16 12:00:00,69148.12,69148.12,68870.4,69142.08,0.019095
2024-10-16 12:15:00,69142.08,69274.16,68870.4,69274.16,0.034703
2024-10-16 12:30:00,69274.16,69332.82,68870.4,69332.82,0.160179
2024-10-16 12:45:00,69332.82,69332.82,69090.68,69224.8,0.002321
2024-10-16 13:00:00,69224.8,69282.2,68935.36,69009.4,0.017612
2024-10-16 13:15:00,69009.4,69142.08,68870.4,69142.08,0.020432
2024-10-16 13:30:00,69142.08,69142.08,68638.2,68638.2,87.636435
2024-10-16 13:45:00,68638.2,69023.16,68638.2,69023.16,0.199709
2024-10-16 14:00:00,69023.16,69100.0,68638.2,68927.8,0.363806
2024-10-16 14:15:00,68927.8,69102.6,68638.2,68847.98,0.171326
2024-10-16 14:30:00,68847.98,69102.6,68638.2,68847.98,6.167342
2024-10-16 14:45:00,68847.98,68973.6,68638.2,68935.36,0.877909
2024-10-16 15:00:00,68935.36,68935.36,68638.2,68927.8,0.002989
2024-10-16 15:15:00,68927.8,68927.8,68638.2,68927.8,1.027215
2024-10-16 15:30:00,68927.8,68927.8,68663.61,68927.8,0.001129
2024-10-16 15:45:00,68927.8,68935.36,68638.2,68927.8,0.021599
2024-10-16 16:00:00,68927.8,68935.36,68638.2,68638.2,0.029332
2024-10-16 16:15:00,68638.2,68935.36,68638.2,68927.8,0.007844
2024-10-16 16:30:00,68927.8,68927.8,68927.8,68927.8,0.000243
2024-10-16 16:45:00,68927.8,68935.36,68638.2,68927.8,0.003146
2024-10-16 17:00:00,68927.8,68994.21,68638.2,68994.21,0.03038
2024-10-16 17:15:00,68994.21,68994.21,68994.21,68994.21,0.0004
2024-10-16 17:30:00,68994.21,69090.4,68666.58,68935.36,0.122303
2024-10-16 17:45:00,68935.36,69090.4,68722.6,68994.21,0.026391
2024-10-16 18:00:00,68994.21,69090.4,68722.6,69090.4,0.014968
2024-10-16 18:15:00,69090.4,69090.4,69090.4,69090.4,0.0004
2024-10-16 18:30:00,69090.4,69090.4,68754.18,68994.21,0.007128
2024-10-16 18:45:00,68994.21,69090.4,68638.2,68638.2,1.002845
2024-10-16 19:00:00,68638.2,68927.8,68638.2,68927.8,0.000229
2024-10-16 19:15:00,68927.8,68927.8,68927.8,68927.8,0.000402
2024-10-16 19:30:00,68927.8,68927.8,68927.8,68927.8,0.000229
2024-10-16 19:45:00,68927.8,68935.36,68927.8,68935.36,0.000346
2024-10-16 20:00:00,68935.36,68935.36,68713.52,68935.36,0.000732
2024-10-16 20:15:00,68935.36,68935.36,68935.36,68935.36,0.000402
2024-10-16 20:30:00,68935.36,68935.36,68935.36,68935.36,0.000229
2024-10-16 20:45:00,68935.36,68935.36,68935.36,68935.36,0.000491
2024-10-16 21:00:00,68935.36,68935.36,68935.36,68935.36,0.000229
2024-10-16 21:15:00,68935.36,68935.36,68903.2,68935.36,0.001802
2024-10-16 21:30:00,68935.36,68935.36,68713.52,68926.6,0.001529
2024-10-16 21:45:00,68926.6,69054.7,68856.0,68947.5,0.032141
2024-10-16 22:00:00,68947.5,68947.5,68671.6,68927.8,0.026869
2024-10-16 22:15:00,68927.8,68927.8,68927.8,68927.8,0.000402
2024-10-16 22:30:00,68927.8,68935.36,68927.8,68935.36,0.001679
2024-10-16 22:45:00,68935.36,68935.36,68935.36,68935.36,0.000346
2024-10-16 23:00:00,68935.36,68935.36,68935.36,68935.36,0.000229
2024-10-16 23:15:00,68935.36,68995.2,68935.36,68977.5,0.020722
2024-10-16 23:30:00,68977.5,69000.0,68977.5,69000.0,0.000228
2024-10-16 23:45:00,69000.0,69054.6,69000.0,69054.6,0.000488
2024-10-17 00:00:00,69054.6,69054.6,69054.6,69054.6,0.000372
2024-10-17 00:15:00,69054.6,69054.6,69054.6,69054.6,0.001552
2024-10-17 00:30:00,69054.6,69077.41,68722.6,68935.36,0.025936
2024-10-17 00:45:00,68935.36,68935.36,68672.7,68927.8,0.024247
2024-10-17 01:00:00,68927.8,68935.36,68722.6,68935.36,0.006534
2024-10-17 01:15:00,68935.36,68997.7,68638.2,68927.8,0.266559
2024-10-17 01:30:00,68927.8,68927.8,68805.3,68901.0,0.000229
2024-10-17 01:45:00,68901.0,69102.6,68847.98,68847.98,0.261922
2024-10-17 02:00:00,68847.98,69090.4,68847.98,69090.4,0.000731
2024-10-17 02:15:00,69090.4,69090.4,68638.2,68883.9,0.112829
2024-10-17 02:30:00,68883.9,68927.8,68638.2,68800.5,0.155189
2024-10-17 02:45:00,68800.5,68900.7,68776.7,68837.5,0.334896
2024-10-17 03:00:00,68837.5,68898.2,68837.2,68837.4,0.272303
2024-10-17 03:15:00,68837.4,68935.36,68837.4,68837.4,0.316547
2024-10-17 03:30:00,68837.4,69090.4,68722.6,68898.0,0.318189
2024-10-17 03:45:00,68898.0,69090.4,68898.0,69090.4,0.120946
2024-10-17 04:00:00,69090.4,69090.4,68952.22,69090.4,0.000725
2024-10-17 04:15:00,69090.4,69090.4,69090.4,69090.4,0.000414
2024-10-17 04:30:00,69090.4,69090.4,69090.4,69090.4,0.000228
2024-10-17 04:45:00,69090.4,69090.4,69090.4,69090.4,0.000344
2024-10-17 05:00:00,69090.4,69090.4,69090.4,69090.4,0.000228
2024-10-17 05:15:00,69090.4,69090.4,69090.4,69090.4,0.0004
2024-10-17 05:30:00,69090.4,69090.4,69090.4,69090.4,0.000228
2024-10-17 05:45:00,69090.4,69090.4,69090.4,69090.4,0.000358
2024-10-17 06:00:00,69090.4,69090.4,69090.4,69090.4,0.000228
2024-10-17 06:15:00,69090.4,69090.4,69090.4,69090.4,0.000505
2024-10-17 06:30:00,69090.4,69090.4,68952.22,69090.4,0.002391
2024-10-17 06:45:00,69090.4,69090.4,69090.4,69090.4,0.000358
2024-10-17 07:00:00,69090.4,69090.4,69090.4,69090.4,0.000228
2024-10-17 07:15:00,69090.4,69090.4,69090.4,69090.4,0.020716
2024-10-17 07:30:00,69090.4,69090.4,68638.2,68927.8,2.024841
2024-10-17 07:45:00,68927.8,69100.0,68927.8,69100.0,0.070399
2024-10-17 08:00:00,69100.0,69102.6,68847.98,69102.6,0.071014
2024-10-17 08:15:00,69102.6,69102.6,68863.41,68863.41,0.214188
2024-10-17 08:30:00,68863.41,69102.6,68638.2,68935.36,1.024429
2024-10-17 08:45:00,68935.36,69102.6,68935.36,69102.6,0.426197
2024-10-17 09:00:00,69102.6,69102.6,68935.36,69102.6,0.135102
2024-10-17 09:15:00,69102.6,69102.6,69102.6,69102.6,0.029594
2024-10-17 09:30:00,69102.6,69102.6,68935.36,68935.36,0.923081
2024-10-17 09:45:00,68935.36,71167.54,67717.95,69040.0,6912.937234
2024-10-17 10:00:00,69040.0,71167.54,67717.95,67717.95,5373.618883
2024-10-17 10:15:00,67717.95,68084.32,67717.95,67944.42,0.091523
2024-10-17 10:30:00,67944.42,68084.32,67944.42,68084.32,0.004639
2024-10-17 10:45:00,68084.32,68084.32,67717.95,67944.42,0.188631
2024-10-17 11:00:00,67944.42,67954.33,67944.42,67954.33,0.000855
2024-10-17 11:15:00,67954.33,68173.8,61593.8,63592.75,11503.466154
2024-10-17 11:30:00,63592.75,69780.55,62405.0,65851.8,36592.610709
2024-10-17 11:45:00,65851.8,68870.4,62486.43,65619.6,42164.098763
2024-10-17 12:00:00,65619.6,68749.25,62692.3,67012.8,31665.505701
2024-10-17 12:15:00,67012.8,67233.28,67012.8,67233.28,0.032512
2024-10-17 12:30:00,67233.28,67233.28,67020.52,67233.28,0.012532
2024-10-17 12:45:00,67233.28,67233.28,67233.28,67233.28,0.000452
2024-10-17 13:00:00,67233.28,67393.46,67063.38,67063.38,0.030557
2024-10-17 13:15:00,67063.38,67393.46,67020.52,67020.52,0.010436
2024-10-17 13:30:00,67020.52,67233.28,67019.0,67233.28,0.007803
2024-10-17 13:45:00,67233.28,67477.2,67012.8,67233.28,0.533755
2024-10-17 14:00:00,67233.28,67393.46,67012.8,67233.28,0.161696
2024-10-17 14:15:00,67233.28,67477.2,67012.8,67233.28,0.495867
2024-10-17 14:30:00,67233.28,67233.28,67012.8,67233.28,0.017899
2024-10-17 14:45:00,67233.28,67233.28,67020.8,67233.28,0.002839
2024-10-17 15:00:00,67233.28,67333.28,67074.07,67127.26,0.069212
2024-10-17 15:15:00,67127.26,67333.28,67127.26,67333.28,0.001893
2024-10-17 15:30:00,67333.28,67333.28,67020.52,67233.28,0.025532
2024-10-17 15:45:00,67233.28,67233.28,67233.28,67233.28,0.002107
2024-10-17 16:00:00,67233.28,67233.28,67233.28,67233.28,0.000246
2024-10-17 16:15:00,67233.28,67233.56,67012.8,67233.28,0.421988
2024-10-17 16:30:00,67233.28,67233.28,67233.28,67233.28,0.000246
2024-10-17 16:45:00,67233.28,67233.28,67233.28,67233.28,0.000352
2024-10-17 17:00:00,67233.28,67333.28,67012.8,67233.28,0.048046
2024-10-17 17:15:00,67233.28,67333.28,67045.25,67283.64,0.022652
2024-10-17 17:30:00,67283.64,67333.28,67020.52,67020.52,0.020291
2024-10-17 17:45:00,67020.52,67233.56,67020.52,67048.03,0.000616
2024-10-17 18:00:00,67048.03,67233.56,67048.03,67233.56,0.00072
2024-10-17 18:15:00,67233.56,67233.56,67012.8,67012.8,0.084758
2024-10-17 18:30:00,67012.8,67333.28,67012.8,67012.8,0.129181
2024-10-17 18:45:00,67012.8,67233.28,67012.8,67012.8,0.012922
2024-10-17 19:00:00,67012.8,67233.28,67012.8,67233.28,0.006492
2024-10-17 19:15:00,67233.28,67233.28,67233.28,67233.28,0.000408
2024-10-17 19:30:00,67233.28,67233.28,67233.28,67233.28,0.000232
2024-10-17 19:45:00,67233.28,67233.28,67012.8,67233.28,0.437576
2024-10-17 20:00:00,67233.28,67233.28,67233.28,67233.28,0.000232
2024-10-17 20:15:00,67233.28,67233.28,67233.28,67233.28,0.000408
2024-10-17 20:30:00,67233.28,67233.28,67233.28,67233.28,0.000232
2024-10-17 20:45:00,67233.28,67333.28,67045.25,67333.28,0.081442
2024-10-17 21:00:00,67333.28,67333.28,67333.28,67333.28,0.000232
2024-10-17 21:15:00,67333.28,67333.28,67045.25,67283.64,0.006598
2024-10-17 21:30:00,67283.64,67333.28,67045.25,67283.64,0.007692
2024-10-17 21:45:00,67283.64,67333.28,67020.52,67333.28,0.033817
2024-10-17 22:00:00,67333.28,67333.28,67012.8,67020.52,0.048533
2024-10-17 22:15:00,67020.52,67233.28,67020.52,67233.28,0.000408
2024-10-17 22:30:00,67233.28,67233.28,67233.28,67233.28,0.001719
2024-10-17 22:45:00,67233.28,67233.28,67020.52,67233.28,0.000552
2024-10-17 23:00:00,67233.28,67233.28,67233.28,67233.28,0.000232
2024-10-17 23:15:00,67233.28,67233.28,67233.28,67233.28,0.000408
2024-10-17 23:30:00,67233.28,67233.28,67233.28,67233.28,0.000232
2024-10-17 23:45:00,67233.28,67333.28,67233.28,67333.28,0.0155
2024-10-18 00:00:00,67333.28,67333.28,67333.28,67333.28,0.000232
2024-10-18 00:15:00,67333.28,67333.28,67333.28,67333.28,0.000408
2024-10-18 00:30:00,67333.28,67333.28,67063.38,67333.28,0.001532
2024-10-18 00:45:00,67333.28,67333.28,67333.28,67333.28,0.012294
2024-10-18 01:00:00,67333.28,67333.28,67048.06,67283.64,0.006683
2024-10-18 01:15:00,67283.64,67283.64,67283.64,67283.64,0.000408
2024-10-18 01:30:00,67283.64,67333.28,67283.64,67333.28,0.000232
2024-10-18 01:45:00,67333.28,67333.28,67301.11,67333.28,0.000532
2024-10-18 02:00:00,67333.28,67333.28,67020.52,67272.52,0.006246
2024-10-18 02:15:00,67272.52,67272.52,67012.8,67233.28,0.080408
2024-10-18 02:30:00,67233.28,67333.28,67233.28,67333.28,0.124291
2024-10-18 02:45:00,67333.28,67333.28,67333.28,67333.28,0.010115
2024-10-18 03:00:00,67333.28,67333.28,67333.28,67333.28,0.007528
2024-10-18 03:15:00,67333.28,67333.28,67333.28,67333.28,0.004408
2024-10-18 03:30:00,67333.28,67333.28,67063.38,67333.28,0.00168
2024-10-18 03:45:00,67333.28,67333.28,67048.03,67048.03,0.001865
2024-10-18 04:00:00,67048.03,67283.64,67048.03,67283.64,0.002205
2024-10-18 04:15:00,67283.64,67283.64,67063.38,67283.64,0.000608
2024-10-18 04:30:00,67283.64,67283.64,67283.64,67283.64,0.000232
2024-10-18 04:45:00,67283.64,67283.64,67283.64,67283.64,0.004067
2024-10-18 05:00:00,67283.64,67283.64,67283.64,67283.64,0.000232
2024-10-18 05:15:00,67283.64,67283.64,67283.64,67283.64,0.000408
2024-10-18 05:30:00,67283.64,67317.54,67205.88,67317.54,0.000332
2024-10-18 05:45:00,67317.54,67317.54,67317.54,67317.54,0.000366
2024-10-18 06:00:00,67317.54,67317.54,67317.54,67317.54,0.000232
2024-10-18 06:15:00,67317.54,67333.28,67020.8,67272.52,0.037272
2024-10-18 06:30:00,67272.52,67333.28,67105.25,67333.28,0.011632
2024-10-18 06:45:00,67333.28,67333.28,67333.28,67333.28,0.000366
2024-10-18 07:00:00,67333.28,67333.28,67048.03,67283.64,0.005232
2024-10-18 07:15:00,67283.64,67333.28,67271.23,67333.28,0.007437
2024-10-18 07:30:00,67333.28,67333.28,67284.34,67284.34,0.00696
2024-10-18 07:45:00,67284.34,67393.46,67284.34,67393.46,0.049016
2024-10-18 08:00:00,67393.46,67393.46,67393.46,67393.46,0.007661
2024-10-18 08:15:00,67393.46,67446.04,67391.45,67446.04,0.046303
2024-10-18 08:30:00,67446.04,67477.2,67446.04,67477.2,0.013754
2024-10-18 08:45:00,67477.2,67477.2,67311.24,67477.2,0.087916
2024-10-18 09:00:00,67477.2,67477.2,67311.24,67477.2,0.015634
2024-10-18 09:15:00,67477.2,67477.2,67477.19,67477.2,0.000585
2024-10-18 09:30:00,67477.2,67477.2,67375.98,67477.2,0.00162
2024-10-18 09:45:00,67477.2,67477.2,67311.24,67477.2,0.031343
2024-10-18 10:00:00,67477.2,67477.2,67311.24,67477.2,0.11375
2024-10-18 10:15:00,67477.2,67477.2,67311.24,67477.2,0.002646
2024-10-18 10:30:00,67477.2,67477.2,67311.24,67477.2,0.006195
2024-10-18 10:45:00,67477.2,67477.2,67311.24,67477.2,0.108284
2024-10-18 11:00:00,67477.2,67477.2,67311.24,67477.2,0.00118
2024-10-18 11:15:00,67477.2,67477.2,67311.24,67477.2,0.002672
2024-10-18 11:30:00,67477.2,67477.2,67334.22,67477.2,0.080405
2024-10-18 11:45:00,67477.2,67477.2,67311.24,67477.2,0.006296
2024-10-18 12:00:00,67477.2,67477.2,67416.7,67416.7,0.027112
2024-10-18 12:15:00,67416.7,67477.2,67416.7,67477.2,0.027603
2024-10-18 12:30:00,67477.2,67477.2,67416.7,67477.2,0.006085
2024-10-18 12:45:00,67477.2,67477.2,67416.7,67477.2,0.001352
2024-10-18 13:00:00,67477.2,67477.2,67416.7,67477.2,0.006409
2024-10-18 13:15:00,67477.2,67477.2,67477.2,67477.2,0.00398
2024-10-18 13:30:00,67477.2,67477.2,62979.36,63000.0,20014.454051
2024-10-18 13:45:00,63000.0,68405.65,62833.2,67477.2,5188.349518
2024-10-18 14:00:00,67477.2,67477.2,67233.28,67477.2,0.044737
2024-10-18 14:15:00,67477.2,67477.2,67202.3,67477.2,2.072319
2024-10-18 14:30:00,67477.2,67477.2,67233.28,67477.2,0.029224
2024-10-18 14:45:00,67477.2,67477.2,67233.28,67477.2,0.022202
2024-10-18 15:00:00,67477.2,67477.2,67477.2,67477.2,0.26114
2024-10-18 15:15:00,67477.2,67477.2,67202.3,67446.04,0.055286
2024-10-18 15:30:00,67446.04,67477.2,67335.8,67477.2,0.082087
2024-10-18 15:45:00,67477.2,67477.2,67202.3,67477.2,0.061155
2024-10-18 16:00:00,67477.2,67477.2,67202.3,67202.3,0.048641
2024-10-18 16:15:00,67202.3,67446.04,67202.3,67446.04,0.007301
2024-10-18 16:30:00,67446.04,67446.04,67012.8,67233.28,2.03845
2024-10-18 16:45:00,67233.28,67233.28,67233.28,67233.28,0.000352
2024-10-18 17:00:00,67233.28,67393.46,67063.38,67283.64,0.030622
2024-10-18 17:15:00,67283.64,67393.46,67020.52,67233.28,0.069282
2024-10-18 17:30:00,67233.28,67410.75,67020.52,67410.75,0.088278
2024-10-18 17:45:00,67410.75,68142.6,67012.8,67944.42,169.865456
2024-10-18 18:00:00,67944.42,68070.68,67944.42,68070.68,0.002536
2024-10-18 18:15:00,68070.68,68070.68,67709.4,67944.42,1.000406
2024-10-18 18:30:00,67944.42,67954.33,67709.4,67954.33,0.001994
2024-10-18 18:45:00,67954.33,67954.33,67954.33,67954.33,0.00035
2024-10-18 19:00:00,67954.33,68000.0,67954.33,68000.0,0.000631
2024-10-18 19:15:00,68000.0,68080.15,68000.0,68080.15,0.001328
2024-10-18 19:30:00,68080.15,68080.15,68080.15,68080.15,0.00023
2024-10-18 19:45:00,68080.15,68084.32,68080.15,68084.32,0.000448
2024-10-18 20:00:00,68084.32,68084.32,68084.32,68084.32,0.00023
2024-10-18 20:15:00,68084.32,68084.32,68084.32,68084.32,0.000404
2024-10-18 20:30:00,68084.32,68084.32,67709.4,67944.42,0.006768
2024-10-18 20:45:00,67944.42,67944.42,67944.42,67944.42,0.000497
2024-10-18 21:00:00,67944.42,67944.42,67944.42,67944.42,0.000231
2024-10-18 21:15:00,67944.42,67954.33,67944.42,67954.33,0.000406
2024-10-18 21:30:00,67954.33,68070.68,67852.4,68070.68,0.001831
2024-10-18 21:45:00,68070.68,68120.72,67968.57,68120.72,0.027853
2024-10-18 22:00:00,68120.72,68120.72,67709.4,67944.42,0.041657
2024-10-18 22:15:00,67944.42,68070.68,67944.42,68070.68,0.003372
2024-10-18 22:30:00,68070.68,68070.68,67709.4,67954.33,0.004672
2024-10-18 22:45:00,67954.33,68000.0,67954.33,68000.0,0.00035
2024-10-18 23:00:00,68000.0,68084.32,68000.0,68084.32,0.003183
2024-10-18 23:15:00,68084.32,68084.32,68084.32,68084.32,0.000404
2024-10-18 23:30:00,68084.32,68084.32,68084.32,68084.32,0.00023
2024-10-18 23:45:00,68084.32,68084.32,67709.4,67944.42,0.015324
2024-10-19 00:00:00,67944.42,68084.32,67871.56,68084.32,0.017923
2024-10-19 00:15:00,68084.32,68084.32,67709.4,68070.68,0.018075
2024-10-19 00:30:00,68070.68,68084.32,67910.34,68084.32,0.019195
2024-10-19 00:45:00,68084.32,68084.32,68084.32,68084.32,0.000348
2024-10-19 01:00:00,68084.32,68120.72,67871.56,67871.56,0.024025
2024-10-19 01:15:00,67871.56,68120.72,67871.56,68120.72,0.044516
2024-10-19 01:30:00,68120.72,68120.72,68120.72,68120.72,0.00023
2024-10-19 01:45:00,68120.72,68120.72,67878.3,68120.72,0.008481
2024-10-19 02:00:00,68120.72,70000.0,66686.65,67012.8,2362.676619
2024-10-19 02:15:00,67012.8,67012.8,66781.11,67012.8,0.034856
2024-10-19 02:30:00,67012.8,67012.8,66781.12,67012.8,0.006033
2024-10-19 02:45:00,67012.8,67012.8,67012.8,67012.8,0.000354
2024-10-19 03:00:00,67012.8,67012.8,66937.9,67012.8,0.001771
2024-10-19 03:15:00,67012.8,67012.8,66750.0,66999.28,0.0033
2024-10-19 03:30:00,66999.28,66999.28,66700.0,66999.28,0.001682
2024-10-19 03:45:00,66999.28,67000.0,66999.28,67000.0,0.000769
2024-10-19 04:00:00,67000.0,67012.8,66785.0,67012.8,0.31017
2024-10-19 04:15:00,67012.8,67012.8,67012.8,67012.8,0.00041
2024-10-19 04:30:00,67012.8,67012.8,67012.8,67012.8,0.000233
2024-10-19 04:45:00,67012.8,67012.8,67012.8,67012.8,0.000354
2024-10-19 05:00:00,67012.8,67012.8,67012.8,67012.8,0.000233
2024-10-19 05:15:00,67012.8,67012.8,67012.8,67012.8,0.00041
2024-10-19 05:30:00,67012.8,67012.8,67012.8,67012.8,0.000233
2024-10-19 05:45:00,67012.8,67012.8,67012.8,67012.8,0.000368
2024-10-19 06:00:00,67012.8,67012.8,67012.8,67012.8,0.000233
2024-10-19 06:15:00,67012.8,67012.8,66700.0,66973.6,0.031399
2024-10-19 06:30:00,66973.6,67012.8,66909.8,67012.8,0.061565
2024-10-19 06:45:00,67012.8,67012.8,66686.65,66976.9,0.101187
2024-10-19 07:00:00,66976.9,66976.9,66925.3,66938.4,0.045293
2024-10-19 07:15:00,66938.4,67477.2,63077.1,65387.4,13699.989953
2024-10-19 07:30:00,65387.4,69102.6,64966.56,68406.0,5229.934162
2024-10-19 07:45:00,68406.0,68406.0,68142.6,68406.0,1.000362
2024-10-19 08:00:00,68406.0,68406.0,68406.0,68406.0,0.000259
2024-10-19 08:15:00,68406.0,68406.0,68142.6,68406.0,0.003949
2024-10-19 08:30:00,68406.0,68406.0,68142.6,68406.0,0.000865
2024-10-19 08:45:00,68406.0,68406.0,68406.0,68406.0,0.001547
2024-10-19 09:00:00,68406.0,68406.0,68142.6,68406.0,0.000737
2024-10-19 09:15:00,68406.0,68406.0,68406.0,68406.0,0.000874
2024-10-19 09:30:00,68406.0,68406.0,68142.6,68406.0,0.00292
2024-10-19 09:45:00,68406.0,68406.0,68406.0,68406.0,0.000666
2024-10-19 10:00:00,68406.0,68406.0,68142.6,68406.0,0.027895
2024-10-19 10:15:00,68406.0,68406.0,68406.0,68406.0,0.00055
2024-10-19 10:30:00,68406.0,68406.0,68406.0,68406.0,0.003153
2024-10-19 10:45:00,68406.0,68406.0,68303.39,68406.0,0.001535
2024-10-19 11:00:00,68406.0,68406.0,68142.6,68406.0,0.072303
2024-10-19 11:15:00,68406.0,68406.0,68142.6,68406.0,0.075958
2024-10-19 11:30:00,68406.0,68406.0,68142.6,68406.0,0.070774
2024-10-19 11:45:00,68406.0,68406.0,68142.6,68142.6,0.018162
2024-10-19 12:00:00,68142.6,68406.0,68142.6,68142.6,0.502387
2024-10-19 12:15:00,68142.6,68406.0,68142.6,68406.0,0.016117
2024-10-19 12:30:00,68406.0,68406.0,68303.39,68406.0,0.00153
2024-10-19 12:45:00,68406.0,68406.0,68303.39,68303.39,0.011348
2024-10-19 13:00:00,68303.39,68303.39,68303.39,68303.39,0.002405
2024-10-19 13:15:00,68303.39,68303.39,68303.39,68303.39,0.000433
2024-10-19 13:30:00,68303.39,68303.39,68303.39,68303.39,0.00023
2024-10-19 13:45:00,68303.39,68303.39,68303.39,68303.39,0.000509
2024-10-19 14:00:00,68303.39,68303.39,68200.78,68303.39,0.003405
2024-10-19 14:15:00,68303.39,68303.39,68303.39,68303.39,0.000404
2024-10-19 14:30:00,68303.39,68406.0,68303.39,68406.0,0.123686
2024-10-19 14:45:00,68406.0,68406.0,68406.0,68406.0,0.123804
2024-10-19 15:00:00,68406.0,68406.0,68142.6,68142.6,0.616786
2024-10-19 15:15:00,68142.6,68406.0,68142.6,68406.0,0.100404
2024-10-19 15:30:00,68406.0,68406.0,68142.6,68406.0,1.003623
2024-10-19 15:45:00,68406.0,68406.0,68142.6,68406.0,7.987924
2024-10-19 16:00:00,68406.0,68406.0,68406.0,68406.0,0.1237
2024-10-19 16:15:00,68406.0,68406.0,68142.6,68406.0,0.000504
2024-10-19 16:30:00,68406.0,68406.0,68142.6,68406.0,0.000394
2024-10-19 16:45:00,68406.0,68406.0,68142.6,68406.0,0.00619
2024-10-19 17:00:00,68406.0,68406.0,68406.0,68406.0,0.001344
2024-10-19 17:15:00,68406.0,68406.0,68406.0,68406.0,0.003458
2024-10-19 17:30:00,68406.0,68406.0,68142.6,68406.0,0.100488
2024-10-19 17:45:00,68406.0,68406.0,68142.6,68406.0,0.003254
2024-10-19 18:00:00,68406.0,68406.0,68406.0,68406.0,0.00023
2024-10-19 18:15:00,68406.0,68406.0,68142.6,68406.0,0.003697
2024-10-19 18:30:00,68406.0,68406.0,68142.6,68406.0,0.00153
2024-10-19 18:45:00,68406.0,68406.0,68406.0,68406.0,0.000348
2024-10-19 19:00:00,68406.0,68406.0,68406.0,68406.0,0.00023
2024-10-19 19:15:00,68406.0,68406.0,68406.0,68406.0,0.000404
2024-10-19 19:30:00,68406.0,68406.0,68142.6,68406.0,0.003967
2024-10-19 19:45:00,68406.0,68406.0,68142.6,68406.0,0.003238
2024-10-19 20:00:00,68406.0,68406.0,68142.6,68406.0,0.004589
2024-10-19 20:15:00,68406.0,68406.0,68406.0,68406.0,0.000404
2024-10-19 20:30:00,68406.0,68406.0,68406.0,68406.0,0.00239
2024-10-19 20:45:00,68406.0,68406.0,68142.6,68406.0,2.138214
2024-10-19 21:00:00,68406.0,70124.62,66686.93,66999.28,2293.082665
2024-10-19 21:15:00,66999.28,66999.28,66999.28,66999.28,0.00041
2024-10-19 21:30:00,66999.28,67000.0,66785.0,66906.0,0.00485
2024-10-19 21:45:00,66906.0,67012.8,66843.2,67012.8,0.02831
2024-10-19 22:00:00,67012.8,67012.8,66686.93,66999.28,0.027017
2024-10-19 22:15:00,66999.28,67012.8,66843.1,67012.8,0.03313
2024-10-19 22:30:00,67012.8,67012.8,67012.8,67012.8,0.001725
2024-10-19 22:45:00,67012.8,67012.8,67012.8,67012.8,0.00095
2024-10-19 23:00:00,67012.8,67012.8,66686.93,66956.1,1.034906
2024-10-19 23:15:00,66956.1,67012.8,66956.1,66999.9,0.10327
2024-10-19 23:30:00,66999.9,67001.8,66781.11,66947.4,0.029448
2024-10-19 23:45:00,66947.4,66988.8,66947.4,66973.7,0.034957
2024-10-20 00:00:00,66973.7,66999.28,66948.2,66999.28,0.023423
2024-10-20 00:15:00,66999.28,66999.28,66999.28,66999.28,0.00041
2024-10-20 00:30:00,66999.28,66999.28,66781.11,66890.2,0.024118
2024-10-20 00:45:00,66890.2,66999.28,66700.0,66999.28,0.030953
2024-10-20 01:00:00,66999.28,66999.3,66932.3,66966.1,0.008131
2024-10-20 01:15:00,66966.1,66966.1,66966.1,66966.1,0.001602
2024-10-20 01:30:00,66966.1,66966.1,66966.1,66966.1,0.000233
2024-10-20 01:45:00,66966.1,66966.1,66966.1,66966.1,0.000354
2024-10-20 02:00:00,66966.1,66966.1,66966.1,66966.1,0.003077
2024-10-20 02:15:00,66966.1,67000.0,66966.1,66966.5,0.00041
2024-10-20 02:30:00,66966.5,67000.0,66913.3,67000.0,0.003075
2024-10-20 02:45:00,67000.0,67000.0,66838.8,66874.4,0.001827
2024-10-20 03:00:00,66874.4,67000.0,66874.4,67000.0,0.021351
2024-10-20 03:15:00,67000.0,67002.42,66875.0,67002.42,0.00041
2024-10-20 03:30:00,67002.42,67012.8,66799.0,67012.8,0.001282
2024-10-20 03:45:00,67012.8,67012.8,67012.8,67012.8,0.003606
2024-10-20 04:00:00,67012.8,67012.8,66834.4,67012.8,0.001611
2024-10-20 04:15:00,67012.8,67012.8,66878.3,67012.8,0.00041
2024-10-20 04:30:00,67012.8,67012.8,67012.8,67012.8,0.000233
2024-10-20 04:45:00,67012.8,67012.8,66785.0,66785.0,0.003189
2024-10-20 05:00:00,66785.0,67012.8,66785.0,66986.9,0.000233
2024-10-20 05:15:00,66986.9,67012.8,66887.5,67012.8,0.00041
2024-10-20 05:30:00,67012.8,67012.8,66878.4,67012.8,0.003057
2024-10-20 05:45:00,67012.8,67012.8,66886.2,67012.8,0.000368
2024-10-20 06:00:00,67012.8,67012.8,66750.0,67012.8,0.048359
2024-10-20 06:15:00,67012.8,67012.8,66997.0,67012.8,0.000454
2024-10-20 06:30:00,67012.8,67012.8,66855.5,66954.7,0.00255
2024-10-20 06:45:00,66954.7,67012.8,66750.0,66999.28,0.004409
2024-10-20 07:00:00,66999.28,67012.8,66976.7,67012.8,0.013055
2024-10-20 07:15:00,67012.8,67012.8,66939.6,66939.6,0.015013
2024-10-20 07:30:00,66939.6,67008.0,66785.0,66872.0,0.018594
2024-10-20 07:45:00,66872.0,66963.0,66829.1,66960.6,0.002451
2024-10-20 08:00:00,66960.6,67012.8,66960.6,67012.6,0.000262
2024-10-20 08:15:00,67012.6,67012.8,66991.8,67012.8,0.010656
2024-10-20 08:30:00,67012.8,67012.8,66700.0,67002.9,0.019432
2024-10-20 08:45:00,67002.9,67012.8,66700.0,66898.8,0.059489
2024-10-20 09:00:00,66898.8,66899.0,66785.0,66867.6,0.000748
2024-10-20 09:15:00,66867.6,66867.6,66781.11,66785.0,0.002522
2024-10-20 09:30:00,66785.0,67000.0,66686.93,66785.0,0.041487
2024-10-20 09:45:00,66785.0,67000.0,66785.0,67000.0,0.000577
2024-10-20 10:00:00,67000.0,67000.0,67000.0,67000.0,0.006233
2024-10-20 10:15:00,67000.0,67000.0,66784.9,66999.28,0.003357
2024-10-20 10:30:00,66999.28,67000.0,66785.0,67000.0,0.00352
2024-10-20 10:45:00,67000.0,67000.0,67000.0,67000.0,0.000548
2024-10-20 11:00:00,67000.0,67012.8,66686.93,67012.8,2.062847
2024-10-20 11:15:00,67012.8,67012.8,66686.93,67012.8,0.252043
2024-10-20 11:30:00,67012.8,67012.8,66994.0,67006.0,0.080563
2024-10-20 11:45:00,67006.0,67012.8,66686.93,66999.28,0.50772
2024-10-20 12:00:00,66999.28,66999.28,66999.28,66999.28,0.000964
2024-10-20 12:15:00,66999.28,67012.8,66686.93,66987.7,1.326931
2024-10-20 12:30:00,66987.7,67012.8,66700.0,66996.1,0.014407
2024-10-20 12:45:00,66996.1,68773.82,66700.0,68406.0,615.368442
2024-10-20 13:00:00,68406.0,68722.6,68406.0,68722.6,0.0412
2024-10-20 13:15:00,68722.6,68800.0,68509.84,68772.9,0.023585
2024-10-20 13:30:00,68772.9,68772.9,68406.0,68499.24,1.00422
2024-10-20 13:45:00,68499.24,68499.24,68499.24,68499.24,0.001231
2024-10-20 14:00:00,68499.24,68499.24,68499.24,68499.24,0.001404
2024-10-20 14:15:00,68499.24,68713.52,68406.0,68636.14,0.004333
2024-10-20 14:30:00,68636.14,68870.4,68636.14,68870.4,0.186299
2024-10-20 14:45:00,68870.4,68870.4,68406.0,68870.4,5.758176
2024-10-20 15:00:00,68870.4,68870.4,68605.56,68870.4,0.035968
2024-10-20 15:15:00,68870.4,69264.9,68406.0,69264.9,121.032495
2024-10-20 15:30:00,69264.9,69264.9,68935.36,69215.52,0.004075
2024-10-20 15:45:00,69215.52,69264.9,69077.15,69264.9,0.002036
2024-10-20 16:00:00,69264.9,69264.9,68870.4,68870.4,6.046604
2024-10-20 16:15:00,68870.4,69142.08,68870.4,69142.08,17.952188
2024-10-20 16:30:00,69142.08,69142.08,69142.08,69142.08,0.000242
2024-10-20 16:45:00,69142.08,69142.08,69142.08,69142.08,0.000344
2024-10-20 17:00:00,69142.08,70728.0,68233.6,69799.2,1691.517052
2024-10-20 17:15:00,69799.2,70000.0,69334.8,69700.0,128.359201
2024-10-20 17:30:00,69700.0,69700.0,69700.0,69700.0,0.000284
2024-10-20 17:45:00,69700.0,69799.2,69700.0,69799.2,0.078027
2024-10-20 18:00:00,69799.2,69799.2,69573.64,69799.2,0.000879
2024-10-20 18:15:00,69799.2,69799.2,69799.2,69799.2,0.303549
2024-10-20 18:30:00,69799.2,69799.2,69334.8,69400.0,0.868327
2024-10-20 18:45:00,69400.0,69786.4,69334.8,69570.64,0.208855
2024-10-20 19:00:00,69570.64,69570.64,69334.8,69334.8,0.057907
2024-10-20 19:15:00,69334.8,69799.2,69334.8,69334.8,2.044278
2024-10-20 19:30:00,69334.8,69570.64,69334.8,69570.64,0.132891
2024-10-20 19:45:00,69570.64,69570.64,69570.64,69570.64,0.000342
2024-10-20 20:00:00,69570.64,69573.64,69570.64,69573.64,0.000241
2024-10-20 20:15:00,69573.64,69573.64,69573.64,69573.64,0.000541
2024-10-20 20:30:00,69573.64,69573.64,69573.64,69573.64,0.000227
2024-10-20 20:45:00,69573.64,69573.64,69356.36,69573.64,0.001643
2024-10-20 21:00:00,69573.64,69573.64,69334.8,69570.64,0.002899
2024-10-20 21:15:00,69570.64,69573.64,69334.8,69570.64,0.010905
2024-10-20 21:30:00,69570.64,69573.64,69466.28,69573.64,0.001845
2024-10-20 21:45:00,69573.64,69700.0,69431.5,69700.0,0.029408
2024-10-20 22:00:00,69700.0,69700.0,69355.02,69573.64,0.038108
2024-10-20 22:15:00,69573.64,69700.0,69334.8,69570.64,0.046598
2024-10-20 22:30:00,69570.64,69750.0,69400.0,69750.0,0.022002
2024-10-20 22:45:00,69750.0,69770.69,69750.0,69770.69,0.000342
2024-10-20 23:00:00,69770.69,69770.69,69770.69,69770.69,0.000227
2024-10-20 23:15:00,69770.69,69770.69,69770.69,69770.69,0.002401
2024-10-20 23:30:00,69770.69,69770.69,69770.69,69770.69,0.000513
2024-10-20 23:45:00,69770.69,69770.69,69770.69,69770.69,0.000485
2024-10-21 00:00:00,69770.69,69770.69,69500.0,69500.0,0.004027
2024-10-21 00:15:00,69500.0,69770.69,69360.88,69467.26,0.096498
2024-10-21 00:30:00,69467.26,69700.0,69467.26,69700.0,0.015365
2024-10-21 00:45:00,69700.0,69700.0,69360.88,69573.64,0.016699
2024-10-21 01:00:00,69573.64,69700.0,69360.88,69360.88,0.023997
2024-10-21 01:15:00,69360.88,69573.64,69360.88,69573.64,0.000398
2024-10-21 01:30:00,69573.64,69573.64,69355.02,69570.64,0.003957
2024-10-21 01:45:00,69570.64,69573.64,69334.8,69573.64,0.042894
2024-10-21 02:00:00,69573.64,69737.23,69360.88,69400.0,0.041864
2024-10-21 02:15:00,69400.0,69658.14,69400.0,69658.14,0.000398
2024-10-21 02:30:00,69658.14,69658.14,69658.14,69658.14,0.000227
2024-10-21 02:45:00,69658.14,69658.14,69386.86,69658.14,0.013641
2024-10-21 03:00:00,69658.14,69700.0,69658.14,69700.0,0.000513
2024-10-21 03:15:00,69700.0,69700.0,69700.0,69700.0,0.000398
2024-10-21 03:30:00,69700.0,69700.0,69609.02,69700.0,0.001782
2024-10-21 03:45:00,69700.0,69700.0,69700.0,69700.0,0.000742
2024-10-21 04:00:00,69700.0,69700.0,69334.8,69570.64,1.000627
2024-10-21 04:15:00,69570.64,69570.64,69570.64,69570.64,0.000398
2024-10-21 04:30:00,69570.64,69570.64,69570.64,69570.64,0.000227
2024-10-21 04:45:00,69570.64,69570.64,69570.64,69570.64,0.000342
2024-10-21 05:00:00,69570.64,69573.64,69570.64,69573.64,0.000542
2024-10-21 05:15:00,69573.64,69573.64,69356.36,69573.64,0.001398
2024-10-21 05:30:00,69573.64,69573.64,69573.64,69573.64,0.000227
2024-10-21 05:45:00,69573.64,69770.69,69436.83,69750.0,0.07015
2024-10-21 06:00:00,69750.0,69770.69,69400.0,69567.89,0.009764
2024-10-21 06:15:00,69567.89,200000.0,27389.1,29850.0,125217.972574
2024-10-21 06:30:00,29850.0,70124.49,26981.6,69799.2,40187.701122
2024-10-21 06:45:00,69799.2,70124.49,69799.2,70060.08,2.612235
2024-10-21 07:00:00,70060.08,70060.08,69799.2,69940.01,0.031558
2024-10-21 07:15:00,69940.01,70124.49,69799.2,70124.49,0.601564
2024-10-21 07:30:00,70124.49,70124.49,69799.2,69879.45,0.457774
2024-10-21 07:45:00,69879.45,70124.49,69817.66,70124.49,0.0275
2024-10-21 08:00:00,70124.49,70124.49,70001.97,70124.49,0.004739
2024-10-21 08:15:00,70124.49,70124.49,69817.66,70100.76,0.007367
2024-10-21 08:30:00,70100.76,70124.49,70100.76,70120.76,0.001838
2024-10-21 08:45:00,70120.76,70124.49,70120.76,70120.76,0.102066
2024-10-21 09:00:00,70120.76,70124.49,70120.76,70124.49,0.012724
2024-10-21 09:15:00,70124.49,70124.49,70120.76,70124.49,0.007183
2024-10-21 09:30:00,70124.49,70124.49,69817.66,70100.76,0.060852
2024-10-21 09:45:00,70100.76,70100.76,69799.2,70060.08,0.148803
2024-10-21 10:00:00,70060.08,70100.76,67963.39,68395.46,614.3479
2024-10-21 10:15:00,68395.46,70124.49,67717.95,68500.0,1835.000283
2024-10-21 10:30:00,68500.0,71167.54,67717.95,68408.87,4009.998677
2024-10-21 10:45:00,68408.87,68638.2,68330.28,68551.59,0.110236
2024-10-21 11:00:00,68551.59,68551.59,68297.08,68551.59,0.010335
2024-10-21 11:15:00,68551.59,68605.56,68371.55,68371.55,0.003784
2024-10-21 11:30:00,68371.55,68605.56,68311.66,68551.59,0.048966
2024-10-21 11:45:00,68551.59,68551.59,68200.0,68499.24,0.052953
2024-10-21 12:00:00,68499.24,68499.24,68187.23,68499.24,0.005679
2024-10-21 12:15:00,68499.24,68500.0,68187.23,68200.09,0.028054
2024-10-21 12:30:00,68200.09,68509.84,68173.8,68173.8,0.235557
2024-10-21 12:45:00,68173.8,68549.54,68173.8,68408.87,1.008824
2024-10-21 13:00:00,68408.87,68500.0,68408.87,68500.0,0.018334
2024-10-21 13:15:00,68500.0,68509.84,68200.0,68509.84,0.02344
2024-10-21 13:30:00,68509.84,68509.84,66686.93,67012.8,650.538105
2024-10-21 13:45:00,67012.8,67012.8,66686.93,67012.8,0.10486
2024-10-21 14:00:00,67012.8,67012.8,66781.11,67012.8,0.031979
2024-10-21 14:15:00,67012.8,67012.8,67012.8,67012.8,0.009323
2024-10-21 14:30:00,67012.8,67012.8,66686.93,66999.28,1.057263
2024-10-21 14:45:00,66999.28,67012.8,66686.93,67012.8,0.124165
2024-10-21 15:00:00,67012.8,67012.8,66700.0,66999.28,0.024567
2024-10-21 15:15:00,66999.28,66999.28,66898.78,66999.28,0.001904
2024-10-21 15:30:00,66999.28,67012.8,66686.93,66999.28,0.02305
2024-10-21 15:45:00,66999.28,67000.0,66999.28,67000.0,0.020885
2024-10-21 16:00:00,67000.0,67012.8,66686.93,67012.8,15.157244
2024-10-21 16:15:00,67012.8,67012.8,67012.8,67012.8,0.00041
2024-10-21 16:30:00,67012.8,67012.8,66686.93,66999.28,0.116353
2024-10-21 16:45:00,66999.28,66999.28,66686.93,66909.94,0.104748
2024-10-21 17:00:00,66909.94,66943.36,66742.84,66943.36,0.006261
2024-10-21 17:15:00,66943.36,67000.0,66943.36,67000.0,0.031155
2024-10-21 17:30:00,67000.0,67012.8,66686.93,66999.28,0.089781
2024-10-21 17:45:00,66999.28,67012.8,66999.28,67012.8,0.031242
2024-10-21 18:00:00,67012.8,67012.8,67012.8,67012.8,0.000233
2024-10-21 18:15:00,67012.8,67012.8,66686.93,67012.8,0.089917
2024-10-21 18:30:00,67012.8,67012.8,66686.93,66999.28,0.061314
2024-10-21 18:45:00,66999.28,66999.28,66999.28,66999.28,0.000444
2024-10-21 19:00:00,66999.28,67000.0,66999.28,67000.0,0.015552
2024-10-21 19:15:00,67000.0,67012.8,66700.0,67012.8,0.032915
2024-10-21 19:30:00,67012.8,67012.8,67012.8,67012.8,0.000773
